 $DATA  
anthracene opt C2H gaussian                                                     
C1       0
C           6.0      0.0000000000      0.0000000000      0.0000000000
   N31     6
   D       1
     1              0.8000000000  1.00000000
        
C           6.0      1.3940000000      0.0000000000      0.0000000000
   N31     6
   D       1
     1              0.8000000000  1.00000000
        
C           6.0      2.0909900000      1.2072400000     -0.0000000000
   N31     6
   D       1
     1              0.8000000000  1.00000000
        
C           6.0      1.3939800000      2.4144800000     -0.0000000000
   N31     6
   D       1
     1              0.8000000000  1.00000000
        
C           6.0     -0.0000200000      2.4144700000      0.0000000000
   N31     6
   D       1
     1              0.8000000000  1.00000000
        
C           6.0     -0.6970100000      1.2072300000      0.0000000000
   N31     6
   D       1
     1              0.8000000000  1.00000000
        
H           1.0      1.9367500000     -0.9400700000     -0.0000000000
   N31     6
        
H           1.0      3.1764900000      1.2072500000     -0.0000000000
   N31     6
        
H           1.0      1.9367200000      3.3545500000     -0.0000000000
   N31     6
        
H           1.0     -1.7825100000      1.2072200000      0.0000000000
   N31     6
        
H           1.0     -0.5427800000      3.3545400000      0.0000000000
   N31     6
        
H           1.0     -0.5427400000     -0.9400700000      0.0000000000
   N31     6
        
 $END      
--- NATURAL ORBITALS OF MCSCF --- GENERATED AT 17:23:40 13-JAN-2025    
anthracene opt C2H gaussian                                                     
E(MCSCF)=     -230.7760068911, E(NUC)=      203.5533822373
 $VEC   
 1  1 4.05739609E-01 1.11478913E-02-1.60550159E-05-2.77380488E-05-0.00000000E+00
 1  2-2.19017518E-03 1.60850587E-04 2.77958232E-04-0.00000000E+00-9.71034587E-04
 1  3-9.46619148E-04-1.10606795E-03 2.43851092E-05-0.00000000E+00-0.00000000E+00
 1  4 4.06184708E-01 1.11603973E-02 1.58754671E-05-2.77366784E-05-0.00000000E+00
 1  5-2.19478470E-03-1.59421700E-04 2.78293659E-04-0.00000000E+00-9.71887233E-04
 1  6-9.47586141E-04-1.10716530E-03-2.43643718E-05-0.00000000E+00-0.00000000E+00
 1  7 4.06613002E-01 1.11723969E-02 3.18865132E-05-6.35039935E-08-0.00000000E+00
 1  8-2.19846419E-03-3.20521818E-04 5.34259758E-07-0.00000000E+00-9.36350615E-04
 1  9-9.85011433E-04-1.10822822E-03 1.33860592E-08-0.00000000E+00-0.00000000E+00
 1 10 4.06622633E-01 1.11726503E-02 1.59271119E-05 2.76473103E-05-0.00000000E+00
 1 11-2.19762585E-03-1.60189776E-04-2.77978113E-04-0.00000000E+00-9.72958633E-04
 1 12-9.48610608E-04-1.10827066E-03 2.43662414E-05-0.00000000E+00-0.00000000E+00
 1 13 4.06400580E-01 1.11664461E-02-1.60446335E-05 2.75895770E-05-0.00000000E+00
 1 14-2.19682941E-03 1.61019080E-04-2.77170983E-04-0.00000000E+00-9.72374618E-04
 1 15-9.48018349E-04-1.10769737E-03-2.43212592E-05-0.00000000E+00-0.00000000E+00
 1 16 4.05921906E-01 1.11530099E-02-3.20061684E-05-8.68476596E-08-0.00000000E+00
 1 17-2.19230227E-03 3.20903923E-04 8.16060170E-07-0.00000000E+00-9.34807507E-04
 1 18-9.83537180E-04-1.10651013E-03-2.87661395E-08-0.00000000E+00-0.00000000E+00
 1 19-1.05419780E-04 8.28856759E-04-1.05519418E-04 8.29527549E-04-1.05531603E-04
 1 20 8.29576117E-04-1.05360310E-04 8.28448951E-04-1.05466230E-04 8.29181498E-04
 1 21-1.05326275E-04 8.28176404E-04
 2  1-6.33943184E-02-1.77885568E-03 1.13264131E-04-7.76658665E-05-0.00000000E+00
 2  2 5.47306669E-04-1.03957373E-03 6.31912274E-04-0.00000000E+00 1.60724777E-04
 2  3 1.18680961E-04 1.58469618E-04 1.80549227E-05-0.00000000E+00-0.00000000E+00
 2  4-5.26251729E-01-1.47666177E-02 9.20337155E-05-4.87826574E-05-0.00000000E+00
 2  5 4.54922994E-03-5.40681087E-04-4.62489800E-05-0.00000000E+00 1.13746908E-03
 2  6 1.18098452E-03 1.31545489E-03-1.91686194E-05-0.00000000E+00-0.00000000E+00
 2  7-4.62956286E-01-1.29905630E-02 7.76912886E-05-8.16678131E-05-0.00000000E+00
 2  8 4.00341169E-03-2.02890995E-04 7.25445290E-04-0.00000000E+00 1.04190264E-03
 2  9 9.97368605E-04 1.15720522E-03 1.79331412E-05-0.00000000E+00-0.00000000E+00
 2 10 6.36486064E-02 1.78593200E-03 1.13302608E-04-7.77313368E-05-0.00000000E+00
 2 11-5.50165802E-04-1.03999101E-03 6.32469236E-04-0.00000000E+00-1.61245205E-04
 2 12-1.19106722E-04-1.59111178E-04-1.81263710E-05-0.00000000E+00-0.00000000E+00
 2 13 5.26577669E-01 1.47757186E-02 9.20180476E-05-4.88710250E-05-0.00000000E+00
 2 14-4.55331452E-03-5.40437573E-04-4.55304001E-05-0.00000000E+00-1.13806755E-03
 2 15-1.18154065E-03-1.31626097E-03 1.92525270E-05-0.00000000E+00-0.00000000E+00
 2 16 4.62745455E-01 1.29845313E-02 7.75607783E-05-8.16742017E-05-0.00000000E+00
 2 17-3.99845874E-03-2.01821642E-04 7.25534359E-04-0.00000000E+00-1.04162476E-03
 2 18-9.97286653E-04-1.15676469E-03-1.79453119E-05-0.00000000E+00-0.00000000E+00
 2 19 1.19903359E-04-8.29481696E-04 1.05456707E-04-7.29734176E-04-1.44951027E-05
 2 20 1.00382391E-04-1.05440078E-04 7.29500985E-04-1.19961215E-04 8.30018773E-04
 2 21 1.44450082E-05-9.99366691E-05
 3  1 5.71302021E-01 1.60304620E-02 6.10329890E-05 7.52658847E-05 0.00000000E+00
 3  2-4.93556776E-03-2.41454818E-04-1.47801713E-04 0.00000000E+00-1.24245358E-03
 3  3-1.27480092E-03-1.42819084E-03-2.56909592E-05 0.00000000E+00 0.00000000E+00
 3  4 2.31037208E-01 6.48276628E-03 8.99437013E-05 9.66290058E-05 0.00000000E+00
 3  5-1.99846366E-03-9.20089532E-04-6.48474660E-04 0.00000000E+00-5.24050336E-04
 3  6-4.93568058E-04-5.77550930E-04 2.49494532E-05 0.00000000E+00 0.00000000E+00
 3  7-3.40303901E-01-9.54913230E-03 5.71688671E-05 1.11020686E-04 0.00000000E+00
 3  8 2.94407720E-03-1.49825698E-04-9.86217261E-04 0.00000000E+00 7.65872771E-04
 3  9 7.33115328E-04 8.50555350E-04-2.44305284E-05 0.00000000E+00 0.00000000E+00
 3 10-5.70919812E-01-1.60201397E-02 6.11259425E-05 7.53805821E-05 0.00000000E+00
 3 11 4.93655417E-03-2.42318124E-04-1.48787248E-04 0.00000000E+00 1.24121916E-03
 3 12 1.27372558E-03 1.42703662E-03 2.57712344E-05 0.00000000E+00 0.00000000E+00
 3 13-2.30152000E-01-6.45825092E-03 8.99931357E-05 9.66141654E-05 0.00000000E+00
 3 14 1.99093663E-03-9.20497007E-04-6.48503138E-04 0.00000000E+00 5.22219138E-04
 3 15 4.91659398E-04 5.75227817E-04-2.49502563E-05 0.00000000E+00 0.00000000E+00
 3 16 3.40978726E-01 9.56769663E-03 5.71281469E-05 1.10963621E-04 0.00000000E+00
 3 17-2.94803639E-03-1.49388147E-04-9.85604436E-04 0.00000000E+00-7.67411217E-04
 3 18-7.34709033E-04-8.52386997E-04 2.43497470E-05 0.00000000E+00 0.00000000E+00
 3 19-5.26430573E-05 3.64229025E-04 7.75284262E-05-5.36177029E-04 1.30049404E-04
 3 20-8.99860794E-04-7.76982900E-05 5.37539961E-04 5.24393116E-05-3.62558685E-04
 3 21-1.30175265E-04 9.00792848E-04
 4  1-6.36489040E-02-1.79831296E-03-1.16154177E-04 4.00424549E-05 0.00000000E+00
 4  2 1.07810614E-03 1.14224674E-03-4.43238097E-04 0.00000000E+00-2.21184913E-05
 4  3 2.03189895E-04 1.49134088E-04-5.22103770E-05 0.00000000E+00 0.00000000E+00
 4  4 5.26797066E-01 1.48838473E-02-5.47334250E-05 1.92107746E-04 0.00000000E+00
 4  5-8.91837625E-03 3.50228637E-04-1.58353404E-03 0.00000000E+00-7.20134904E-04
 4  6-7.78317230E-04-1.23438940E-03 1.70218161E-04 0.00000000E+00 0.00000000E+00
 4  7-4.63050406E-01-1.30827930E-02 1.70330421E-04 7.19035534E-05 0.00000000E+00
 4  8 7.84109858E-03-1.35995601E-03-7.21832400E-04 0.00000000E+00 7.83431494E-04
 4  9 5.33332538E-04 1.08497941E-03-8.27346101E-05 0.00000000E+00 0.00000000E+00
 4 10-6.34032320E-02-1.79131650E-03 1.16044355E-04-4.00800015E-05 0.00000000E+00
 4 11 1.07230442E-03-1.14076753E-03 4.44443365E-04 0.00000000E+00-2.24358778E-05
 4 12 2.02806045E-04 1.48589271E-04-5.22573459E-05 0.00000000E+00 0.00000000E+00
 4 13 5.26459393E-01 1.48742476E-02 5.46282664E-05-1.92049436E-04 0.00000000E+00
 4 14-8.91174613E-03-3.48838361E-04 1.58221929E-03 0.00000000E+00-7.19609139E-04
 4 15-7.77726676E-04-1.23360904E-03 1.70177056E-04 0.00000000E+00 0.00000000E+00
 4 16-4.63246429E-01-1.30882022E-02-1.70317255E-04-7.18924405E-05 0.00000000E+00
 4 17 7.83912277E-03 1.35836005E-03 7.21711113E-04 0.00000000E+00 7.84028769E-04
 4 18 5.33980422E-04 1.08554350E-03-8.27251414E-05 0.00000000E+00 0.00000000E+00
 4 19-7.59766263E-05 7.63710229E-04 6.67662322E-05-6.71263787E-04 9.12519703E-06
 4 20-9.20632635E-05 6.67934012E-05-6.71844446E-04-7.58789551E-05 7.63441997E-04
 4 21 9.19684330E-06-9.21812428E-05
 5  1 5.71302352E-01 1.61409703E-02 9.33780461E-05 1.88571227E-04 0.00000000E+00
 5  2-9.66290596E-03-7.19707768E-04-1.51594789E-03 0.00000000E+00-7.47345218E-04
 5  3-8.78384743E-04-1.33885328E-03-1.61889522E-04 0.00000000E+00 0.00000000E+00
 5  4-2.30227585E-01-6.50455641E-03 1.38579194E-04-1.77459147E-05 0.00000000E+00
 5  5 3.89229767E-03-1.30262773E-03 2.47233480E-05 0.00000000E+00 2.00508116E-04
 5  6 4.54499608E-04 5.39558268E-04 1.75561005E-06 0.00000000E+00 0.00000000E+00
 5  7-3.41011910E-01-9.63496898E-03 1.25484547E-04-9.76807119E-05 0.00000000E+00
 5  8 5.77973146E-03-1.00435286E-03 9.80721980E-04 0.00000000E+00 5.76823086E-04
 5  9 3.92614984E-04 7.98921810E-04 1.12445273E-04 0.00000000E+00 0.00000000E+00
 5 10 5.71683427E-01 1.61521723E-02-9.35596671E-05-1.88815992E-04 0.00000000E+00
 5 11-9.68472222E-03 7.24271974E-04 1.52325469E-03 0.00000000E+00-7.47123880E-04
 5 12-8.78376998E-04-1.33944840E-03-1.62082969E-04 0.00000000E+00 0.00000000E+00
 5 13-2.31126062E-01-6.53031409E-03-1.38741685E-04 1.81051322E-05 0.00000000E+00
 5 14 3.91861601E-03 1.30676666E-03-3.25467775E-05 0.00000000E+00 2.01432689E-04
 5 15 4.55645015E-04 5.41457780E-04 1.51979146E-06 0.00000000E+00 0.00000000E+00
 5 16-3.40348755E-01-9.61583575E-03-1.25137007E-04 9.77554568E-05 0.00000000E+00
 5 17 5.75549466E-03 9.95625258E-04-9.81352680E-04 0.00000000E+00 5.76091637E-04
 5 18 3.92324251E-04 7.97614698E-04 1.12457513E-04 0.00000000E+00 0.00000000E+00
 5 19 3.31111244E-05-3.34411666E-04 4.92311691E-05-4.93786259E-04-8.24924617E-05
 5 20 8.28295520E-04 4.89985164E-05-4.94094681E-04 3.33970247E-05-3.34466040E-04
 5 21-8.23220739E-05 8.29043774E-04
 6  1 4.07236651E-01 1.17712641E-02 1.09988388E-04 1.90574470E-04 0.00000000E+00
 6  2-1.51712693E-02-2.73927758E-03-4.74530675E-03 0.00000000E+00-2.33193600E-04
 6  3-3.70495043E-04-8.01290141E-04-1.37369329E-04 0.00000000E+00 0.00000000E+00
 6  4-4.06796934E-01-1.17588616E-02 1.10040888E-04-1.90383927E-04 0.00000000E+00
 6  5 1.51645901E-02-2.74000818E-03 4.74373884E-03 0.00000000E+00 2.32436989E-04
 6  6 3.69860221E-04 8.00242027E-04-1.37199487E-04 0.00000000E+00 0.00000000E+00
 6  7 4.06367487E-01 1.17467012E-02-2.19733452E-04-5.86275462E-08 0.00000000E+00
 6  8-1.51571747E-02 5.47684592E-03 6.17652439E-07 0.00000000E+00-4.37679821E-04
 6  9-1.63411562E-04-7.99233429E-04 7.33829557E-08 0.00000000E+00 0.00000000E+00
 6 10-4.06354875E-01-1.17463215E-02 1.09878377E-04 1.90259067E-04 0.00000000E+00
 6 11 1.51561262E-02-2.73851302E-03-4.74273991E-03 0.00000000E+00 2.32013333E-04
 6 12 3.69175650E-04 7.99214543E-04 1.37090500E-04 0.00000000E+00 0.00000000E+00
 6 13 4.06588942E-01 1.17529722E-02 1.09836121E-04-1.90416663E-04 0.00000000E+00
 6 14-1.51611809E-02-2.73805201E-03 4.74414071E-03 0.00000000E+00-2.32325301E-04
 6 15-3.69360911E-04-7.99750832E-04 1.37261043E-04 0.00000000E+00 0.00000000E+00
 6 16-4.07064803E-01-1.17664306E-02-2.19993860E-04 7.60731604E-08 0.00000000E+00
 6 17 1.51689767E-02 5.47893422E-03-7.35829512E-07 0.00000000E+00 4.38871423E-04
 6 18 1.64224168E-04 8.00873682E-04 8.07009764E-08 0.00000000E+00 0.00000000E+00
 6 19 1.44107665E-04 2.06318127E-04-1.44042273E-04-2.06915710E-04 1.44052872E-04
 6 20 2.06933598E-04 1.44146664E-04 2.05924049E-04-1.44070167E-04-2.06597175E-04
 6 21-1.44175766E-04-2.05639779E-04
 7  1-9.23026489E-02 1.74496403E-01 2.98288350E-02 5.16667059E-02-0.00000000E+00
 7  2 1.11497914E-01 3.59318318E-03 6.22362839E-03-0.00000000E+00 7.74770479E-03
 7  3 6.40650483E-03-8.23176792E-03-1.34128144E-03-0.00000000E+00-0.00000000E+00
 7  4-9.23020517E-02 1.74495633E-01-2.98300315E-02 5.16666921E-02-0.00000000E+00
 7  5 1.11495535E-01-3.59246242E-03 6.22202969E-03-0.00000000E+00 7.74756221E-03
 7  6 6.40636518E-03-8.23168289E-03 1.34113915E-03-0.00000000E+00-0.00000000E+00
 7  7-9.23011113E-02 1.74493676E-01-5.96589903E-02-1.98567147E-06-0.00000000E+00
 7  8 1.11495567E-01-7.18545289E-03-1.56646583E-07-0.00000000E+00 5.73578380E-03
 7  9 8.41819791E-03-8.23160192E-03 1.40543489E-07-0.00000000E+00-0.00000000E+00
 7 10-9.23007459E-02 1.74493025E-01-2.98296529E-02-5.16655523E-02-0.00000000E+00
 7 11 1.11495013E-01-3.59286111E-03-6.22329144E-03-0.00000000E+00 7.74764289E-03
 7 12 6.40636780E-03-8.23159952E-03-1.34109781E-03-0.00000000E+00-0.00000000E+00
 7 13-9.23019119E-02 1.74495310E-01 2.98290176E-02-5.16673214E-02-0.00000000E+00
 7 14 1.11496462E-01 3.59263906E-03-6.22270153E-03-0.00000000E+00 7.74746948E-03
 7 15 6.40645761E-03-8.23170093E-03 1.34133048E-03-0.00000000E+00-0.00000000E+00
 7 16-9.23026834E-02 1.74496717E-01 5.96599482E-02 4.37456602E-07-0.00000000E+00
 7 17 1.11496236E-01 7.18455535E-03-2.57680635E-08-0.00000000E+00 5.73583549E-03
 7 18 8.41819387E-03-8.23170932E-03-1.63607742E-08-0.00000000E+00-0.00000000E+00
 7 19 3.50122195E-02 4.14852161E-03 3.50119449E-02 4.14867978E-03 3.50121238E-02
 7 20 4.14904998E-03 3.50124650E-02 4.14844388E-03 3.50118773E-02 4.14866091E-03
 7 21 3.50129484E-02 4.14920594E-03
 8  1-1.31307281E-02 2.52333602E-02 1.00042189E-01-5.44928671E-02 0.00000000E+00
 8  2 1.96557087E-02 1.46692728E-02-8.98706471E-03 0.00000000E+00 9.79801409E-03
 8  3-7.96508138E-03-1.01631610E-03 5.74141887E-03 0.00000000E+00 0.00000000E+00
 8  4-1.16988103E-01 2.24816431E-01 2.79171059E-02 4.52178865E-02 0.00000000E+00
 8  5 1.75120514E-01 8.11722453E-03 7.02284903E-05 0.00000000E+00 5.14418275E-03
 8  6 1.11853045E-02-9.05474618E-03 3.61496545E-03 0.00000000E+00 0.00000000E+00
 8  7-1.03856787E-01 1.99581992E-01-2.23718902E-02-6.71009177E-02 0.00000000E+00
 8  8 1.55464956E-01 3.54853053E-03-1.01323965E-02 0.00000000E+00 6.18200017E-03
 8  9 8.31460766E-03-8.03840864E-03 6.92434075E-03 0.00000000E+00 0.00000000E+00
 8 10 1.31309429E-02-2.52337505E-02 1.00040335E-01-5.44913672E-02 0.00000000E+00
 8 11-1.96560383E-02 1.46688782E-02-8.98688711E-03 0.00000000E+00-9.79781138E-03
 8 12 7.96507766E-03 1.01631804E-03-5.74145045E-03 0.00000000E+00 0.00000000E+00
 8 13 1.16986800E-01-2.24813784E-01 2.79172263E-02 4.52182769E-02 0.00000000E+00
 8 14-1.75118973E-01 8.11712055E-03 7.05895872E-05 0.00000000E+00-5.14419251E-03
 8 15-1.11851542E-02 9.05464190E-03-3.61505913E-03 0.00000000E+00 0.00000000E+00
 8 16 1.03856877E-01-1.99581991E-01-2.23718653E-02-6.70992852E-02 0.00000000E+00
 8 17-1.55464559E-01 3.54886015E-03-1.01324119E-02 0.00000000E+00-6.18200063E-03
 8 18-8.31456973E-03 8.03842144E-03-6.92421005E-03 0.00000000E+00 0.00000000E+00
 8 19 6.95440564E-02 1.42007933E-02 6.17380518E-02 1.26069979E-02-7.80582852E-03
 8 20-1.59397124E-03-6.17380528E-02-1.26069015E-02-6.95426483E-02-1.42006483E-02
 8 21 7.80583512E-03 1.59405379E-03
 9  1 1.27504010E-01-2.45024885E-01-3.57402545E-03-2.96486541E-02 0.00000000E+00
 9  2-1.90862366E-01 3.71237277E-03 2.88791158E-03 0.00000000E+00-8.64542994E-03
 9  3-9.15200431E-03 9.86865239E-03 1.91418038E-03 0.00000000E+00 0.00000000E+00
 9  4 5.23794352E-02-1.00657707E-01 9.61329484E-02 4.24746356E-02 0.00000000E+00
 9  5-7.84076440E-02 1.27703581E-02 9.43953362E-03 0.00000000E+00-1.20117200E-02
 9  6 4.70027507E-03 4.05411937E-03 4.85362615E-03 0.00000000E+00 0.00000000E+00
 9  7-7.51237349E-02 1.44365596E-01-1.61826893E-02 9.27616513E-02 0.00000000E+00
 9  8 1.12454067E-01 2.56672153E-03 1.40081205E-02 0.00000000E+00 4.47195762E-03
 9  9 6.01424290E-03-5.81450342E-03-9.57248550E-03 0.00000000E+00 0.00000000E+00
 9 10-1.27504866E-01 2.45026507E-01-3.57656422E-03-2.96485453E-02 0.00000000E+00
 9 11 1.90864528E-01 3.71192105E-03 2.88746748E-03 0.00000000E+00 8.64567541E-03
 9 12 9.15207686E-03-9.86872541E-03-1.91396681E-03 0.00000000E+00 0.00000000E+00
 9 13-5.23813756E-02 1.00661591E-01 9.61337446E-02 4.24744956E-02 0.00000000E+00
 9 14 7.84101452E-02 1.27699886E-02 9.44008986E-03 0.00000000E+00 1.20118537E-02
 9 15-4.70036912E-03-4.05424940E-03-4.85351021E-03 0.00000000E+00 0.00000000E+00
 9 16 7.51233394E-02-1.44364805E-01-1.61826519E-02 9.27633707E-02 0.00000000E+00
 9 17-1.12453034E-01 2.56735049E-03 1.40081887E-02 0.00000000E+00-4.47186107E-03
 9 18-6.01401643E-03 5.81445002E-03 9.57262043E-03 0.00000000E+00 0.00000000E+00
 9 19-3.11376087E-02-6.35855897E-03 4.46580772E-02 9.11945844E-03 7.57972218E-02
 9 20 1.54780866E-02-4.46577520E-02-9.11909306E-03 3.11381672E-02 6.35845060E-03
 9 21-7.57968888E-02-1.54778720E-02
10  1-9.87998375E-02 1.96124651E-01-2.63500750E-03-7.12892139E-02 0.00000000E+00
10  2 1.67330626E-01-2.07996946E-02-5.31020065E-02 0.00000000E+00 4.85953584E-03
10  3 6.76063000E-03-6.70890794E-03 5.91712092E-03 0.00000000E+00 0.00000000E+00
10  4 3.52670170E-02-7.00075574E-02-1.77187800E-01-7.63119483E-02 0.00000000E+00
10  5-5.97293790E-02-5.25269151E-02-7.08559246E-03 0.00000000E+00 7.45300713E-03
10  6-1.16006991E-02 2.39473546E-03-4.01291452E-03 0.00000000E+00 0.00000000E+00
10  7 6.35325879E-02-1.26116804E-01-4.05465819E-02 1.58241999E-01 0.00000000E+00
10  8-1.07600095E-01-3.62599988E-02 4.04945573E-02 0.00000000E+00-6.89515751E-03
10  9-5.76883746E-04 4.31406782E-03-9.52510441E-03 0.00000000E+00 0.00000000E+00
10 10-9.88000209E-02 1.96125168E-01 2.63462467E-03 7.12892637E-02 0.00000000E+00
10 11 1.67330706E-01 2.07997256E-02 5.31022621E-02 0.00000000E+00 4.85953966E-03
10 12 6.76064108E-03-6.70890202E-03 5.91724785E-03 0.00000000E+00 0.00000000E+00
10 13 3.52674205E-02-7.00084363E-02 1.77188409E-01 7.63130308E-02 0.00000000E+00
10 14-5.97297747E-02 5.25276455E-02 7.08544412E-03 0.00000000E+00 7.45290059E-03
10 15-1.16007435E-02 2.39479239E-03-4.01279370E-03 0.00000000E+00 0.00000000E+00
10 16 6.35325703E-02-1.26116686E-01 4.05466485E-02-1.58243147E-01 0.00000000E+00
10 17-1.07600458E-01 3.62596621E-02-4.04945332E-02 0.00000000E+00-6.89523032E-03
10 18-5.76994100E-04 4.31408987E-03-9.52515733E-03 0.00000000E+00 0.00000000E+00
10 19-3.96879721E-02-1.27086085E-02-7.14974198E-02-2.28942593E-02 1.11188637E-01
10 20 3.56042453E-02-7.14974702E-02-2.28944118E-02-3.96885360E-02-1.27086950E-02
10 21 1.11188386E-01 3.56042048E-02
11  1 1.63189940E-02-3.23943410E-02 1.80132775E-01-9.19724515E-02-0.00000000E+00
11  2-2.76386151E-02 4.94210518E-02-1.77785322E-02-0.00000000E+00 8.56449061E-03
11  3-1.04836908E-02 1.10810628E-03 5.26751706E-03-0.00000000E+00-0.00000000E+00
11  4-9.37223877E-02 1.86045470E-01-3.25343318E-02-8.78514409E-02-0.00000000E+00
11  5 1.58731608E-01 1.07658426E-02-5.55492670E-02-0.00000000E+00 6.43619042E-03
11  6 4.58690951E-03-6.36408314E-03-6.83060127E-03-0.00000000E+00-0.00000000E+00
11  7 7.74042635E-02-1.53652898E-01-4.93994380E-02-1.29884616E-01-0.00000000E+00
11  8-1.31095224E-01-4.41761483E-02-3.32385926E-02-0.00000000E+00-8.40125576E-03
11  9-7.02746147E-04 5.25602800E-03 7.81796449E-03-0.00000000E+00-0.00000000E+00
11 10 1.63190915E-02-3.23945143E-02-1.80132048E-01 9.19708688E-02-0.00000000E+00
11 11-2.76383874E-02-4.94212534E-02 1.77781676E-02-0.00000000E+00 8.56446673E-03
11 12-1.04839940E-02 1.10811739E-03 5.26763919E-03-0.00000000E+00-0.00000000E+00
11 13-9.37226346E-02 1.86045925E-01 3.25320703E-02 8.78487295E-02-0.00000000E+00
11 14 1.58731790E-01-1.07672872E-02 5.55486298E-02-0.00000000E+00 6.43629277E-03
11 15 4.58680507E-03-6.36404413E-03-6.83037820E-03-0.00000000E+00-0.00000000E+00
11 16 7.74028144E-02-1.53649905E-01 4.93980208E-02 1.29887323E-01-0.00000000E+00
11 17-1.31091869E-01 4.41762051E-02 3.32386715E-02-0.00000000E+00-8.40099759E-03
11 18-7.02659756E-04 5.25590380E-03 7.81815376E-03-0.00000000E+00-0.00000000E+00
11 19 1.05473756E-01 3.37745592E-02-8.71098067E-02-2.78944025E-02-1.83655812E-02
11 20-5.88105298E-03-8.71078654E-02-2.78932292E-02 1.05472596E-01 3.37741560E-02
11 21-1.83649476E-02-5.88071189E-03
12  1 7.73093389E-03-1.34766115E-02 9.63556946E-02 1.66896202E-01 0.00000000E+00
12  2-3.36787569E-02 3.59125624E-02 6.22035395E-02 0.00000000E+00-1.24540268E-03
12  3-3.89479557E-03 5.04546207E-04-2.64928525E-03 0.00000000E+00 0.00000000E+00
12  4 7.73328582E-03-1.34811458E-02-9.63591672E-02 1.66895908E-01 0.00000000E+00
12  5-3.36831450E-02-3.59145132E-02 6.22053053E-02 0.00000000E+00-1.24545842E-03
12  6-3.89509081E-03 5.04674474E-04 2.64936354E-03 0.00000000E+00 0.00000000E+00
12  7 7.73197383E-03-1.34785572E-02-1.92712071E-01-4.27395936E-07 0.00000000E+00
12  8-3.36815742E-02-7.18260655E-02-1.27179374E-08 0.00000000E+00-5.21936039E-03
12  9 7.90374924E-05 5.04589121E-04-4.99181439E-08 0.00000000E+00 0.00000000E+00
12 10 7.73260786E-03-1.34799262E-02-9.63555731E-02-1.66895918E-01 0.00000000E+00
12 11-3.36813758E-02-3.59131399E-02-6.22044509E-02 0.00000000E+00-1.24529822E-03
12 12-3.89496684E-03 5.04648957E-04-2.64951389E-03 0.00000000E+00 0.00000000E+00
12 13 7.73222676E-03-1.34789210E-02 9.63580552E-02-1.66891416E-01 0.00000000E+00
12 14-3.36823796E-02 3.59140363E-02-6.22029192E-02 0.00000000E+00-1.24575350E-03
12 15-3.89468550E-03 5.04572599E-04 2.64912652E-03 0.00000000E+00 0.00000000E+00
12 16 7.73325675E-03-1.34810754E-02 1.92715559E-01-8.32821369E-07 0.00000000E+00
12 17-3.36835462E-02 7.18283612E-02 1.97009511E-08 0.00000000E+00-5.21971127E-03
12 18 7.91507970E-05 5.04664403E-04-2.37603085E-07 0.00000000E+00 0.00000000E+00
12 19-1.11087713E-01-6.68436995E-02-1.11084475E-01-6.68422171E-02-1.11086369E-01
12 20-6.68428880E-02-1.11087592E-01-6.68436642E-02-1.11084063E-01-6.68419672E-02
12 21-1.11084947E-01-6.68425801E-02
13  1-5.60173603E-02 1.14491642E-01-6.53129085E-02-1.13133416E-01-0.00000000E+00
13  2 5.96521502E-02-6.45934624E-02-1.11883912E-01-0.00000000E+00-4.68344660E-03
13  3 1.09655137E-02-3.24328308E-03 1.56486585E-02-0.00000000E+00-0.00000000E+00
13  4 5.60178444E-02-1.14492940E-01-6.53129750E-02 1.13121006E-01-0.00000000E+00
13  5-5.96537207E-02-6.45945713E-02 1.11879627E-01-0.00000000E+00 4.68324718E-03
13  6-1.09651320E-02 3.24322750E-03 1.56484023E-02-0.00000000E+00-0.00000000E+00
13  7-5.60176025E-02 1.14492083E-01 1.30628366E-01 4.62397764E-06-0.00000000E+00
13  8 5.96531063E-02 1.29189800E-01 2.01685284E-06-0.00000000E+00 1.87895451E-02
13  9-1.25075189E-02-3.24322420E-03 8.94379763E-08-0.00000000E+00-0.00000000E+00
13 10 5.60171595E-02-1.14491642E-01-6.53139570E-02-1.13128526E-01-0.00000000E+00
13 11-5.96520903E-02-6.45939209E-02-1.11882255E-01-0.00000000E+00 4.68360976E-03
13 12-1.09655507E-02 3.24324688E-03-1.56485240E-02-0.00000000E+00-0.00000000E+00
13 13-5.60183119E-02 1.14493515E-01-6.53130337E-02 1.13124417E-01-0.00000000E+00
13 14 5.96548539E-02-6.45954208E-02 1.11880430E-01-0.00000000E+00-4.68282759E-03
13 15 1.09648471E-02-3.24325271E-03-1.56485303E-02-0.00000000E+00-0.00000000E+00
13 16 5.60179954E-02-1.14493169E-01 1.30623225E-01 4.95964375E-06-0.00000000E+00
13 17-5.96533388E-02 1.29188845E-01 1.98650088E-06-0.00000000E+00-1.87893488E-02
13 18 1.25074076E-02 3.24321098E-03-3.07718933E-08-0.00000000E+00-0.00000000E+00
13 19-1.36183860E-01-6.78334274E-02 1.36187036E-01 6.78360089E-02-1.36187381E-01
13 20-6.78356352E-02-1.36184411E-01-6.78336835E-02 1.36185568E-01 6.78352634E-02
13 21 1.36189628E-01 6.78375059E-02
14  1 5.11523841E-07-1.14893036E-06 2.35145510E-01-1.35760269E-01-0.00000000E+00
14  2-2.13320088E-07 8.38593648E-02-4.84148773E-02-0.00000000E+00 7.35155016E-03
14  3-7.35141976E-03 3.85560008E-08 4.90110382E-03-0.00000000E+00-0.00000000E+00
14  4 1.00375793E-07-1.27727447E-07-2.35144425E-01-1.35763543E-01-0.00000000E+00
14  5-8.67377911E-07-8.38584689E-02-4.84177961E-02-0.00000000E+00 7.35187852E-03
14  6-7.35173503E-03 4.94876233E-09-4.90141158E-03-0.00000000E+00-0.00000000E+00
14  7 3.92714513E-07-9.11884570E-07-1.03984972E-06 2.71522687E-01-0.00000000E+00
14  8 1.18379431E-06-1.56708997E-06 9.68318758E-02-0.00000000E+00 3.82998219E-07
14  9-8.67608072E-08 2.90904666E-08-9.80239007E-03-0.00000000E+00-0.00000000E+00
14 10-6.58767223E-07 1.30106898E-06 2.35145420E-01-1.35758729E-01-0.00000000E+00
14 11 1.47308942E-06 8.38598958E-02-4.84148360E-02-0.00000000E+00-7.35162695E-03
14 12 7.35179641E-03-2.13965369E-08-4.90102547E-03-0.00000000E+00-0.00000000E+00
14 13 6.57064867E-07-1.21058449E-06-2.35142191E-01-1.35767417E-01-0.00000000E+00
14 14-1.28023450E-06-8.38571787E-02-4.84189741E-02-0.00000000E+00-7.35181311E-03
14 15 7.35146664E-03-2.89168590E-09 4.90150079E-03-0.00000000E+00-0.00000000E+00
14 16-6.19097092E-07 1.34177989E-06-2.31397931E-06 2.71523396E-01-0.00000000E+00
14 17 5.54312506E-07-1.68771460E-06 9.68321147E-02-0.00000000E+00-9.71357228E-08
14 18 3.98878979E-08-5.80404151E-08 9.80258652E-03-0.00000000E+00-0.00000000E+00
14 19 1.47042749E-06 8.95623393E-07 6.32733065E-07 9.86146745E-07 9.95522097E-07
14 20 5.34395905E-07 5.26305648E-07 7.73105638E-08-3.85646212E-06-2.70607884E-06
14 21 1.00438416E-07 3.31298218E-07
15  1-1.45716665E-03 3.23502919E-03 8.42090279E-02-2.47316968E-02 0.00000000E+00
15  2 2.16380451E-03 3.03435260E-02-6.84862926E-03 0.00000000E+00 1.11332688E-02
15  3-1.16596646E-02-8.42928730E-06 6.43208657E-03 0.00000000E+00 0.00000000E+00
15  4-1.85031487E-02 4.10798594E-02-9.89895563E-02 2.46252177E-01 0.00000000E+00
15  5 2.74751549E-02-4.74120272E-02 1.08167400E-01 0.00000000E+00-2.59607388E-03
15  6-4.09115305E-03-1.06690192E-04 1.43105829E-02 0.00000000E+00 0.00000000E+00
15  7-1.70468322E-02 3.78464833E-02-2.42061218E-01-4.78896999E-02 0.00000000E+00
15  8 2.53121859E-02-1.08135599E-01-1.66771130E-02 0.00000000E+00-1.33121267E-02
15  9 7.15171081E-03-9.83308360E-05 8.20425587E-03 0.00000000E+00 0.00000000E+00
15 10 1.45712599E-03-3.23507454E-03 8.42059591E-02-2.47249654E-02 0.00000000E+00
15 11-2.16243546E-03 3.03422748E-02-6.84642474E-03 0.00000000E+00-1.11329358E-02
15 12 1.16594919E-02 8.40794792E-06-6.43159582E-03 0.00000000E+00 0.00000000E+00
15 13 1.85031508E-02-4.10798870E-02-9.89878728E-02 2.46246252E-01 0.00000000E+00
15 14-2.74754612E-02-4.74118710E-02 1.08165072E-01 0.00000000E+00 2.59643099E-03
15 15 4.09060708E-03 1.06744849E-04-1.43101625E-02 0.00000000E+00 0.00000000E+00
15 16 1.70467727E-02-3.78464574E-02-2.42063836E-01-4.78838614E-02 0.00000000E+00
15 17-2.53116839E-02-1.08136875E-01-1.66751542E-02 0.00000000E+00 1.33123761E-02
15 18-7.15178329E-03 9.83257692E-05-8.20385943E-03 0.00000000E+00 0.00000000E+00
15 19-1.48021203E-01-1.15557381E-01-1.36362334E-01-1.06456040E-01 1.16553857E-02
15 20 9.09951368E-03 1.36364175E-01 1.06457422E-01 1.48016997E-01 1.15554495E-01
15 21-1.16526259E-02-9.09719164E-03
16  1-2.05263956E-02 4.55712306E-02 1.40481558E-01 2.55432012E-01 0.00000000E+00
16  2 3.04804077E-02 6.32728531E-02 1.13809487E-01 0.00000000E+00 1.67336871E-03
16  3-9.09068902E-03-1.18388880E-04-1.28381458E-02 0.00000000E+00 0.00000000E+00
16  4-9.00038193E-03 1.99822025E-02-1.30492876E-01 7.22437417E-02 0.00000000E+00
16  5 1.33671631E-02-5.17382157E-02 3.60620994E-02 0.00000000E+00 1.09547970E-02
16  6-1.42075813E-02-5.18895231E-05-1.18371677E-03 0.00000000E+00 0.00000000E+00
16  7 1.15239260E-02-2.55847651E-02 1.63645036E-01-7.08350059E-02 0.00000000E+00
16  8-1.71149479E-02 7.31077823E-02-2.46676284E-02 0.00000000E+00 8.99960075E-03
16  9-4.83490508E-03 6.64397615E-05 1.21361519E-02 0.00000000E+00 0.00000000E+00
16 10 2.05261132E-02-4.55707375E-02 1.40485165E-01 2.55436612E-01 0.00000000E+00
16 11-3.04796860E-02 6.32743680E-02 1.13811932E-01 0.00000000E+00-1.67365192E-03
16 12 9.09099604E-03 1.18348893E-04 1.28384390E-02 0.00000000E+00 0.00000000E+00
16 13 9.00020139E-03-1.99819330E-02-1.30498127E-01 7.22421563E-02 0.00000000E+00
16 14-1.33662297E-02-5.17402637E-02 3.60615779E-02 0.00000000E+00-1.09549235E-02
16 15 1.42079272E-02 5.18831768E-05 1.18371114E-03 0.00000000E+00 0.00000000E+00
16 16-1.15236823E-02 2.55844082E-02 1.63647797E-01-7.08313193E-02 0.00000000E+00
16 17 1.71131904E-02 7.31088151E-02-2.46659947E-02 0.00000000E+00-8.99987506E-03
16 18 4.83492741E-03-6.64192792E-05-1.21360169E-02 0.00000000E+00 0.00000000E+00
16 19-7.20018642E-02-5.62101004E-02 9.21879023E-02 7.19691541E-02 1.64188566E-01
16 20 1.28179796E-01-9.21899181E-02-7.19706170E-02 7.20030341E-02 5.62112424E-02
16 21-1.64184679E-01-1.28177165E-01
17  1 4.97406458E-03-1.59097915E-02-1.21801422E-01-1.85171239E-01-0.00000000E+00
17  2 3.54643286E-03-7.02399766E-02-1.10268382E-01-0.00000000E+00-7.75946776E-03
17  3 1.58969184E-02-8.20050251E-04 2.20718369E-02-0.00000000E+00-0.00000000E+00
17  4-2.26879048E-03 7.25763190E-03 1.46565889E-01 2.01183010E-01-0.00000000E+00
17  5-1.62117328E-03 5.72201581E-02 1.01844827E-01-0.00000000E+00-7.20707782E-03
17  6 3.49444862E-03 3.74111001E-04 1.72347645E-02-0.00000000E+00-0.00000000E+00
17  7-2.70482952E-03 8.65155522E-03-1.20310466E-01-2.14623077E-01-0.00000000E+00
17  8-1.92872956E-03-7.10211394E-02-9.47810430E-02-0.00000000E+00-1.44295945E-02
17  9 1.00047320E-02 4.45845697E-04 1.31756804E-02-0.00000000E+00-0.00000000E+00
17 10 4.97346776E-03-1.59083901E-02 1.21796629E-01 1.85166774E-01-0.00000000E+00
17 11 3.54744951E-03 7.02373844E-02 1.10266134E-01-0.00000000E+00-7.75923066E-03
17 12 1.58963733E-02-8.20054896E-04 2.20715507E-02-0.00000000E+00-0.00000000E+00
17 13-2.26969174E-03 7.25962836E-03-1.46560488E-01-2.01187914E-01-0.00000000E+00
17 14-1.61807483E-03-5.72175661E-02-1.01848088E-01-0.00000000E+00-7.20704458E-03
17 15 3.49427368E-03 3.74059481E-04 1.72348300E-02-0.00000000E+00-0.00000000E+00
17 16-2.70451232E-03 8.65087391E-03 1.20310785E-01 2.14623988E-01-0.00000000E+00
17 17-1.93019879E-03 7.10212206E-02 9.47808217E-02-0.00000000E+00-1.44296640E-02
17 18 1.00049155E-02 4.45866189E-04 1.31761033E-02-0.00000000E+00-0.00000000E+00
17 19-7.41997679E-02-6.62758878E-02-8.84332823E-02-7.89896193E-02 1.62631832E-01
17 20 1.45263317E-01-8.84338664E-02-7.89901608E-02-7.42026403E-02-6.62790043E-02
17 21 1.62635816E-01 1.45267489E-01
18  1-2.51427549E-04 8.04106043E-04-2.15481499E-01 1.37313747E-01 0.00000000E+00
18  2-1.79440073E-04-9.43291550E-02 6.20791569E-02 0.00000000E+00-1.13914758E-02
18  3 1.09802699E-02 4.14093256E-05-8.97086136E-03 0.00000000E+00 0.00000000E+00
18  4 4.43296153E-03-1.41795070E-02 1.99464265E-01-1.12550472E-01 0.00000000E+00
18  5 3.16254910E-03 1.02749448E-01-7.51005299E-02 0.00000000E+00-1.17489219E-02
18  6 1.90014870E-02-7.30847133E-04-1.64499867E-02 0.00000000E+00 0.00000000E+00
18  7-4.18229446E-03 1.33771203E-02-1.86031097E-01 1.38804439E-01 0.00000000E+00
18  8-2.98024116E-03-1.09817925E-01 6.12988137E-02 0.00000000E+00-2.23108195E-02
18  9 1.54692802E-02 6.89425424E-04-8.52196462E-03 0.00000000E+00 0.00000000E+00
18 10-2.51314481E-04 8.03820360E-04 2.15483362E-01-1.37317517E-01 0.00000000E+00
18 11-1.78041671E-04 9.43291044E-02-6.20817907E-02 0.00000000E+00-1.13916346E-02
18 12 1.09805533E-02 4.14399060E-05-8.97132681E-03 0.00000000E+00 0.00000000E+00
18 13 4.43323496E-03-1.41803259E-02-1.99467991E-01 1.12553973E-01 0.00000000E+00
18 14 3.16091996E-03-1.02752322E-01 7.51033774E-02 0.00000000E+00-1.17485815E-02
18 15 1.90014545E-02-7.30826698E-04-1.64506542E-02 0.00000000E+00 0.00000000E+00
18 16-4.18116064E-03 1.33747232E-02 1.86025474E-01-1.38802866E-01 0.00000000E+00
18 17-2.98435813E-03 1.09815503E-01-6.12971541E-02 0.00000000E+00-2.23106142E-02
18 18 1.54690381E-02 6.89409356E-04-8.52203114E-03 0.00000000E+00 0.00000000E+00
18 19 1.44951976E-01 1.29472370E-01-1.36737785E-01-1.22135596E-01-8.21787103E-03
18 20-7.33994198E-03-1.36735187E-01-1.22132751E-01 1.44955728E-01 1.29476084E-01
18 21-8.21620085E-03-7.33873984E-03
19  1 0.00000000E+00 0.00000000E+00 0.00000000E+00 0.00000000E+00 2.14242209E-01
19  2 0.00000000E+00 0.00000000E+00 0.00000000E+00 1.33843723E-01 0.00000000E+00
19  3 0.00000000E+00 0.00000000E+00 0.00000000E+00 5.54916709E-03 9.61180922E-03
19  4 0.00000000E+00 0.00000000E+00 0.00000000E+00 0.00000000E+00 2.14240883E-01
19  5 0.00000000E+00 0.00000000E+00 0.00000000E+00 1.33842622E-01 0.00000000E+00
19  6 0.00000000E+00 0.00000000E+00 0.00000000E+00-5.54942151E-03 9.61176695E-03
19  7 0.00000000E+00 0.00000000E+00 0.00000000E+00 0.00000000E+00 2.14238892E-01
19  8 0.00000000E+00 0.00000000E+00 0.00000000E+00 1.33841412E-01 0.00000000E+00
19  9 0.00000000E+00 0.00000000E+00 0.00000000E+00-1.10986323E-02-3.24706039E-07
19 10 0.00000000E+00 0.00000000E+00 0.00000000E+00 0.00000000E+00 2.14238209E-01
19 11 0.00000000E+00 0.00000000E+00 0.00000000E+00 1.33841196E-01 0.00000000E+00
19 12 0.00000000E+00 0.00000000E+00 0.00000000E+00-5.54936583E-03-9.61157155E-03
19 13 0.00000000E+00 0.00000000E+00 0.00000000E+00 0.00000000E+00 2.14241106E-01
19 14 0.00000000E+00 0.00000000E+00 0.00000000E+00 1.33842756E-01 0.00000000E+00
19 15 0.00000000E+00 0.00000000E+00 0.00000000E+00 5.54925669E-03-9.61188484E-03
19 16 0.00000000E+00 0.00000000E+00 0.00000000E+00 0.00000000E+00 2.14243090E-01
19 17 0.00000000E+00 0.00000000E+00 0.00000000E+00 1.33843997E-01 0.00000000E+00
19 18 0.00000000E+00 0.00000000E+00 0.00000000E+00 1.10988028E-02 5.85226886E-08
19 19 0.00000000E+00 0.00000000E+00 0.00000000E+00 0.00000000E+00 0.00000000E+00
19 20 0.00000000E+00 0.00000000E+00 0.00000000E+00 0.00000000E+00 0.00000000E+00
19 21 0.00000000E+00 0.00000000E+00
20  1-0.00000000E+00-0.00000000E+00-0.00000000E+00-0.00000000E+00 3.26868891E-02
20  2-0.00000000E+00-0.00000000E+00-0.00000000E+00 2.59788176E-02-0.00000000E+00
20  3-0.00000000E+00-0.00000000E+00-0.00000000E+00 1.77125620E-02-9.27166182E-03
20  4-0.00000000E+00-0.00000000E+00-0.00000000E+00-0.00000000E+00 2.96035816E-01
20  5-0.00000000E+00-0.00000000E+00-0.00000000E+00 2.35282674E-01-0.00000000E+00
20  6-0.00000000E+00-0.00000000E+00-0.00000000E+00 3.38981810E-03 1.06024287E-02
20  7-0.00000000E+00-0.00000000E+00-0.00000000E+00-0.00000000E+00 2.63348676E-01
20  8-0.00000000E+00-0.00000000E+00-0.00000000E+00 2.09303409E-01-0.00000000E+00
20  9-0.00000000E+00-0.00000000E+00-0.00000000E+00-6.66019610E-03-1.17387632E-02
20 10-0.00000000E+00-0.00000000E+00-0.00000000E+00-0.00000000E+00-3.26881291E-02
20 11-0.00000000E+00-0.00000000E+00-0.00000000E+00-2.59797601E-02-0.00000000E+00
20 12-0.00000000E+00-0.00000000E+00-0.00000000E+00 1.77124225E-02-9.27157382E-03
20 13-0.00000000E+00-0.00000000E+00-0.00000000E+00-0.00000000E+00-2.96033163E-01
20 14-0.00000000E+00-0.00000000E+00-0.00000000E+00-2.35280343E-01-0.00000000E+00
20 15-0.00000000E+00-0.00000000E+00-0.00000000E+00 3.38971897E-03 1.06023189E-02
20 16-0.00000000E+00-0.00000000E+00-0.00000000E+00-0.00000000E+00-2.63346295E-01
20 17-0.00000000E+00-0.00000000E+00-0.00000000E+00-2.09301561E-01-0.00000000E+00
20 18-0.00000000E+00-0.00000000E+00-0.00000000E+00-6.66016440E-03-1.17385463E-02
20 19-0.00000000E+00-0.00000000E+00-0.00000000E+00-0.00000000E+00-0.00000000E+00
20 20-0.00000000E+00-0.00000000E+00-0.00000000E+00-0.00000000E+00-0.00000000E+00
20 21-0.00000000E+00-0.00000000E+00
21  1-0.00000000E+00-0.00000000E+00-0.00000000E+00-0.00000000E+00-3.22958246E-01
21  2-0.00000000E+00-0.00000000E+00-0.00000000E+00-2.56680888E-01-0.00000000E+00
21  3-0.00000000E+00-0.00000000E+00-0.00000000E+00-2.33270901E-03-8.08425911E-03
21  4-0.00000000E+00-0.00000000E+00-0.00000000E+00-0.00000000E+00-1.33168741E-01
21  5-0.00000000E+00-0.00000000E+00-0.00000000E+00-1.05840074E-01-0.00000000E+00
21  6-0.00000000E+00-0.00000000E+00-0.00000000E+00 1.75407917E-02 6.23831417E-03
21  7-0.00000000E+00-0.00000000E+00-0.00000000E+00-0.00000000E+00 1.89787453E-01
21  8-0.00000000E+00-0.00000000E+00-0.00000000E+00 1.50839607E-01-0.00000000E+00
21  9-0.00000000E+00-0.00000000E+00-0.00000000E+00-4.79992861E-03 1.62880895E-02
21 10-0.00000000E+00-0.00000000E+00-0.00000000E+00-0.00000000E+00 3.22960958E-01
21 11-0.00000000E+00-0.00000000E+00-0.00000000E+00 2.56683179E-01-0.00000000E+00
21 12-0.00000000E+00-0.00000000E+00-0.00000000E+00-2.33311615E-03-8.08424910E-03
21 13-0.00000000E+00-0.00000000E+00-0.00000000E+00-0.00000000E+00 1.33173634E-01
21 14-0.00000000E+00-0.00000000E+00-0.00000000E+00 1.05844161E-01-0.00000000E+00
21 15-0.00000000E+00-0.00000000E+00-0.00000000E+00 1.75409662E-02 6.23834531E-03
21 16-0.00000000E+00-0.00000000E+00-0.00000000E+00-0.00000000E+00-1.89787356E-01
21 17-0.00000000E+00-0.00000000E+00-0.00000000E+00-1.50839457E-01-0.00000000E+00
21 18-0.00000000E+00-0.00000000E+00-0.00000000E+00-4.79990761E-03 1.62883205E-02
21 19-0.00000000E+00-0.00000000E+00-0.00000000E+00-0.00000000E+00-0.00000000E+00
21 20-0.00000000E+00-0.00000000E+00-0.00000000E+00-0.00000000E+00-0.00000000E+00
21 21-0.00000000E+00-0.00000000E+00
22  1 0.00000000E+00 0.00000000E+00 0.00000000E+00 0.00000000E+00 4.42120831E-01
22  2 0.00000000E+00 0.00000000E+00 0.00000000E+00 3.49419535E-01 0.00000000E+00
22  3 0.00000000E+00 0.00000000E+00 0.00000000E+00 2.83702857E-03-1.00489154E-03
22  4 0.00000000E+00 0.00000000E+00 0.00000000E+00 0.00000000E+00-1.79265792E-01
22  5 0.00000000E+00 0.00000000E+00 0.00000000E+00-1.41678982E-01 0.00000000E+00
22  6 0.00000000E+00 0.00000000E+00 0.00000000E+00-2.15056152E-02-1.26732312E-02
22  7 0.00000000E+00 0.00000000E+00 0.00000000E+00 0.00000000E+00-2.62852894E-01
22  8 0.00000000E+00 0.00000000E+00 0.00000000E+00-2.07739732E-01 0.00000000E+00
22  9 0.00000000E+00 0.00000000E+00 0.00000000E+00 3.25960030E-04 2.20015393E-02
22 10 0.00000000E+00 0.00000000E+00 0.00000000E+00 0.00000000E+00 4.42124145E-01
22 11 0.00000000E+00 0.00000000E+00 0.00000000E+00 3.49421475E-01 0.00000000E+00
22 12 0.00000000E+00 0.00000000E+00 0.00000000E+00-2.83702129E-03 1.00497426E-03
22 13 0.00000000E+00 0.00000000E+00 0.00000000E+00 0.00000000E+00-1.79272988E-01
22 14 0.00000000E+00 0.00000000E+00 0.00000000E+00-1.41683714E-01 0.00000000E+00
22 15 0.00000000E+00 0.00000000E+00 0.00000000E+00 2.15055559E-02 1.26733080E-02
22 16 0.00000000E+00 0.00000000E+00 0.00000000E+00 0.00000000E+00-2.62851127E-01
22 17 0.00000000E+00 0.00000000E+00 0.00000000E+00-2.07737826E-01 0.00000000E+00
22 18 0.00000000E+00 0.00000000E+00 0.00000000E+00-3.25932118E-04-2.20016898E-02
22 19 0.00000000E+00 0.00000000E+00 0.00000000E+00 0.00000000E+00 0.00000000E+00
22 20 0.00000000E+00 0.00000000E+00 0.00000000E+00 0.00000000E+00 0.00000000E+00
22 21 0.00000000E+00 0.00000000E+00
23  1 0.00000000E+00 0.00000000E+00 0.00000000E+00 0.00000000E+00-4.82558946E-02
23  2 0.00000000E+00 0.00000000E+00 0.00000000E+00-3.81382981E-02 0.00000000E+00
23  3 0.00000000E+00 0.00000000E+00 0.00000000E+00 2.34515151E-02-1.36086560E-02
23  4 0.00000000E+00 0.00000000E+00 0.00000000E+00 0.00000000E+00 4.07019135E-01
23  5 0.00000000E+00 0.00000000E+00 0.00000000E+00 3.21677345E-01 0.00000000E+00
23  6 0.00000000E+00 0.00000000E+00 0.00000000E+00-9.77359692E-03-5.05970892E-03
23  7 0.00000000E+00 0.00000000E+00 0.00000000E+00 0.00000000E+00-3.58763565E-01
23  8 0.00000000E+00 0.00000000E+00 0.00000000E+00-2.83539439E-01 0.00000000E+00
23  9 0.00000000E+00 0.00000000E+00 0.00000000E+00 4.45128491E-04-1.61197950E-02
23 10 0.00000000E+00 0.00000000E+00 0.00000000E+00 0.00000000E+00-4.82573139E-02
23 11 0.00000000E+00 0.00000000E+00 0.00000000E+00-3.81383765E-02 0.00000000E+00
23 12 0.00000000E+00 0.00000000E+00 0.00000000E+00-2.34514252E-02 1.36085432E-02
23 13 0.00000000E+00 0.00000000E+00 0.00000000E+00 0.00000000E+00 4.07016432E-01
23 14 0.00000000E+00 0.00000000E+00 0.00000000E+00 3.21675503E-01 0.00000000E+00
23 15 0.00000000E+00 0.00000000E+00 0.00000000E+00 9.77351998E-03 5.05961000E-03
23 16 0.00000000E+00 0.00000000E+00 0.00000000E+00 0.00000000E+00-3.58759555E-01
23 17 0.00000000E+00 0.00000000E+00 0.00000000E+00-2.83536591E-01 0.00000000E+00
23 18 0.00000000E+00 0.00000000E+00 0.00000000E+00-4.45214917E-04 1.61199433E-02
23 19 0.00000000E+00 0.00000000E+00 0.00000000E+00 0.00000000E+00 0.00000000E+00
23 20 0.00000000E+00 0.00000000E+00 0.00000000E+00 0.00000000E+00 0.00000000E+00
23 21 0.00000000E+00 0.00000000E+00
24  1-0.00000000E+00-0.00000000E+00-0.00000000E+00-0.00000000E+00-3.81088229E-01
24  2-0.00000000E+00-0.00000000E+00-0.00000000E+00-2.90436997E-01-0.00000000E+00
24  3-0.00000000E+00-0.00000000E+00-0.00000000E+00 1.30286565E-03 2.25698360E-03
24  4-0.00000000E+00-0.00000000E+00-0.00000000E+00-0.00000000E+00 3.81086743E-01
24  5-0.00000000E+00-0.00000000E+00-0.00000000E+00 2.90435795E-01-0.00000000E+00
24  6-0.00000000E+00-0.00000000E+00-0.00000000E+00 1.30333012E-03-2.25657857E-03
24  7-0.00000000E+00-0.00000000E+00-0.00000000E+00-0.00000000E+00-3.81083533E-01
24  8-0.00000000E+00-0.00000000E+00-0.00000000E+00-2.90432367E-01-0.00000000E+00
24  9-0.00000000E+00-0.00000000E+00-0.00000000E+00-2.60582723E-03-1.02420022E-07
24 10-0.00000000E+00-0.00000000E+00-0.00000000E+00-0.00000000E+00 3.81082622E-01
24 11-0.00000000E+00-0.00000000E+00-0.00000000E+00 2.90432018E-01-0.00000000E+00
24 12-0.00000000E+00-0.00000000E+00-0.00000000E+00 1.30318909E-03 2.25690660E-03
24 13-0.00000000E+00-0.00000000E+00-0.00000000E+00-0.00000000E+00-3.81086424E-01
24 14-0.00000000E+00-0.00000000E+00-0.00000000E+00-2.90435731E-01-0.00000000E+00
24 15-0.00000000E+00-0.00000000E+00-0.00000000E+00 1.30262991E-03-2.25685326E-03
24 16-0.00000000E+00-0.00000000E+00-0.00000000E+00-0.00000000E+00 3.81089709E-01
24 17-0.00000000E+00-0.00000000E+00-0.00000000E+00 2.90437813E-01-0.00000000E+00
24 18-0.00000000E+00-0.00000000E+00-0.00000000E+00-2.60588483E-03 7.83120037E-08
24 19-0.00000000E+00-0.00000000E+00-0.00000000E+00-0.00000000E+00-0.00000000E+00
24 20-0.00000000E+00-0.00000000E+00-0.00000000E+00-0.00000000E+00-0.00000000E+00
24 21-0.00000000E+00-0.00000000E+00
 $END   
--- OPTIMIZED MCSCF MO-S --- GENERATED AT 17:23:40 13-JAN-2025    
anthracene opt C2H gaussian                                                     
E(MCSCF)=     -230.7760068911, E(NUC)=      203.5533822373
 $VEC   
 1  1 4.05739609E-01 1.11478913E-02-1.60550159E-05-2.77380488E-05-0.00000000E+00
 1  2-2.19017518E-03 1.60850587E-04 2.77958232E-04-0.00000000E+00-9.71034587E-04
 1  3-9.46619148E-04-1.10606795E-03 2.43851092E-05-0.00000000E+00-0.00000000E+00
 1  4 4.06184708E-01 1.11603973E-02 1.58754671E-05-2.77366784E-05-0.00000000E+00
 1  5-2.19478470E-03-1.59421700E-04 2.78293659E-04-0.00000000E+00-9.71887233E-04
 1  6-9.47586141E-04-1.10716530E-03-2.43643718E-05-0.00000000E+00-0.00000000E+00
 1  7 4.06613002E-01 1.11723969E-02 3.18865132E-05-6.35039935E-08-0.00000000E+00
 1  8-2.19846419E-03-3.20521818E-04 5.34259758E-07-0.00000000E+00-9.36350615E-04
 1  9-9.85011433E-04-1.10822822E-03 1.33860592E-08-0.00000000E+00-0.00000000E+00
 1 10 4.06622633E-01 1.11726503E-02 1.59271119E-05 2.76473103E-05-0.00000000E+00
 1 11-2.19762585E-03-1.60189776E-04-2.77978113E-04-0.00000000E+00-9.72958633E-04
 1 12-9.48610608E-04-1.10827066E-03 2.43662414E-05-0.00000000E+00-0.00000000E+00
 1 13 4.06400580E-01 1.11664461E-02-1.60446335E-05 2.75895770E-05-0.00000000E+00
 1 14-2.19682941E-03 1.61019080E-04-2.77170983E-04-0.00000000E+00-9.72374618E-04
 1 15-9.48018349E-04-1.10769737E-03-2.43212592E-05-0.00000000E+00-0.00000000E+00
 1 16 4.05921906E-01 1.11530099E-02-3.20061684E-05-8.68476596E-08-0.00000000E+00
 1 17-2.19230227E-03 3.20903923E-04 8.16060170E-07-0.00000000E+00-9.34807507E-04
 1 18-9.83537180E-04-1.10651013E-03-2.87661395E-08-0.00000000E+00-0.00000000E+00
 1 19-1.05419780E-04 8.28856759E-04-1.05519418E-04 8.29527549E-04-1.05531603E-04
 1 20 8.29576117E-04-1.05360310E-04 8.28448951E-04-1.05466230E-04 8.29181498E-04
 1 21-1.05326275E-04 8.28176404E-04
 2  1-6.33943184E-02-1.77885568E-03 1.13264131E-04-7.76658665E-05-0.00000000E+00
 2  2 5.47306669E-04-1.03957373E-03 6.31912274E-04-0.00000000E+00 1.60724777E-04
 2  3 1.18680961E-04 1.58469618E-04 1.80549227E-05-0.00000000E+00-0.00000000E+00
 2  4-5.26251729E-01-1.47666177E-02 9.20337155E-05-4.87826574E-05-0.00000000E+00
 2  5 4.54922994E-03-5.40681087E-04-4.62489800E-05-0.00000000E+00 1.13746908E-03
 2  6 1.18098452E-03 1.31545489E-03-1.91686194E-05-0.00000000E+00-0.00000000E+00
 2  7-4.62956286E-01-1.29905630E-02 7.76912886E-05-8.16678131E-05-0.00000000E+00
 2  8 4.00341169E-03-2.02890995E-04 7.25445290E-04-0.00000000E+00 1.04190264E-03
 2  9 9.97368605E-04 1.15720522E-03 1.79331412E-05-0.00000000E+00-0.00000000E+00
 2 10 6.36486064E-02 1.78593200E-03 1.13302608E-04-7.77313368E-05-0.00000000E+00
 2 11-5.50165802E-04-1.03999101E-03 6.32469236E-04-0.00000000E+00-1.61245205E-04
 2 12-1.19106722E-04-1.59111178E-04-1.81263710E-05-0.00000000E+00-0.00000000E+00
 2 13 5.26577669E-01 1.47757186E-02 9.20180476E-05-4.88710250E-05-0.00000000E+00
 2 14-4.55331452E-03-5.40437573E-04-4.55304001E-05-0.00000000E+00-1.13806755E-03
 2 15-1.18154065E-03-1.31626097E-03 1.92525270E-05-0.00000000E+00-0.00000000E+00
 2 16 4.62745455E-01 1.29845313E-02 7.75607783E-05-8.16742017E-05-0.00000000E+00
 2 17-3.99845874E-03-2.01821642E-04 7.25534359E-04-0.00000000E+00-1.04162476E-03
 2 18-9.97286653E-04-1.15676469E-03-1.79453119E-05-0.00000000E+00-0.00000000E+00
 2 19 1.19903359E-04-8.29481696E-04 1.05456707E-04-7.29734176E-04-1.44951027E-05
 2 20 1.00382391E-04-1.05440078E-04 7.29500985E-04-1.19961215E-04 8.30018773E-04
 2 21 1.44450082E-05-9.99366691E-05
 3  1 5.71302021E-01 1.60304620E-02 6.10329890E-05 7.52658847E-05 0.00000000E+00
 3  2-4.93556776E-03-2.41454818E-04-1.47801713E-04 0.00000000E+00-1.24245358E-03
 3  3-1.27480092E-03-1.42819084E-03-2.56909592E-05 0.00000000E+00 0.00000000E+00
 3  4 2.31037208E-01 6.48276628E-03 8.99437013E-05 9.66290058E-05 0.00000000E+00
 3  5-1.99846366E-03-9.20089532E-04-6.48474660E-04 0.00000000E+00-5.24050336E-04
 3  6-4.93568058E-04-5.77550930E-04 2.49494532E-05 0.00000000E+00 0.00000000E+00
 3  7-3.40303901E-01-9.54913230E-03 5.71688671E-05 1.11020686E-04 0.00000000E+00
 3  8 2.94407720E-03-1.49825698E-04-9.86217261E-04 0.00000000E+00 7.65872771E-04
 3  9 7.33115328E-04 8.50555350E-04-2.44305284E-05 0.00000000E+00 0.00000000E+00
 3 10-5.70919812E-01-1.60201397E-02 6.11259425E-05 7.53805821E-05 0.00000000E+00
 3 11 4.93655417E-03-2.42318124E-04-1.48787248E-04 0.00000000E+00 1.24121916E-03
 3 12 1.27372558E-03 1.42703662E-03 2.57712344E-05 0.00000000E+00 0.00000000E+00
 3 13-2.30152000E-01-6.45825092E-03 8.99931357E-05 9.66141654E-05 0.00000000E+00
 3 14 1.99093663E-03-9.20497007E-04-6.48503138E-04 0.00000000E+00 5.22219138E-04
 3 15 4.91659398E-04 5.75227817E-04-2.49502563E-05 0.00000000E+00 0.00000000E+00
 3 16 3.40978726E-01 9.56769663E-03 5.71281469E-05 1.10963621E-04 0.00000000E+00
 3 17-2.94803639E-03-1.49388147E-04-9.85604436E-04 0.00000000E+00-7.67411217E-04
 3 18-7.34709033E-04-8.52386997E-04 2.43497470E-05 0.00000000E+00 0.00000000E+00
 3 19-5.26430573E-05 3.64229025E-04 7.75284262E-05-5.36177029E-04 1.30049404E-04
 3 20-8.99860794E-04-7.76982900E-05 5.37539961E-04 5.24393116E-05-3.62558685E-04
 3 21-1.30175265E-04 9.00792848E-04
 4  1-6.36489040E-02-1.79831296E-03-1.16154177E-04 4.00424549E-05 0.00000000E+00
 4  2 1.07810614E-03 1.14224674E-03-4.43238097E-04 0.00000000E+00-2.21184913E-05
 4  3 2.03189895E-04 1.49134088E-04-5.22103770E-05 0.00000000E+00 0.00000000E+00
 4  4 5.26797066E-01 1.48838473E-02-5.47334250E-05 1.92107746E-04 0.00000000E+00
 4  5-8.91837625E-03 3.50228637E-04-1.58353404E-03 0.00000000E+00-7.20134904E-04
 4  6-7.78317230E-04-1.23438940E-03 1.70218161E-04 0.00000000E+00 0.00000000E+00
 4  7-4.63050406E-01-1.30827930E-02 1.70330421E-04 7.19035534E-05 0.00000000E+00
 4  8 7.84109858E-03-1.35995601E-03-7.21832400E-04 0.00000000E+00 7.83431494E-04
 4  9 5.33332538E-04 1.08497941E-03-8.27346101E-05 0.00000000E+00 0.00000000E+00
 4 10-6.34032320E-02-1.79131650E-03 1.16044355E-04-4.00800015E-05 0.00000000E+00
 4 11 1.07230442E-03-1.14076753E-03 4.44443365E-04 0.00000000E+00-2.24358778E-05
 4 12 2.02806045E-04 1.48589271E-04-5.22573459E-05 0.00000000E+00 0.00000000E+00
 4 13 5.26459393E-01 1.48742476E-02 5.46282664E-05-1.92049436E-04 0.00000000E+00
 4 14-8.91174613E-03-3.48838361E-04 1.58221929E-03 0.00000000E+00-7.19609139E-04
 4 15-7.77726676E-04-1.23360904E-03 1.70177056E-04 0.00000000E+00 0.00000000E+00
 4 16-4.63246429E-01-1.30882022E-02-1.70317255E-04-7.18924405E-05 0.00000000E+00
 4 17 7.83912277E-03 1.35836005E-03 7.21711113E-04 0.00000000E+00 7.84028769E-04
 4 18 5.33980422E-04 1.08554350E-03-8.27251414E-05 0.00000000E+00 0.00000000E+00
 4 19-7.59766263E-05 7.63710229E-04 6.67662322E-05-6.71263787E-04 9.12519703E-06
 4 20-9.20632635E-05 6.67934012E-05-6.71844446E-04-7.58789551E-05 7.63441997E-04
 4 21 9.19684330E-06-9.21812428E-05
 5  1 5.71302352E-01 1.61409703E-02 9.33780461E-05 1.88571227E-04 0.00000000E+00
 5  2-9.66290596E-03-7.19707768E-04-1.51594789E-03 0.00000000E+00-7.47345218E-04
 5  3-8.78384743E-04-1.33885328E-03-1.61889522E-04 0.00000000E+00 0.00000000E+00
 5  4-2.30227585E-01-6.50455641E-03 1.38579194E-04-1.77459147E-05 0.00000000E+00
 5  5 3.89229767E-03-1.30262773E-03 2.47233480E-05 0.00000000E+00 2.00508116E-04
 5  6 4.54499608E-04 5.39558268E-04 1.75561005E-06 0.00000000E+00 0.00000000E+00
 5  7-3.41011910E-01-9.63496898E-03 1.25484547E-04-9.76807119E-05 0.00000000E+00
 5  8 5.77973146E-03-1.00435286E-03 9.80721980E-04 0.00000000E+00 5.76823086E-04
 5  9 3.92614984E-04 7.98921810E-04 1.12445273E-04 0.00000000E+00 0.00000000E+00
 5 10 5.71683427E-01 1.61521723E-02-9.35596671E-05-1.88815992E-04 0.00000000E+00
 5 11-9.68472222E-03 7.24271974E-04 1.52325469E-03 0.00000000E+00-7.47123880E-04
 5 12-8.78376998E-04-1.33944840E-03-1.62082969E-04 0.00000000E+00 0.00000000E+00
 5 13-2.31126062E-01-6.53031409E-03-1.38741685E-04 1.81051322E-05 0.00000000E+00
 5 14 3.91861601E-03 1.30676666E-03-3.25467775E-05 0.00000000E+00 2.01432689E-04
 5 15 4.55645015E-04 5.41457780E-04 1.51979146E-06 0.00000000E+00 0.00000000E+00
 5 16-3.40348755E-01-9.61583575E-03-1.25137007E-04 9.77554568E-05 0.00000000E+00
 5 17 5.75549466E-03 9.95625258E-04-9.81352680E-04 0.00000000E+00 5.76091637E-04
 5 18 3.92324251E-04 7.97614698E-04 1.12457513E-04 0.00000000E+00 0.00000000E+00
 5 19 3.31111244E-05-3.34411666E-04 4.92311691E-05-4.93786259E-04-8.24924617E-05
 5 20 8.28295520E-04 4.89985164E-05-4.94094681E-04 3.33970247E-05-3.34466040E-04
 5 21-8.23220739E-05 8.29043774E-04
 6  1 4.07236651E-01 1.17712641E-02 1.09988388E-04 1.90574470E-04 0.00000000E+00
 6  2-1.51712693E-02-2.73927758E-03-4.74530675E-03 0.00000000E+00-2.33193600E-04
 6  3-3.70495043E-04-8.01290141E-04-1.37369329E-04 0.00000000E+00 0.00000000E+00
 6  4-4.06796934E-01-1.17588616E-02 1.10040888E-04-1.90383927E-04 0.00000000E+00
 6  5 1.51645901E-02-2.74000818E-03 4.74373884E-03 0.00000000E+00 2.32436989E-04
 6  6 3.69860221E-04 8.00242027E-04-1.37199487E-04 0.00000000E+00 0.00000000E+00
 6  7 4.06367487E-01 1.17467012E-02-2.19733452E-04-5.86275462E-08 0.00000000E+00
 6  8-1.51571747E-02 5.47684592E-03 6.17652439E-07 0.00000000E+00-4.37679821E-04
 6  9-1.63411562E-04-7.99233429E-04 7.33829557E-08 0.00000000E+00 0.00000000E+00
 6 10-4.06354875E-01-1.17463215E-02 1.09878377E-04 1.90259067E-04 0.00000000E+00
 6 11 1.51561262E-02-2.73851302E-03-4.74273991E-03 0.00000000E+00 2.32013333E-04
 6 12 3.69175650E-04 7.99214543E-04 1.37090500E-04 0.00000000E+00 0.00000000E+00
 6 13 4.06588942E-01 1.17529722E-02 1.09836121E-04-1.90416663E-04 0.00000000E+00
 6 14-1.51611809E-02-2.73805201E-03 4.74414071E-03 0.00000000E+00-2.32325301E-04
 6 15-3.69360911E-04-7.99750832E-04 1.37261043E-04 0.00000000E+00 0.00000000E+00
 6 16-4.07064803E-01-1.17664306E-02-2.19993860E-04 7.60731604E-08 0.00000000E+00
 6 17 1.51689767E-02 5.47893422E-03-7.35829512E-07 0.00000000E+00 4.38871423E-04
 6 18 1.64224168E-04 8.00873682E-04 8.07009764E-08 0.00000000E+00 0.00000000E+00
 6 19 1.44107665E-04 2.06318127E-04-1.44042273E-04-2.06915710E-04 1.44052872E-04
 6 20 2.06933598E-04 1.44146664E-04 2.05924049E-04-1.44070167E-04-2.06597175E-04
 6 21-1.44175766E-04-2.05639779E-04
 7  1-9.23026489E-02 1.74496403E-01 2.98288350E-02 5.16667059E-02-0.00000000E+00
 7  2 1.11497914E-01 3.59318318E-03 6.22362839E-03-0.00000000E+00 7.74770479E-03
 7  3 6.40650483E-03-8.23176792E-03-1.34128144E-03-0.00000000E+00-0.00000000E+00
 7  4-9.23020517E-02 1.74495633E-01-2.98300315E-02 5.16666921E-02-0.00000000E+00
 7  5 1.11495535E-01-3.59246242E-03 6.22202969E-03-0.00000000E+00 7.74756221E-03
 7  6 6.40636518E-03-8.23168289E-03 1.34113915E-03-0.00000000E+00-0.00000000E+00
 7  7-9.23011113E-02 1.74493676E-01-5.96589903E-02-1.98567147E-06-0.00000000E+00
 7  8 1.11495567E-01-7.18545289E-03-1.56646583E-07-0.00000000E+00 5.73578380E-03
 7  9 8.41819791E-03-8.23160192E-03 1.40543489E-07-0.00000000E+00-0.00000000E+00
 7 10-9.23007459E-02 1.74493025E-01-2.98296529E-02-5.16655523E-02-0.00000000E+00
 7 11 1.11495013E-01-3.59286111E-03-6.22329144E-03-0.00000000E+00 7.74764289E-03
 7 12 6.40636780E-03-8.23159952E-03-1.34109781E-03-0.00000000E+00-0.00000000E+00
 7 13-9.23019119E-02 1.74495310E-01 2.98290176E-02-5.16673214E-02-0.00000000E+00
 7 14 1.11496462E-01 3.59263906E-03-6.22270153E-03-0.00000000E+00 7.74746948E-03
 7 15 6.40645761E-03-8.23170093E-03 1.34133048E-03-0.00000000E+00-0.00000000E+00
 7 16-9.23026834E-02 1.74496717E-01 5.96599482E-02 4.37456602E-07-0.00000000E+00
 7 17 1.11496236E-01 7.18455535E-03-2.57680635E-08-0.00000000E+00 5.73583549E-03
 7 18 8.41819387E-03-8.23170932E-03-1.63607742E-08-0.00000000E+00-0.00000000E+00
 7 19 3.50122195E-02 4.14852161E-03 3.50119449E-02 4.14867978E-03 3.50121238E-02
 7 20 4.14904998E-03 3.50124650E-02 4.14844388E-03 3.50118773E-02 4.14866091E-03
 7 21 3.50129484E-02 4.14920594E-03
 8  1-1.31307281E-02 2.52333602E-02 1.00042189E-01-5.44928671E-02 0.00000000E+00
 8  2 1.96557087E-02 1.46692728E-02-8.98706471E-03 0.00000000E+00 9.79801409E-03
 8  3-7.96508138E-03-1.01631610E-03 5.74141887E-03 0.00000000E+00 0.00000000E+00
 8  4-1.16988103E-01 2.24816431E-01 2.79171059E-02 4.52178865E-02 0.00000000E+00
 8  5 1.75120514E-01 8.11722453E-03 7.02284903E-05 0.00000000E+00 5.14418275E-03
 8  6 1.11853045E-02-9.05474618E-03 3.61496545E-03 0.00000000E+00 0.00000000E+00
 8  7-1.03856787E-01 1.99581992E-01-2.23718902E-02-6.71009177E-02 0.00000000E+00
 8  8 1.55464956E-01 3.54853053E-03-1.01323965E-02 0.00000000E+00 6.18200017E-03
 8  9 8.31460766E-03-8.03840864E-03 6.92434075E-03 0.00000000E+00 0.00000000E+00
 8 10 1.31309429E-02-2.52337505E-02 1.00040335E-01-5.44913672E-02 0.00000000E+00
 8 11-1.96560383E-02 1.46688782E-02-8.98688711E-03 0.00000000E+00-9.79781138E-03
 8 12 7.96507766E-03 1.01631804E-03-5.74145045E-03 0.00000000E+00 0.00000000E+00
 8 13 1.16986800E-01-2.24813784E-01 2.79172263E-02 4.52182769E-02 0.00000000E+00
 8 14-1.75118973E-01 8.11712055E-03 7.05895872E-05 0.00000000E+00-5.14419251E-03
 8 15-1.11851542E-02 9.05464190E-03-3.61505913E-03 0.00000000E+00 0.00000000E+00
 8 16 1.03856877E-01-1.99581991E-01-2.23718653E-02-6.70992852E-02 0.00000000E+00
 8 17-1.55464559E-01 3.54886015E-03-1.01324119E-02 0.00000000E+00-6.18200063E-03
 8 18-8.31456973E-03 8.03842144E-03-6.92421005E-03 0.00000000E+00 0.00000000E+00
 8 19 6.95440564E-02 1.42007933E-02 6.17380518E-02 1.26069979E-02-7.80582852E-03
 8 20-1.59397124E-03-6.17380528E-02-1.26069015E-02-6.95426483E-02-1.42006483E-02
 8 21 7.80583512E-03 1.59405379E-03
 9  1 1.27504010E-01-2.45024885E-01-3.57402545E-03-2.96486541E-02 0.00000000E+00
 9  2-1.90862366E-01 3.71237277E-03 2.88791158E-03 0.00000000E+00-8.64542994E-03
 9  3-9.15200431E-03 9.86865239E-03 1.91418038E-03 0.00000000E+00 0.00000000E+00
 9  4 5.23794352E-02-1.00657707E-01 9.61329484E-02 4.24746356E-02 0.00000000E+00
 9  5-7.84076440E-02 1.27703581E-02 9.43953362E-03 0.00000000E+00-1.20117200E-02
 9  6 4.70027507E-03 4.05411937E-03 4.85362615E-03 0.00000000E+00 0.00000000E+00
 9  7-7.51237349E-02 1.44365596E-01-1.61826893E-02 9.27616513E-02 0.00000000E+00
 9  8 1.12454067E-01 2.56672153E-03 1.40081205E-02 0.00000000E+00 4.47195762E-03
 9  9 6.01424290E-03-5.81450342E-03-9.57248550E-03 0.00000000E+00 0.00000000E+00
 9 10-1.27504866E-01 2.45026507E-01-3.57656422E-03-2.96485453E-02 0.00000000E+00
 9 11 1.90864528E-01 3.71192105E-03 2.88746748E-03 0.00000000E+00 8.64567541E-03
 9 12 9.15207686E-03-9.86872541E-03-1.91396681E-03 0.00000000E+00 0.00000000E+00
 9 13-5.23813756E-02 1.00661591E-01 9.61337446E-02 4.24744956E-02 0.00000000E+00
 9 14 7.84101452E-02 1.27699886E-02 9.44008986E-03 0.00000000E+00 1.20118537E-02
 9 15-4.70036912E-03-4.05424940E-03-4.85351021E-03 0.00000000E+00 0.00000000E+00
 9 16 7.51233394E-02-1.44364805E-01-1.61826519E-02 9.27633707E-02 0.00000000E+00
 9 17-1.12453034E-01 2.56735049E-03 1.40081887E-02 0.00000000E+00-4.47186107E-03
 9 18-6.01401643E-03 5.81445002E-03 9.57262043E-03 0.00000000E+00 0.00000000E+00
 9 19-3.11376087E-02-6.35855897E-03 4.46580772E-02 9.11945844E-03 7.57972218E-02
 9 20 1.54780866E-02-4.46577520E-02-9.11909306E-03 3.11381672E-02 6.35845060E-03
 9 21-7.57968888E-02-1.54778720E-02
10  1-9.87998375E-02 1.96124651E-01-2.63500750E-03-7.12892139E-02 0.00000000E+00
10  2 1.67330626E-01-2.07996946E-02-5.31020065E-02 0.00000000E+00 4.85953584E-03
10  3 6.76063000E-03-6.70890794E-03 5.91712092E-03 0.00000000E+00 0.00000000E+00
10  4 3.52670170E-02-7.00075574E-02-1.77187800E-01-7.63119483E-02 0.00000000E+00
10  5-5.97293790E-02-5.25269151E-02-7.08559246E-03 0.00000000E+00 7.45300713E-03
10  6-1.16006991E-02 2.39473546E-03-4.01291452E-03 0.00000000E+00 0.00000000E+00
10  7 6.35325879E-02-1.26116804E-01-4.05465819E-02 1.58241999E-01 0.00000000E+00
10  8-1.07600095E-01-3.62599988E-02 4.04945573E-02 0.00000000E+00-6.89515751E-03
10  9-5.76883746E-04 4.31406782E-03-9.52510441E-03 0.00000000E+00 0.00000000E+00
10 10-9.88000209E-02 1.96125168E-01 2.63462467E-03 7.12892637E-02 0.00000000E+00
10 11 1.67330706E-01 2.07997256E-02 5.31022621E-02 0.00000000E+00 4.85953966E-03
10 12 6.76064108E-03-6.70890202E-03 5.91724785E-03 0.00000000E+00 0.00000000E+00
10 13 3.52674205E-02-7.00084363E-02 1.77188409E-01 7.63130308E-02 0.00000000E+00
10 14-5.97297747E-02 5.25276455E-02 7.08544412E-03 0.00000000E+00 7.45290059E-03
10 15-1.16007435E-02 2.39479239E-03-4.01279370E-03 0.00000000E+00 0.00000000E+00
10 16 6.35325703E-02-1.26116686E-01 4.05466485E-02-1.58243147E-01 0.00000000E+00
10 17-1.07600458E-01 3.62596621E-02-4.04945332E-02 0.00000000E+00-6.89523032E-03
10 18-5.76994100E-04 4.31408987E-03-9.52515733E-03 0.00000000E+00 0.00000000E+00
10 19-3.96879721E-02-1.27086085E-02-7.14974198E-02-2.28942593E-02 1.11188637E-01
10 20 3.56042453E-02-7.14974702E-02-2.28944118E-02-3.96885360E-02-1.27086950E-02
10 21 1.11188386E-01 3.56042048E-02
11  1 1.63189940E-02-3.23943410E-02 1.80132775E-01-9.19724515E-02-0.00000000E+00
11  2-2.76386151E-02 4.94210518E-02-1.77785322E-02-0.00000000E+00 8.56449061E-03
11  3-1.04836908E-02 1.10810628E-03 5.26751706E-03-0.00000000E+00-0.00000000E+00
11  4-9.37223877E-02 1.86045470E-01-3.25343318E-02-8.78514409E-02-0.00000000E+00
11  5 1.58731608E-01 1.07658426E-02-5.55492670E-02-0.00000000E+00 6.43619042E-03
11  6 4.58690951E-03-6.36408314E-03-6.83060127E-03-0.00000000E+00-0.00000000E+00
11  7 7.74042635E-02-1.53652898E-01-4.93994380E-02-1.29884616E-01-0.00000000E+00
11  8-1.31095224E-01-4.41761483E-02-3.32385926E-02-0.00000000E+00-8.40125576E-03
11  9-7.02746147E-04 5.25602800E-03 7.81796449E-03-0.00000000E+00-0.00000000E+00
11 10 1.63190915E-02-3.23945143E-02-1.80132048E-01 9.19708688E-02-0.00000000E+00
11 11-2.76383874E-02-4.94212534E-02 1.77781676E-02-0.00000000E+00 8.56446673E-03
11 12-1.04839940E-02 1.10811739E-03 5.26763919E-03-0.00000000E+00-0.00000000E+00
11 13-9.37226346E-02 1.86045925E-01 3.25320703E-02 8.78487295E-02-0.00000000E+00
11 14 1.58731790E-01-1.07672872E-02 5.55486298E-02-0.00000000E+00 6.43629277E-03
11 15 4.58680507E-03-6.36404413E-03-6.83037820E-03-0.00000000E+00-0.00000000E+00
11 16 7.74028144E-02-1.53649905E-01 4.93980208E-02 1.29887323E-01-0.00000000E+00
11 17-1.31091869E-01 4.41762051E-02 3.32386715E-02-0.00000000E+00-8.40099759E-03
11 18-7.02659756E-04 5.25590380E-03 7.81815376E-03-0.00000000E+00-0.00000000E+00
11 19 1.05473756E-01 3.37745592E-02-8.71098067E-02-2.78944025E-02-1.83655812E-02
11 20-5.88105298E-03-8.71078654E-02-2.78932292E-02 1.05472596E-01 3.37741560E-02
11 21-1.83649476E-02-5.88071189E-03
12  1 7.73093389E-03-1.34766115E-02 9.63556946E-02 1.66896202E-01 0.00000000E+00
12  2-3.36787569E-02 3.59125624E-02 6.22035395E-02 0.00000000E+00-1.24540268E-03
12  3-3.89479557E-03 5.04546207E-04-2.64928525E-03 0.00000000E+00 0.00000000E+00
12  4 7.73328582E-03-1.34811458E-02-9.63591672E-02 1.66895908E-01 0.00000000E+00
12  5-3.36831450E-02-3.59145132E-02 6.22053053E-02 0.00000000E+00-1.24545842E-03
12  6-3.89509081E-03 5.04674474E-04 2.64936354E-03 0.00000000E+00 0.00000000E+00
12  7 7.73197383E-03-1.34785572E-02-1.92712071E-01-4.27395936E-07 0.00000000E+00
12  8-3.36815742E-02-7.18260655E-02-1.27179374E-08 0.00000000E+00-5.21936039E-03
12  9 7.90374924E-05 5.04589121E-04-4.99181439E-08 0.00000000E+00 0.00000000E+00
12 10 7.73260786E-03-1.34799262E-02-9.63555731E-02-1.66895918E-01 0.00000000E+00
12 11-3.36813758E-02-3.59131399E-02-6.22044509E-02 0.00000000E+00-1.24529822E-03
12 12-3.89496684E-03 5.04648957E-04-2.64951389E-03 0.00000000E+00 0.00000000E+00
12 13 7.73222676E-03-1.34789210E-02 9.63580552E-02-1.66891416E-01 0.00000000E+00
12 14-3.36823796E-02 3.59140363E-02-6.22029192E-02 0.00000000E+00-1.24575350E-03
12 15-3.89468550E-03 5.04572599E-04 2.64912652E-03 0.00000000E+00 0.00000000E+00
12 16 7.73325675E-03-1.34810754E-02 1.92715559E-01-8.32821369E-07 0.00000000E+00
12 17-3.36835462E-02 7.18283612E-02 1.97009511E-08 0.00000000E+00-5.21971127E-03
12 18 7.91507970E-05 5.04664403E-04-2.37603085E-07 0.00000000E+00 0.00000000E+00
12 19-1.11087713E-01-6.68436995E-02-1.11084475E-01-6.68422171E-02-1.11086369E-01
12 20-6.68428880E-02-1.11087592E-01-6.68436642E-02-1.11084063E-01-6.68419672E-02
12 21-1.11084947E-01-6.68425801E-02
13  1-5.60173603E-02 1.14491642E-01-6.53129085E-02-1.13133416E-01-0.00000000E+00
13  2 5.96521502E-02-6.45934624E-02-1.11883912E-01-0.00000000E+00-4.68344660E-03
13  3 1.09655137E-02-3.24328308E-03 1.56486585E-02-0.00000000E+00-0.00000000E+00
13  4 5.60178444E-02-1.14492940E-01-6.53129750E-02 1.13121006E-01-0.00000000E+00
13  5-5.96537207E-02-6.45945713E-02 1.11879627E-01-0.00000000E+00 4.68324718E-03
13  6-1.09651320E-02 3.24322750E-03 1.56484023E-02-0.00000000E+00-0.00000000E+00
13  7-5.60176025E-02 1.14492083E-01 1.30628366E-01 4.62397764E-06-0.00000000E+00
13  8 5.96531063E-02 1.29189800E-01 2.01685284E-06-0.00000000E+00 1.87895451E-02
13  9-1.25075189E-02-3.24322420E-03 8.94379763E-08-0.00000000E+00-0.00000000E+00
13 10 5.60171595E-02-1.14491642E-01-6.53139570E-02-1.13128526E-01-0.00000000E+00
13 11-5.96520903E-02-6.45939209E-02-1.11882255E-01-0.00000000E+00 4.68360976E-03
13 12-1.09655507E-02 3.24324688E-03-1.56485240E-02-0.00000000E+00-0.00000000E+00
13 13-5.60183119E-02 1.14493515E-01-6.53130337E-02 1.13124417E-01-0.00000000E+00
13 14 5.96548539E-02-6.45954208E-02 1.11880430E-01-0.00000000E+00-4.68282759E-03
13 15 1.09648471E-02-3.24325271E-03-1.56485303E-02-0.00000000E+00-0.00000000E+00
13 16 5.60179954E-02-1.14493169E-01 1.30623225E-01 4.95964375E-06-0.00000000E+00
13 17-5.96533388E-02 1.29188845E-01 1.98650088E-06-0.00000000E+00-1.87893488E-02
13 18 1.25074076E-02 3.24321098E-03-3.07718933E-08-0.00000000E+00-0.00000000E+00
13 19-1.36183860E-01-6.78334274E-02 1.36187036E-01 6.78360089E-02-1.36187381E-01
13 20-6.78356352E-02-1.36184411E-01-6.78336835E-02 1.36185568E-01 6.78352634E-02
13 21 1.36189628E-01 6.78375059E-02
14  1 5.11523841E-07-1.14893036E-06 2.35145510E-01-1.35760269E-01-0.00000000E+00
14  2-2.13320088E-07 8.38593648E-02-4.84148773E-02-0.00000000E+00 7.35155016E-03
14  3-7.35141976E-03 3.85560008E-08 4.90110382E-03-0.00000000E+00-0.00000000E+00
14  4 1.00375793E-07-1.27727447E-07-2.35144425E-01-1.35763543E-01-0.00000000E+00
14  5-8.67377911E-07-8.38584689E-02-4.84177961E-02-0.00000000E+00 7.35187852E-03
14  6-7.35173503E-03 4.94876233E-09-4.90141158E-03-0.00000000E+00-0.00000000E+00
14  7 3.92714513E-07-9.11884570E-07-1.03984972E-06 2.71522687E-01-0.00000000E+00
14  8 1.18379431E-06-1.56708997E-06 9.68318758E-02-0.00000000E+00 3.82998219E-07
14  9-8.67608072E-08 2.90904666E-08-9.80239007E-03-0.00000000E+00-0.00000000E+00
14 10-6.58767223E-07 1.30106898E-06 2.35145420E-01-1.35758729E-01-0.00000000E+00
14 11 1.47308942E-06 8.38598958E-02-4.84148360E-02-0.00000000E+00-7.35162695E-03
14 12 7.35179641E-03-2.13965369E-08-4.90102547E-03-0.00000000E+00-0.00000000E+00
14 13 6.57064867E-07-1.21058449E-06-2.35142191E-01-1.35767417E-01-0.00000000E+00
14 14-1.28023450E-06-8.38571787E-02-4.84189741E-02-0.00000000E+00-7.35181311E-03
14 15 7.35146664E-03-2.89168590E-09 4.90150079E-03-0.00000000E+00-0.00000000E+00
14 16-6.19097092E-07 1.34177989E-06-2.31397931E-06 2.71523396E-01-0.00000000E+00
14 17 5.54312506E-07-1.68771460E-06 9.68321147E-02-0.00000000E+00-9.71357228E-08
14 18 3.98878979E-08-5.80404151E-08 9.80258652E-03-0.00000000E+00-0.00000000E+00
14 19 1.47042749E-06 8.95623393E-07 6.32733065E-07 9.86146745E-07 9.95522097E-07
14 20 5.34395905E-07 5.26305648E-07 7.73105638E-08-3.85646212E-06-2.70607884E-06
14 21 1.00438416E-07 3.31298218E-07
15  1-1.45716665E-03 3.23502919E-03 8.42090279E-02-2.47316968E-02 0.00000000E+00
15  2 2.16380451E-03 3.03435260E-02-6.84862926E-03 0.00000000E+00 1.11332688E-02
15  3-1.16596646E-02-8.42928730E-06 6.43208657E-03 0.00000000E+00 0.00000000E+00
15  4-1.85031487E-02 4.10798594E-02-9.89895563E-02 2.46252177E-01 0.00000000E+00
15  5 2.74751549E-02-4.74120272E-02 1.08167400E-01 0.00000000E+00-2.59607388E-03
15  6-4.09115305E-03-1.06690192E-04 1.43105829E-02 0.00000000E+00 0.00000000E+00
15  7-1.70468322E-02 3.78464833E-02-2.42061218E-01-4.78896999E-02 0.00000000E+00
15  8 2.53121859E-02-1.08135599E-01-1.66771130E-02 0.00000000E+00-1.33121267E-02
15  9 7.15171081E-03-9.83308360E-05 8.20425587E-03 0.00000000E+00 0.00000000E+00
15 10 1.45712599E-03-3.23507454E-03 8.42059591E-02-2.47249654E-02 0.00000000E+00
15 11-2.16243546E-03 3.03422748E-02-6.84642474E-03 0.00000000E+00-1.11329358E-02
15 12 1.16594919E-02 8.40794792E-06-6.43159582E-03 0.00000000E+00 0.00000000E+00
15 13 1.85031508E-02-4.10798870E-02-9.89878728E-02 2.46246252E-01 0.00000000E+00
15 14-2.74754612E-02-4.74118710E-02 1.08165072E-01 0.00000000E+00 2.59643099E-03
15 15 4.09060708E-03 1.06744849E-04-1.43101625E-02 0.00000000E+00 0.00000000E+00
15 16 1.70467727E-02-3.78464574E-02-2.42063836E-01-4.78838614E-02 0.00000000E+00
15 17-2.53116839E-02-1.08136875E-01-1.66751542E-02 0.00000000E+00 1.33123761E-02
15 18-7.15178329E-03 9.83257692E-05-8.20385943E-03 0.00000000E+00 0.00000000E+00
15 19-1.48021203E-01-1.15557381E-01-1.36362334E-01-1.06456040E-01 1.16553857E-02
15 20 9.09951368E-03 1.36364175E-01 1.06457422E-01 1.48016997E-01 1.15554495E-01
15 21-1.16526259E-02-9.09719164E-03
16  1-2.05263956E-02 4.55712306E-02 1.40481558E-01 2.55432012E-01 0.00000000E+00
16  2 3.04804077E-02 6.32728531E-02 1.13809487E-01 0.00000000E+00 1.67336871E-03
16  3-9.09068902E-03-1.18388880E-04-1.28381458E-02 0.00000000E+00 0.00000000E+00
16  4-9.00038193E-03 1.99822025E-02-1.30492876E-01 7.22437417E-02 0.00000000E+00
16  5 1.33671631E-02-5.17382157E-02 3.60620994E-02 0.00000000E+00 1.09547970E-02
16  6-1.42075813E-02-5.18895231E-05-1.18371677E-03 0.00000000E+00 0.00000000E+00
16  7 1.15239260E-02-2.55847651E-02 1.63645036E-01-7.08350059E-02 0.00000000E+00
16  8-1.71149479E-02 7.31077823E-02-2.46676284E-02 0.00000000E+00 8.99960075E-03
16  9-4.83490508E-03 6.64397615E-05 1.21361519E-02 0.00000000E+00 0.00000000E+00
16 10 2.05261132E-02-4.55707375E-02 1.40485165E-01 2.55436612E-01 0.00000000E+00
16 11-3.04796860E-02 6.32743680E-02 1.13811932E-01 0.00000000E+00-1.67365192E-03
16 12 9.09099604E-03 1.18348893E-04 1.28384390E-02 0.00000000E+00 0.00000000E+00
16 13 9.00020139E-03-1.99819330E-02-1.30498127E-01 7.22421563E-02 0.00000000E+00
16 14-1.33662297E-02-5.17402637E-02 3.60615779E-02 0.00000000E+00-1.09549235E-02
16 15 1.42079272E-02 5.18831768E-05 1.18371114E-03 0.00000000E+00 0.00000000E+00
16 16-1.15236823E-02 2.55844082E-02 1.63647797E-01-7.08313193E-02 0.00000000E+00
16 17 1.71131904E-02 7.31088151E-02-2.46659947E-02 0.00000000E+00-8.99987506E-03
16 18 4.83492741E-03-6.64192792E-05-1.21360169E-02 0.00000000E+00 0.00000000E+00
16 19-7.20018642E-02-5.62101004E-02 9.21879023E-02 7.19691541E-02 1.64188566E-01
16 20 1.28179796E-01-9.21899181E-02-7.19706170E-02 7.20030341E-02 5.62112424E-02
16 21-1.64184679E-01-1.28177165E-01
17  1 4.97406458E-03-1.59097915E-02-1.21801422E-01-1.85171239E-01-0.00000000E+00
17  2 3.54643286E-03-7.02399766E-02-1.10268382E-01-0.00000000E+00-7.75946776E-03
17  3 1.58969184E-02-8.20050251E-04 2.20718369E-02-0.00000000E+00-0.00000000E+00
17  4-2.26879048E-03 7.25763190E-03 1.46565889E-01 2.01183010E-01-0.00000000E+00
17  5-1.62117328E-03 5.72201581E-02 1.01844827E-01-0.00000000E+00-7.20707782E-03
17  6 3.49444862E-03 3.74111001E-04 1.72347645E-02-0.00000000E+00-0.00000000E+00
17  7-2.70482952E-03 8.65155522E-03-1.20310466E-01-2.14623077E-01-0.00000000E+00
17  8-1.92872956E-03-7.10211394E-02-9.47810430E-02-0.00000000E+00-1.44295945E-02
17  9 1.00047320E-02 4.45845697E-04 1.31756804E-02-0.00000000E+00-0.00000000E+00
17 10 4.97346776E-03-1.59083901E-02 1.21796629E-01 1.85166774E-01-0.00000000E+00
17 11 3.54744951E-03 7.02373844E-02 1.10266134E-01-0.00000000E+00-7.75923066E-03
17 12 1.58963733E-02-8.20054896E-04 2.20715507E-02-0.00000000E+00-0.00000000E+00
17 13-2.26969174E-03 7.25962836E-03-1.46560488E-01-2.01187914E-01-0.00000000E+00
17 14-1.61807483E-03-5.72175661E-02-1.01848088E-01-0.00000000E+00-7.20704458E-03
17 15 3.49427368E-03 3.74059481E-04 1.72348300E-02-0.00000000E+00-0.00000000E+00
17 16-2.70451232E-03 8.65087391E-03 1.20310785E-01 2.14623988E-01-0.00000000E+00
17 17-1.93019879E-03 7.10212206E-02 9.47808217E-02-0.00000000E+00-1.44296640E-02
17 18 1.00049155E-02 4.45866189E-04 1.31761033E-02-0.00000000E+00-0.00000000E+00
17 19-7.41997679E-02-6.62758878E-02-8.84332823E-02-7.89896193E-02 1.62631832E-01
17 20 1.45263317E-01-8.84338664E-02-7.89901608E-02-7.42026403E-02-6.62790043E-02
17 21 1.62635816E-01 1.45267489E-01
18  1-2.51427549E-04 8.04106043E-04-2.15481499E-01 1.37313747E-01 0.00000000E+00
18  2-1.79440073E-04-9.43291550E-02 6.20791569E-02 0.00000000E+00-1.13914758E-02
18  3 1.09802699E-02 4.14093256E-05-8.97086136E-03 0.00000000E+00 0.00000000E+00
18  4 4.43296153E-03-1.41795070E-02 1.99464265E-01-1.12550472E-01 0.00000000E+00
18  5 3.16254910E-03 1.02749448E-01-7.51005299E-02 0.00000000E+00-1.17489219E-02
18  6 1.90014870E-02-7.30847133E-04-1.64499867E-02 0.00000000E+00 0.00000000E+00
18  7-4.18229446E-03 1.33771203E-02-1.86031097E-01 1.38804439E-01 0.00000000E+00
18  8-2.98024116E-03-1.09817925E-01 6.12988137E-02 0.00000000E+00-2.23108195E-02
18  9 1.54692802E-02 6.89425424E-04-8.52196462E-03 0.00000000E+00 0.00000000E+00
18 10-2.51314481E-04 8.03820360E-04 2.15483362E-01-1.37317517E-01 0.00000000E+00
18 11-1.78041671E-04 9.43291044E-02-6.20817907E-02 0.00000000E+00-1.13916346E-02
18 12 1.09805533E-02 4.14399060E-05-8.97132681E-03 0.00000000E+00 0.00000000E+00
18 13 4.43323496E-03-1.41803259E-02-1.99467991E-01 1.12553973E-01 0.00000000E+00
18 14 3.16091996E-03-1.02752322E-01 7.51033774E-02 0.00000000E+00-1.17485815E-02
18 15 1.90014545E-02-7.30826698E-04-1.64506542E-02 0.00000000E+00 0.00000000E+00
18 16-4.18116064E-03 1.33747232E-02 1.86025474E-01-1.38802866E-01 0.00000000E+00
18 17-2.98435813E-03 1.09815503E-01-6.12971541E-02 0.00000000E+00-2.23106142E-02
18 18 1.54690381E-02 6.89409356E-04-8.52203114E-03 0.00000000E+00 0.00000000E+00
18 19 1.44951976E-01 1.29472370E-01-1.36737785E-01-1.22135596E-01-8.21787103E-03
18 20-7.33994198E-03-1.36735187E-01-1.22132751E-01 1.44955728E-01 1.29476084E-01
18 21-8.21620085E-03-7.33873984E-03
19  1 0.00000000E+00 0.00000000E+00 0.00000000E+00 0.00000000E+00 2.14241596E-01
19  2 0.00000000E+00 0.00000000E+00 0.00000000E+00 1.33843236E-01 0.00000000E+00
19  3 0.00000000E+00 0.00000000E+00 0.00000000E+00 5.54918702E-03 9.61177880E-03
19  4 0.00000000E+00 0.00000000E+00 0.00000000E+00 0.00000000E+00 2.14240994E-01
19  5 0.00000000E+00 0.00000000E+00 0.00000000E+00 1.33842711E-01 0.00000000E+00
19  6 0.00000000E+00 0.00000000E+00 0.00000000E+00-5.54938203E-03 9.61179270E-03
19  7 0.00000000E+00 0.00000000E+00 0.00000000E+00 0.00000000E+00 2.14239596E-01
19  8 0.00000000E+00 0.00000000E+00 0.00000000E+00 1.33841972E-01 0.00000000E+00
19  9 0.00000000E+00 0.00000000E+00 0.00000000E+00-1.10986512E-02-3.04540258E-07
19 10 0.00000000E+00 0.00000000E+00 0.00000000E+00 0.00000000E+00 2.14238885E-01
19 11 0.00000000E+00 0.00000000E+00 0.00000000E+00 1.33841734E-01 0.00000000E+00
19 12 0.00000000E+00 0.00000000E+00 0.00000000E+00-5.54934980E-03-9.61159982E-03
19 13 0.00000000E+00 0.00000000E+00 0.00000000E+00 0.00000000E+00 2.14241027E-01
19 14 0.00000000E+00 0.00000000E+00 0.00000000E+00 1.33842693E-01 0.00000000E+00
19 15 0.00000000E+00 0.00000000E+00 0.00000000E+00 5.54930102E-03-9.61185634E-03
19 16 0.00000000E+00 0.00000000E+00 0.00000000E+00 0.00000000E+00 2.14242292E-01
19 17 0.00000000E+00 0.00000000E+00 0.00000000E+00 1.33843362E-01 0.00000000E+00
19 18 0.00000000E+00 0.00000000E+00 0.00000000E+00 1.10987838E-02 7.75792605E-08
19 19 0.00000000E+00 0.00000000E+00 0.00000000E+00 0.00000000E+00 0.00000000E+00
19 20 0.00000000E+00 0.00000000E+00 0.00000000E+00 0.00000000E+00 0.00000000E+00
19 21 0.00000000E+00 0.00000000E+00
20  1 0.00000000E+00 0.00000000E+00 0.00000000E+00 0.00000000E+00 2.90177095E-02
20  2 0.00000000E+00 0.00000000E+00 0.00000000E+00 2.30626746E-02 0.00000000E+00
20  3 0.00000000E+00 0.00000000E+00 0.00000000E+00 1.76849325E-02-9.36286652E-03
20  4 0.00000000E+00 0.00000000E+00 0.00000000E+00 0.00000000E+00 2.94504559E-01
20  5 0.00000000E+00 0.00000000E+00 0.00000000E+00 2.34065706E-01 0.00000000E+00
20  6 0.00000000E+00 0.00000000E+00 0.00000000E+00 3.58875718E-03 1.06725583E-02
20  7 0.00000000E+00 0.00000000E+00 0.00000000E+00 0.00000000E+00 2.65486093E-01
20  8 0.00000000E+00 0.00000000E+00 0.00000000E+00 2.11002239E-01 0.00000000E+00
20  9 0.00000000E+00 0.00000000E+00 0.00000000E+00-6.71424979E-03-1.15530742E-02
20 10 0.00000000E+00 0.00000000E+00 0.00000000E+00 0.00000000E+00-2.90193717E-02
20 11 0.00000000E+00 0.00000000E+00 0.00000000E+00-2.30638554E-02 0.00000000E+00
20 12 0.00000000E+00 0.00000000E+00 0.00000000E+00 1.76847939E-02-9.36274784E-03
20 13 0.00000000E+00 0.00000000E+00 0.00000000E+00 0.00000000E+00-2.94502324E-01
20 14 0.00000000E+00 0.00000000E+00 0.00000000E+00-2.34063609E-01 0.00000000E+00
20 15 0.00000000E+00 0.00000000E+00 0.00000000E+00 3.58865522E-03 1.06724799E-02
20 16 0.00000000E+00 0.00000000E+00 0.00000000E+00 0.00000000E+00-2.65484483E-01
20 17 0.00000000E+00 0.00000000E+00 0.00000000E+00-2.11000906E-01 0.00000000E+00
20 18 0.00000000E+00 0.00000000E+00 0.00000000E+00-6.71424745E-03-1.15528554E-02
20 19 0.00000000E+00 0.00000000E+00 0.00000000E+00 0.00000000E+00 0.00000000E+00
20 20 0.00000000E+00 0.00000000E+00 0.00000000E+00 0.00000000E+00 0.00000000E+00
20 21 0.00000000E+00 0.00000000E+00
21  1-0.00000000E+00-0.00000000E+00-0.00000000E+00-0.00000000E+00-3.23308953E-01
21  2-0.00000000E+00-0.00000000E+00-0.00000000E+00-2.56959545E-01-0.00000000E+00
21  3-0.00000000E+00-0.00000000E+00-0.00000000E+00-2.53368225E-03-7.97848594E-03
21  4-0.00000000E+00-0.00000000E+00-0.00000000E+00-0.00000000E+00-1.36521889E-01
21  5-0.00000000E+00-0.00000000E+00-0.00000000E+00-1.08505003E-01-0.00000000E+00
21  6-0.00000000E+00-0.00000000E+00-0.00000000E+00 1.75011870E-02 6.11751438E-03
21  7-0.00000000E+00-0.00000000E+00-0.00000000E+00-0.00000000E+00 1.86784852E-01
21  8-0.00000000E+00-0.00000000E+00-0.00000000E+00 1.48453286E-01-0.00000000E+00
21  9-0.00000000E+00-0.00000000E+00-0.00000000E+00-4.72397697E-03 1.64203252E-02
21 10-0.00000000E+00-0.00000000E+00-0.00000000E+00-0.00000000E+00 3.23310845E-01
21 11-0.00000000E+00-0.00000000E+00-0.00000000E+00 2.56961338E-01-0.00000000E+00
21 12-0.00000000E+00-0.00000000E+00-0.00000000E+00-2.53405126E-03-7.97844367E-03
21 13-0.00000000E+00-0.00000000E+00-0.00000000E+00-0.00000000E+00 1.36525593E-01
21 14-0.00000000E+00-0.00000000E+00-0.00000000E+00 1.08508297E-01-0.00000000E+00
21 15-0.00000000E+00-0.00000000E+00-0.00000000E+00 1.75013359E-02 6.11758612E-03
21 16-0.00000000E+00-0.00000000E+00-0.00000000E+00-0.00000000E+00-1.86785518E-01
21 17-0.00000000E+00-0.00000000E+00-0.00000000E+00-1.48453588E-01-0.00000000E+00
21 18-0.00000000E+00-0.00000000E+00-0.00000000E+00-4.72400327E-03 1.64205422E-02
21 19-0.00000000E+00-0.00000000E+00-0.00000000E+00-0.00000000E+00-0.00000000E+00
21 20-0.00000000E+00-0.00000000E+00-0.00000000E+00-0.00000000E+00-0.00000000E+00
21 21-0.00000000E+00-0.00000000E+00
22  1 0.00000000E+00 0.00000000E+00 0.00000000E+00 0.00000000E+00 4.42180626E-01
22  2 0.00000000E+00 0.00000000E+00 0.00000000E+00 3.49466778E-01 0.00000000E+00
22  3 0.00000000E+00 0.00000000E+00 0.00000000E+00 2.80810964E-03-9.88116405E-04
22  4 0.00000000E+00 0.00000000E+00 0.00000000E+00 0.00000000E+00-1.79768136E-01
22  5 0.00000000E+00 0.00000000E+00 0.00000000E+00-1.42075977E-01 0.00000000E+00
22  6 0.00000000E+00 0.00000000E+00 0.00000000E+00-2.14935529E-02-1.26669827E-02
22  7 0.00000000E+00 0.00000000E+00 0.00000000E+00 0.00000000E+00-2.62409823E-01
22  8 0.00000000E+00 0.00000000E+00 0.00000000E+00-2.07389579E-01 0.00000000E+00
22  9 0.00000000E+00 0.00000000E+00 0.00000000E+00 3.25417544E-04 2.20213963E-02
22 10 0.00000000E+00 0.00000000E+00 0.00000000E+00 0.00000000E+00 4.42182628E-01
22 11 0.00000000E+00 0.00000000E+00 0.00000000E+00 3.49467716E-01 0.00000000E+00
22 12 0.00000000E+00 0.00000000E+00 0.00000000E+00-2.80811181E-03 9.88195277E-04
22 13 0.00000000E+00 0.00000000E+00 0.00000000E+00 0.00000000E+00-1.79773970E-01
22 14 0.00000000E+00 0.00000000E+00 0.00000000E+00-1.42079668E-01 0.00000000E+00
22 15 0.00000000E+00 0.00000000E+00 0.00000000E+00 2.14934863E-02 1.26670634E-02
22 16 0.00000000E+00 0.00000000E+00 0.00000000E+00 0.00000000E+00-2.62409250E-01
22 17 0.00000000E+00 0.00000000E+00 0.00000000E+00-2.07388578E-01 0.00000000E+00
22 18 0.00000000E+00 0.00000000E+00 0.00000000E+00-3.25378224E-04-2.20215454E-02
22 19 0.00000000E+00 0.00000000E+00 0.00000000E+00 0.00000000E+00 0.00000000E+00
22 20 0.00000000E+00 0.00000000E+00 0.00000000E+00 0.00000000E+00 0.00000000E+00
22 21 0.00000000E+00 0.00000000E+00
23  1 0.00000000E+00 0.00000000E+00 0.00000000E+00 0.00000000E+00-4.77106600E-02
23  2 0.00000000E+00 0.00000000E+00 0.00000000E+00-3.77073900E-02 0.00000000E+00
23  3 0.00000000E+00 0.00000000E+00 0.00000000E+00 2.34549896E-02-1.36098872E-02
23  4 0.00000000E+00 0.00000000E+00 0.00000000E+00 0.00000000E+00 4.06797463E-01
23  5 0.00000000E+00 0.00000000E+00 0.00000000E+00 3.21502160E-01 0.00000000E+00
23  6 0.00000000E+00 0.00000000E+00 0.00000000E+00-9.80009834E-03-5.07532838E-03
23  7 0.00000000E+00 0.00000000E+00 0.00000000E+00 0.00000000E+00-3.59087104E-01
23  8 0.00000000E+00 0.00000000E+00 0.00000000E+00-2.83795145E-01 0.00000000E+00
23  9 0.00000000E+00 0.00000000E+00 0.00000000E+00 4.45532411E-04-1.60926519E-02
23 10 0.00000000E+00 0.00000000E+00 0.00000000E+00 0.00000000E+00-4.77123854E-02
23 11 0.00000000E+00 0.00000000E+00 0.00000000E+00-3.77076962E-02 0.00000000E+00
23 12 0.00000000E+00 0.00000000E+00 0.00000000E+00-2.34549092E-02 1.36097704E-02
23 13 0.00000000E+00 0.00000000E+00 0.00000000E+00 0.00000000E+00 4.06795437E-01
23 14 0.00000000E+00 0.00000000E+00 0.00000000E+00 3.21500841E-01 0.00000000E+00
23 15 0.00000000E+00 0.00000000E+00 0.00000000E+00 9.80002822E-03 5.07523217E-03
23 16 0.00000000E+00 0.00000000E+00 0.00000000E+00 0.00000000E+00-3.59083605E-01
23 17 0.00000000E+00 0.00000000E+00 0.00000000E+00-2.83792686E-01 0.00000000E+00
23 18 0.00000000E+00 0.00000000E+00 0.00000000E+00-4.45615626E-04 1.60928135E-02
23 19 0.00000000E+00 0.00000000E+00 0.00000000E+00 0.00000000E+00 0.00000000E+00
23 20 0.00000000E+00 0.00000000E+00 0.00000000E+00 0.00000000E+00 0.00000000E+00
23 21 0.00000000E+00 0.00000000E+00
24  1-0.00000000E+00-0.00000000E+00-0.00000000E+00-0.00000000E+00-3.81087526E-01
24  2-0.00000000E+00-0.00000000E+00-0.00000000E+00-2.90436442E-01-0.00000000E+00
24  3-0.00000000E+00-0.00000000E+00-0.00000000E+00 1.30288420E-03 2.25697361E-03
24  4-0.00000000E+00-0.00000000E+00-0.00000000E+00-0.00000000E+00 3.81086678E-01
24  5-0.00000000E+00-0.00000000E+00-0.00000000E+00 2.90435742E-01-0.00000000E+00
24  6-0.00000000E+00-0.00000000E+00-0.00000000E+00 1.30328762E-03-2.25660398E-03
24  7-0.00000000E+00-0.00000000E+00-0.00000000E+00-0.00000000E+00-3.81084229E-01
24  8-0.00000000E+00-0.00000000E+00-0.00000000E+00-2.90432917E-01-0.00000000E+00
24  9-0.00000000E+00-0.00000000E+00-0.00000000E+00-2.60582605E-03-7.41579477E-08
24 10-0.00000000E+00-0.00000000E+00-0.00000000E+00-0.00000000E+00 3.81083355E-01
24 11-0.00000000E+00-0.00000000E+00-0.00000000E+00 2.90432596E-01-0.00000000E+00
24 12-0.00000000E+00-0.00000000E+00-0.00000000E+00 1.30316706E-03 2.25691774E-03
24 13-0.00000000E+00-0.00000000E+00-0.00000000E+00-0.00000000E+00-3.81086425E-01
24 14-0.00000000E+00-0.00000000E+00-0.00000000E+00-2.90435732E-01-0.00000000E+00
24 15-0.00000000E+00-0.00000000E+00-0.00000000E+00 1.30267306E-03-2.25682937E-03
24 16-0.00000000E+00-0.00000000E+00-0.00000000E+00-0.00000000E+00 3.81089049E-01
24 17-0.00000000E+00-0.00000000E+00-0.00000000E+00 2.90437291E-01-0.00000000E+00
24 18-0.00000000E+00-0.00000000E+00-0.00000000E+00-2.60588512E-03 5.34456374E-08
24 19-0.00000000E+00-0.00000000E+00-0.00000000E+00-0.00000000E+00-0.00000000E+00
24 20-0.00000000E+00-0.00000000E+00-0.00000000E+00-0.00000000E+00-0.00000000E+00
24 21-0.00000000E+00-0.00000000E+00
25  1 3.78527099E-02-4.68606003E-02 5.37477882E-02 9.30941854E-02 0.00000000E+00
25  2-5.55697740E-01 1.55087615E-01 2.68626910E-01 0.00000000E+00-4.47550406E-03
25  3 1.03099948E-02 2.63711276E-04 1.47849046E-02 0.00000000E+00 0.00000000E+00
25  4 3.78537625E-02-4.68640198E-02-5.37467747E-02 9.30948704E-02 0.00000000E+00
25  5-5.55686299E-01-1.55099971E-01 2.68642742E-01 0.00000000E+00-4.47483731E-03
25  6 1.03096831E-02 2.63360247E-04-1.47847356E-02 0.00000000E+00 0.00000000E+00
25  7 3.78531246E-02-4.68615005E-02-1.07495997E-01-2.32088300E-06 0.00000000E+00
25  8-5.55697767E-01-3.10181974E-01-7.04390273E-06 0.00000000E+00 1.77020441E-02
25  9-1.18675499E-02 2.63601939E-04 1.84328857E-07 0.00000000E+00 0.00000000E+00
25 10 3.78527778E-02-4.68622173E-02-5.37469658E-02-9.30930270E-02 0.00000000E+00
25 11-5.55679454E-01-1.55095182E-01-2.68637096E-01 0.00000000E+00-4.47522817E-03
25 12 1.03099815E-02 2.63482130E-04 1.47848472E-02 0.00000000E+00 0.00000000E+00
25 13 3.78539150E-02-4.68624598E-02 5.37496236E-02-9.30970451E-02 0.00000000E+00
25 14-5.55706343E-01 1.55097170E-01-2.68632315E-01 0.00000000E+00-4.47498223E-03
25 15 1.03095581E-02 2.63571717E-04-1.47849449E-02 0.00000000E+00 0.00000000E+00
25 16 3.78537128E-02-4.68634639E-02 1.07497804E-01 2.21819384E-06 0.00000000E+00
25 17-5.55689954E-01 3.10204200E-01 6.96274142E-06 0.00000000E+00 1.77023155E-02
25 18-1.18674734E-02 2.63410526E-04 2.99987650E-07 0.00000000E+00 0.00000000E+00
25 19 3.46052944E-02 7.79391516E-01 3.46051744E-02 7.79377559E-01 3.46052682E-02
25 20 7.79383842E-01 3.46057544E-02 7.79398301E-01 3.46057645E-02 7.79391326E-01
25 21 3.46049775E-02 7.79381079E-01
26  1 5.23506337E-03-1.80733604E-03-3.29610176E-04 3.22842052E-02-0.00000000E+00
26  2-1.54382766E-01 3.09522996E-01-6.99581423E-02-0.00000000E+00 8.24165612E-03
26  3-8.37284565E-03 6.29415603E-04 6.64276605E-03-0.00000000E+00-0.00000000E+00
26  4 3.54286748E-02-1.22357284E-02-9.94647185E-02 1.59780726E-01-0.00000000E+00
26  5-1.04471171E+00-2.18891475E-01 6.09643414E-01-0.00000000E+00-6.56349754E-03
26  6 5.67708957E-03 4.25882773E-03-3.39464941E-03-0.00000000E+00-0.00000000E+00
26  7 3.01929762E-02-1.04250735E-02-1.60312911E-01 1.01784362E-02-0.00000000E+00
26  8-8.90354027E-01-5.43207783E-01-1.87775093E-01-0.00000000E+00 4.39984788E-03
26  9-5.15563625E-03 3.62975078E-03 7.20593988E-03-0.00000000E+00-0.00000000E+00
26 10-5.23347859E-03 1.80518348E-03-3.30436905E-04 3.22825802E-02-0.00000000E+00
26 11 1.54355514E-01 3.09510280E-01-6.99645845E-02-0.00000000E+00-8.24152958E-03
26 12 8.37272630E-03-6.29375803E-04-6.64279950E-03-0.00000000E+00-0.00000000E+00
26 13-3.54286818E-02 1.22357344E-02-9.94647884E-02 1.59780696E-01-0.00000000E+00
26 14 1.04470539E+00-2.18896469E-01 6.09639244E-01-0.00000000E+00 6.56320896E-03
26 15-5.67673564E-03-4.25875689E-03 3.39456824E-03-0.00000000E+00-0.00000000E+00
26 16-3.01931434E-02 1.04254930E-02-1.60311133E-01 1.01771424E-02-0.00000000E+00
26 17 8.90358710E-01-5.43207163E-01-1.87787770E-01-0.00000000E+00-4.39971469E-03
26 18 5.15552850E-03-3.62970495E-03-7.20578073E-03-0.00000000E+00-0.00000000E+00
26 19 6.51180777E-03 1.23989281E+00 5.54921467E-03 1.05667221E+00-9.61867350E-04
26 20-1.83178805E-01-5.54908268E-03-1.05666923E+00-6.51193061E-03-1.23988201E+00
26 21 9.61598258E-04 1.83203232E-01
27  1-3.78850778E-02 1.30787482E-02-1.02543292E-01-1.73072841E-01 0.00000000E+00
27  2 1.11723883E+00-3.04536976E-01-6.11222704E-01 0.00000000E+00 4.67705624E-03
27  3-3.72802062E-03-4.55490116E-03-5.19129553E-03 0.00000000E+00 0.00000000E+00
27  4-1.44114593E-02 4.98055083E-03 2.49523999E-02-7.39396904E-02 0.00000000E+00
27  5 4.24914690E-01 3.75056081E-01-8.28630831E-02 0.00000000E+00-6.83548024E-03
27  6 7.19559105E-03-1.73200593E-03 7.71658102E-03 0.00000000E+00 0.00000000E+00
27  7 2.34780899E-02-8.11122610E-03-1.24650192E-01-1.30911139E-02 0.00000000E+00
27  8-6.92283700E-01-4.22417539E-01 2.41500524E-01 0.00000000E+00 3.42099264E-03
27  9-4.00818929E-03 2.82197367E-03-9.26702259E-03 0.00000000E+00 0.00000000E+00
27 10 3.78860238E-02-1.30801008E-02-1.02543389E-01-1.73073702E-01 0.00000000E+00
27 11-1.11725009E+00-3.04534400E-01-6.11227873E-01 0.00000000E+00-4.67679864E-03
27 12 3.72795070E-03 4.55490804E-03 5.19137942E-03 0.00000000E+00 0.00000000E+00
27 13 1.44109434E-02-4.97987842E-03 2.49538432E-02-7.39404871E-02 0.00000000E+00
27 14-4.24906617E-01 3.75060264E-01-8.28606709E-02 0.00000000E+00 6.83546420E-03
27 15-7.19569746E-03 1.73195277E-03-7.71673843E-03 0.00000000E+00 0.00000000E+00
27 16-2.34779204E-02 8.11082391E-03-1.24650618E-01-1.30917878E-02 0.00000000E+00
27 17 6.92280711E-01-4.22417887E-01 2.41502474E-01 0.00000000E+00-3.42106669E-03
27 18 4.00818849E-03-2.82195968E-03 9.26719910E-03 0.00000000E+00 0.00000000E+00
27 19-2.64812326E-03-5.04335635E-01 4.31454265E-03 8.21648275E-01 6.96057447E-03
27 20 1.32591135E+00-4.31468527E-03-8.21647868E-01 2.64870231E-03 5.04332488E-01
27 21-6.96030749E-03-1.32589887E+00
28  1 1.83158515E-02-2.04026595E-02 5.80072252E-02-6.26528239E-03-0.00000000E+00
28  2-3.56412807E-01 4.43895216E-01-5.09947791E-02-0.00000000E+00-6.65631547E-03
28  3 6.87240934E-03 6.09660407E-04-7.12228161E-03-0.00000000E+00-0.00000000E+00
28  4 5.72416018E-02-6.37901557E-02-6.95179429E-02 4.49522580E-02-0.00000000E+00
28  5-1.11344999E+00-5.28945011E-01 3.36573222E-01-0.00000000E+00-2.07153616E-03
28  6 2.75341295E-03 1.90181681E-03 9.77395648E-03-0.00000000E+00-0.00000000E+00
28  7-7.55609019E-02 8.42030874E-02 9.72709038E-02-1.56397170E-02-0.00000000E+00
28  8 1.46982407E+00 7.33849017E-01-1.20134642E-01-0.00000000E+00 7.63444156E-03
28  9-8.53413314E-03-2.51067950E-03-3.02603805E-03-0.00000000E+00-0.00000000E+00
28 10 1.83216231E-02-2.04220415E-02-5.80134018E-02 6.26007710E-03-0.00000000E+00
28 11-3.56322012E-01-4.44012576E-01 5.08087570E-02-0.00000000E+00-6.65433992E-03
28 12 6.87379533E-03 6.08090291E-04-7.12327042E-03-0.00000000E+00-0.00000000E+00
28 13 5.72362110E-02-6.37709857E-02 6.95139316E-02-4.49467177E-02-0.00000000E+00
28 14-1.11354650E+00 5.28834031E-01-3.36380933E-01-0.00000000E+00-2.07347331E-03
28 15 2.75221413E-03 1.90321110E-03 9.77305346E-03-0.00000000E+00-0.00000000E+00
28 16-7.55545924E-02 8.41832540E-02-9.72633953E-02 1.56413683E-02-0.00000000E+00
28 17 1.46991140E+00-7.33627337E-01 1.20140964E-01-0.00000000E+00 7.63496580E-03
28 18-8.53142561E-03-2.51209459E-03-3.02596950E-03-0.00000000E+00-0.00000000E+00
28 19-1.08595104E-02 1.03720190E+00 1.43360326E-02-1.36912161E+00-3.47409252E-03
28 20 3.32009650E-01 1.43386227E-02-1.36893498E+00-1.08630005E-02 1.03701425E+00
28 21-3.47774051E-03 3.31824307E-01
29  1-7.66649719E-02 8.54135462E-02-3.83009746E-02-9.18450956E-02-0.00000000E+00
29  2 1.49162654E+00-2.87328492E-01-6.93581472E-01-0.00000000E+00-6.40512600E-03
29  3 5.49708436E-03-2.54998256E-03 6.96816958E-03-0.00000000E+00-0.00000000E+00
29  4 5.41935835E-02-6.03744554E-02-3.76395809E-04 8.03387011E-02-0.00000000E+00
29  5-1.05447299E+00 1.99434922E-03 6.08647028E-01-0.00000000E+00 9.00103373E-03
29  6-8.36007174E-03 1.80283012E-03 1.94340793E-03-0.00000000E+00-0.00000000E+00
29  7 2.24768802E-02-2.50592523E-02-2.89328111E-02-5.25957304E-02-0.00000000E+00
29  8-4.37057965E-01-2.18428123E-01-4.03986559E-01-0.00000000E+00-2.26981620E-03
29  9 2.54009220E-03 7.45236724E-04-1.01759898E-02-0.00000000E+00-0.00000000E+00
29 10-7.66770305E-02 8.54531078E-02 3.83092706E-02 9.18565927E-02-0.00000000E+00
29 11 1.49143775E+00 2.87555156E-01 6.93949167E-01-0.00000000E+00-6.40940317E-03
29 12 5.49495869E-03-2.54705864E-03 6.97003488E-03-0.00000000E+00-0.00000000E+00
29 13 5.42049784E-02-6.04134675E-02 3.84298376E-04-8.03511181E-02-0.00000000E+00
29 14-1.05427370E+00-1.76132662E-03-6.09019350E-01-0.00000000E+00 9.00513699E-03
29 15-8.35775884E-03 1.79983679E-03 1.94521313E-03-0.00000000E+00-0.00000000E+00
29 16 2.24642256E-02-2.50195692E-02 2.89149559E-02 5.25947231E-02-0.00000000E+00
29 17-4.37211092E-01 2.17976732E-01 4.03987384E-01-0.00000000E+00-2.27107291E-03
29 18 2.53493837E-03 7.48171458E-04-1.01759077E-02-0.00000000E+00-0.00000000E+00
29 19-1.02878426E-02 9.81854352E-01-4.26069372E-03 4.07332406E-01 1.45458958E-02
29 20-1.38937984E+00-4.26683662E-03 4.06939986E-01-1.02804255E-02 9.82208670E-01
29 21 1.45524742E-02-1.38901522E+00
30  1-4.40218455E-02 1.44312246E-01-2.94552713E-02-5.10156402E-02-0.00000000E+00
30  2-6.59104374E-01-8.28358238E-01-1.43475403E+00-0.00000000E+00-1.51213217E-02
30  3-8.21164882E-03 1.07096897E-02 6.91022776E-03-0.00000000E+00-0.00000000E+00
30  4 4.40114875E-02-1.44304822E-01-2.94375960E-02 5.10036435E-02-0.00000000E+00
30  5 6.59334109E-01-8.28237267E-01 1.43471027E+00-0.00000000E+00 1.51218200E-02
30  6 8.21120857E-03-1.07106174E-02 6.90810189E-03-0.00000000E+00-0.00000000E+00
30  7-4.40009303E-02 1.44291653E-01 5.88766762E-02-3.22204121E-06-0.00000000E+00
30  8-6.59543544E-01 1.65649295E+00-6.57511468E-06-0.00000000E+00-4.75887391E-03
30  9-1.85742581E-02 1.07107945E-02-1.38300687E-06-0.00000000E+00-0.00000000E+00
30 10 4.39987263E-02-1.44288596E-01-2.94368755E-02-5.09895082E-02-0.00000000E+00
30 11 6.59536501E-01-8.28227877E-01-1.43456450E+00-0.00000000E+00 1.51204078E-02
30 12 8.21214929E-03-1.07107560E-02-6.90741941E-03-0.00000000E+00-0.00000000E+00
30 13-4.40048148E-02 1.44296150E-01-2.94475692E-02 5.09898045E-02-0.00000000E+00
30 14-6.59485502E-01-8.28317228E-01 1.43457246E+00-0.00000000E+00-1.51193404E-02
30 15-8.21396042E-03 1.07107235E-02-6.90883985E-03-0.00000000E+00-0.00000000E+00
30 16 4.40163067E-02-1.44309617E-01 5.88975072E-02 7.25226030E-06-0.00000000E+00
30 17 6.59241993E-01 1.65666689E+00 7.86106694E-05-0.00000000E+00 4.75713669E-03
30 18 1.85758943E-02-1.07103815E-02-1.10045262E-06-0.00000000E+00-0.00000000E+00
30 19 2.30024502E-02 1.39884558E+00-2.30044668E-02-1.39863828E+00 2.30035961E-02
30 20 1.39863090E+00 2.30010613E-02 1.39893918E+00-2.30044776E-02-1.39870316E+00
30 21-2.29990195E-02-1.39905054E+00
31  1-7.24271259E-02 4.92473945E-02 9.58032010E-02 1.65641669E-01 0.00000000E+00
31  2 2.20465239E+00 8.47673874E-01 1.48623884E+00 0.00000000E+00 9.38597734E-03
31  3 5.32408089E-03-2.14302013E-03-3.48914442E-03 0.00000000E+00 0.00000000E+00
31  4 3.56212504E-02-2.42226009E-02 3.59153784E-02-8.79318050E-02 0.00000000E+00
31  5-1.08430103E+00 1.14338350E+00-3.11500325E-01 0.00000000E+00 1.52919855E-02
31  6-2.25270030E-02 1.05401763E-03-1.49872710E-02 0.00000000E+00 0.00000000E+00
31  7 3.68094341E-02-2.50313110E-02 9.72485330E-02 1.27255878E-02 0.00000000E+00
31  8-1.12044010E+00 8.69514585E-01-8.25362099E-01 0.00000000E+00-1.89218777E-03
31  9-5.58341077E-03 1.08892878E-03-2.61158589E-02 0.00000000E+00 0.00000000E+00
31 10-7.24270474E-02 4.92480593E-02-9.57882718E-02-1.65650773E-01 0.00000000E+00
31 11 2.20461862E+00-8.47555673E-01-1.48630849E+00 0.00000000E+00 9.38702861E-03
31 12 5.32294510E-03-2.14292773E-03-3.48853225E-03 0.00000000E+00 0.00000000E+00
31 13 3.56188947E-02-2.42223568E-02-3.59070278E-02 8.79364291E-02 0.00000000E+00
31 14-1.08418715E+00-1.14331453E+00 3.11521919E-01 0.00000000E+00 1.52907769E-02
31 15-2.25250529E-02 1.05385989E-03-1.49884330E-02 0.00000000E+00 0.00000000E+00
31 16 3.68059843E-02-2.50288096E-02-9.72436712E-02-1.27316628E-02 0.00000000E+00
31 17-1.12033862E+00-8.69510921E-01 8.25301217E-01 0.00000000E+00-1.89026311E-03
31 18-5.58567174E-03 1.08915564E-03-2.61153378E-02 0.00000000E+00 0.00000000E+00
31 19-5.99834264E-03-4.94798224E-01-6.19737721E-03-5.11295028E-01 1.21874343E-02
31 20 1.00610532E+00-6.18970581E-03-5.11302603E-01-5.98917461E-03-4.94810145E-01
31 21 1.21885608E-02 1.00610155E+00
32  1 6.86146162E-04-4.66421844E-04 1.19037770E-02-8.96393625E-03 0.00000000E+00
32  2-2.08908391E-02-8.37894778E-01 4.65053029E-01 0.00000000E+00 2.26534999E-02
32  3-2.27928745E-02 2.03151728E-05 1.51944289E-02 0.00000000E+00 0.00000000E+00
32  4-6.30646522E-02 4.28827005E-02-8.96002593E-02 1.40662736E-01 0.00000000E+00
32  5 1.91966029E+00-3.36742561E-01 1.52589453E+00 0.00000000E+00 1.91714621E-02
32  6-6.36187349E-03-1.86626358E-03-4.29145813E-03 0.00000000E+00 0.00000000E+00
32  7 6.23832160E-02-4.24176624E-02 1.64811146E-01-7.51830782E-03 0.00000000E+00
32  8-1.89895346E+00 1.47364888E+00 4.86949502E-01 0.00000000E+00-3.20770887E-03
32  9-9.46267443E-03 1.84593457E-03 1.54085033E-02 0.00000000E+00 0.00000000E+00
32 10 6.85096227E-04-4.65267581E-04-1.18842763E-02 8.95113571E-03 0.00000000E+00
32 11-2.08643871E-02 8.38064486E-01-4.65149537E-01 0.00000000E+00 2.26546093E-02
32 12-2.27941034E-02 2.04029871E-05 1.51963186E-02 0.00000000E+00 0.00000000E+00
32 13-6.30692525E-02 4.28844031E-02 8.96102030E-02-1.40661480E-01 0.00000000E+00
32 14 1.91985528E+00 3.36813792E-01-1.52586301E+00 0.00000000E+00 1.91697092E-02
32 15-6.35968113E-03-1.86635054E-03-4.29381975E-03 0.00000000E+00 0.00000000E+00
32 16 6.23792254E-02-4.24162444E-02-1.64805570E-01 7.50175833E-03 0.00000000E+00
32 17-1.89880813E+00-1.47362584E+00-4.87078110E-01 0.00000000E+00-3.20563611E-03
32 18-9.46471895E-03 1.84601292E-03 1.54098331E-02 0.00000000E+00 0.00000000E+00
32 19 1.06069317E-02 8.76069537E-01-1.05023949E-02-8.66536716E-01-1.14904248E-04
32 20-9.51931687E-03-1.04938598E-02-8.66536646E-01 1.06201042E-02 8.76041814E-01
32 21-1.17699550E-04-9.51574372E-03
33  1-1.27139986E-03 4.91746428E-04 1.93724302E-01-1.10333412E-01-0.00000000E+00
33  2 5.68729522E-02 1.90054323E+00-1.08941063E+00-0.00000000E+00-1.51571979E-02
33  3 1.53432774E-02-9.50898604E-06-9.03511139E-03-0.00000000E+00-0.00000000E+00
33  4 4.03622622E-02-1.56162189E-02 1.21858429E-01 2.22654999E-02-0.00000000E+00
33  5-1.80481644E+00 1.10151257E+00 3.84681577E-01-0.00000000E+00 1.82437225E-02
33  6-2.41596093E-02 3.06100604E-04 2.17189576E-02-0.00000000E+00-0.00000000E+00
33  7 4.16299867E-02-1.61062821E-02 4.29486461E-02-1.06273658E-01-0.00000000E+00
33  8-1.86154770E+00 2.24339860E-01-1.04421885E+00-0.00000000E+00-3.07894452E-02
33  9 2.46886201E-02 3.15383545E-04-9.42291610E-03-0.00000000E+00-0.00000000E+00
33 10 1.27661654E-03-4.94571589E-04 1.93734562E-01-1.10326995E-01-0.00000000E+00
33 11-5.70730802E-02 1.90050534E+00-1.08924463E+00-0.00000000E+00 1.51540830E-02
33 12-1.53418084E-02 9.92015572E-06 9.03383574E-03-0.00000000E+00-0.00000000E+00
33 13-4.03583961E-02 1.56140986E-02 1.21852659E-01 2.22731239E-02-0.00000000E+00
33 14 1.80467525E+00 1.10157264E+00 3.84840081E-01-0.00000000E+00-1.82466151E-02
33 15 2.41612559E-02-3.05830192E-04-2.17174834E-02-0.00000000E+00-0.00000000E+00
33 16-4.16390754E-02 1.61104981E-02 4.29691861E-02-1.06270179E-01-0.00000000E+00
33 17 1.86189419E+00 2.24558784E-01-1.04422747E+00-0.00000000E+00 3.07900575E-02
33 18-2.46867192E-02-3.15896354E-04 9.42313937E-03-0.00000000E+00-0.00000000E+00
33 19-1.18001390E-01 7.80146993E-02-1.21724351E-01 8.05503972E-02-3.72720654E-03
33 20 2.43692415E-03 1.21726451E-01-8.04407322E-02 1.17999347E-01-7.80652798E-02
33 21 3.72457237E-03-2.49797909E-03
34  1 4.73396842E-02-1.83163512E-02-1.92288057E-02-4.53026959E-02 0.00000000E+00
34  2-2.11683519E+00-7.65326178E-02-2.50496480E-01 0.00000000E+00 1.19018495E-02
34  3-1.88399236E-02 3.58779141E-04-3.18053866E-02 0.00000000E+00 0.00000000E+00
34  4 2.47735928E-02-9.58495635E-03-1.51824867E-01-1.17171883E-01 0.00000000E+00
34  5-1.10778529E+00-1.55062343E+00-1.04947141E+00 0.00000000E+00-6.20244882E-03
34  6 2.57133241E-03 1.87931652E-04 2.49311166E-02 0.00000000E+00 0.00000000E+00
34  7-2.25666175E-02 8.73181028E-03-2.32821923E-02-1.96069819E-01 0.00000000E+00
34  8 1.00909750E+00-1.21634403E-01-1.92658057E+00 0.00000000E+00 1.66887406E-02
34  9-1.33811160E-02-1.71170797E-04-1.73841508E-02 0.00000000E+00 0.00000000E+00
34 10-4.73401542E-02 1.83164057E-02-1.92252874E-02-4.53041715E-02 0.00000000E+00
34 11 2.11684430E+00-7.65623992E-02-2.50509371E-01 0.00000000E+00-1.19020505E-02
34 12 1.88406401E-02-3.58973788E-04 3.18053346E-02 0.00000000E+00 0.00000000E+00
34 13-2.47723493E-02 9.58517078E-03-1.51824286E-01-1.17169257E-01 0.00000000E+00
34 14 1.10773164E+00-1.55063641E+00-1.04943374E+00 0.00000000E+00 6.20198412E-03
34 15-2.57128799E-03-1.87761488E-04-2.49312256E-02 0.00000000E+00 0.00000000E+00
34 16 2.25655760E-02-8.73081828E-03-2.32803256E-02-1.96070136E-01 0.00000000E+00
34 17-1.00905535E+00-1.21604252E-01-1.92656166E+00 0.00000000E+00-1.66885612E-02
34 18 1.33813832E-02 1.71019475E-04 1.73837285E-02 0.00000000E+00 0.00000000E+00
34 19-7.24286467E-02 4.78943514E-02 6.59772999E-02-4.36297583E-02 1.38404636E-01
34 20-9.15002409E-02-6.59759941E-02 4.36461648E-02 7.24302691E-02-4.79221363E-02
34 21-1.38403534E-01 9.15074981E-02
35  1-3.94157477E-07 4.74756788E-06-2.84339660E-01 1.64162990E-01-0.00000000E+00
35  2 1.87065160E-05 4.36030472E-01-2.51722444E-01-0.00000000E+00-3.58075675E-02
35  3 3.58086100E-02 6.06802749E-08-2.38730342E-02-0.00000000E+00-0.00000000E+00
35  4 6.67606193E-07 6.12750443E-06 2.84335934E-01 1.64164386E-01-0.00000000E+00
35  5-3.22281832E-05-4.36146994E-01-2.51831444E-01-0.00000000E+00-3.58075790E-02
35  6 3.58081887E-02 6.36048622E-08 2.38726060E-02-0.00000000E+00-0.00000000E+00
35  7 4.66184804E-08 7.18373966E-06-3.88415259E-07-3.28329784E-01-0.00000000E+00
35  8 1.53457137E-05-1.02648762E-05 5.03465482E-01-0.00000000E+00-8.11278207E-07
35  9 1.77992454E-06 5.22134784E-08 4.77443320E-02-0.00000000E+00-0.00000000E+00
35 10 7.03212672E-07 4.96486536E-06-2.84335255E-01 1.64155173E-01-0.00000000E+00
35 11-2.78006226E-05 4.36167448E-01-2.51790428E-01-0.00000000E+00 3.58086151E-02
35 12-3.58084649E-02 1.08479491E-07 2.38726007E-02-0.00000000E+00-0.00000000E+00
35 13-1.02181064E-06 1.22993291E-06 2.84341934E-01 1.64166930E-01-0.00000000E+00
35 14 2.87536650E-05-4.36004677E-01-2.51762518E-01-0.00000000E+00 3.58088463E-02
35 15-3.58080218E-02 2.05235917E-08-2.38714852E-02-0.00000000E+00-0.00000000E+00
35 16 3.15516758E-07 2.56945272E-06 4.10862433E-06-3.28324674E-01-0.00000000E+00
35 17-2.61369551E-05-2.06364336E-05 5.03629405E-01-0.00000000E+00 8.53168343E-07
35 18-6.32150199E-07 1.30867059E-07-4.77440730E-02-0.00000000E+00-0.00000000E+00
35 19-7.70857790E-07-3.03115385E-06-9.35413833E-07 3.59278424E-06-9.18849090E-07
35 20-3.12942371E-06 3.64104182E-07-2.82952367E-06-2.55891118E-07 7.90140582E-06
35 21 3.63530319E-07 4.11203893E-06
36  1 3.01220724E-03 4.10060648E-01 1.07735687E-01 1.86605843E-01 0.00000000E+00
36  2-3.90201328E-01-7.46994505E-02-1.29343813E-01 0.00000000E+00 6.76442888E-02
36  3 1.35681093E-02 3.78806442E-03-5.40734534E-02 0.00000000E+00 0.00000000E+00
36  4 3.00219790E-03 4.10061170E-01-1.07752017E-01 1.86609695E-01 0.00000000E+00
36  5-3.89836810E-01 7.45449714E-02-1.29123952E-01 0.00000000E+00 6.76416921E-02
36  6 1.35682738E-02 3.79004480E-03 5.40733521E-02 0.00000000E+00 0.00000000E+00
36  7 3.01207292E-03 4.10054505E-01-2.15473347E-01 3.22125134E-06 0.00000000E+00
36  8-3.90218727E-01 1.49380677E-01-3.05851672E-05 0.00000000E+00-1.34687212E-02
36  9 9.46779958E-02 3.78851574E-03-1.98501523E-06 0.00000000E+00 0.00000000E+00
36 10 3.00119541E-03 4.10058683E-01-1.07738864E-01-1.86618961E-01 0.00000000E+00
36 11-3.89797672E-01 7.45450776E-02 1.29096825E-01 0.00000000E+00 6.76429739E-02
36 12 1.35684903E-02 3.79006516E-03-5.40744888E-02 0.00000000E+00 0.00000000E+00
36 13 3.01261236E-03 4.10058421E-01 1.07735061E-01-1.86605091E-01 0.00000000E+00
36 14-3.90236269E-01-7.46801805E-02 1.29377849E-01 0.00000000E+00 6.76408043E-02
36 15 1.35687690E-02 3.78836459E-03 5.40736067E-02 0.00000000E+00 0.00000000E+00
36 16 3.00237938E-03 4.10064967E-01 2.15484412E-01 1.16744280E-06 0.00000000E+00
36 17-3.89836495E-01-1.49091882E-01 2.47276365E-05 0.00000000E+00-1.34680139E-02
36 18 9.46791944E-02 3.78981636E-03-6.50217082E-07 0.00000000E+00 0.00000000E+00
36 19-1.44392038E-01 2.23099273E-01-1.44380455E-01 2.22994979E-01-1.44392612E-01
36 20 2.23111123E-01-1.44390979E-01 2.23103729E-01-1.44379710E-01 2.22994749E-01
36 21-1.44378768E-01 2.23005648E-01
37  1-0.00000000E+00-0.00000000E+00-0.00000000E+00-0.00000000E+00 4.27733687E-01
37  2-0.00000000E+00-0.00000000E+00-0.00000000E+00-3.02951095E-01-0.00000000E+00
37  3-0.00000000E+00-0.00000000E+00-0.00000000E+00 1.05883032E-02 1.83403830E-02
37  4-0.00000000E+00-0.00000000E+00-0.00000000E+00-0.00000000E+00 4.27733038E-01
37  5-0.00000000E+00-0.00000000E+00-0.00000000E+00-3.02955484E-01-0.00000000E+00
37  6-0.00000000E+00-0.00000000E+00-0.00000000E+00-1.05887649E-02 1.83407374E-02
37  7-0.00000000E+00-0.00000000E+00-0.00000000E+00-0.00000000E+00 4.27730025E-01
37  8-0.00000000E+00-0.00000000E+00-0.00000000E+00-3.02949475E-01-0.00000000E+00
37  9-0.00000000E+00-0.00000000E+00-0.00000000E+00-2.11772608E-02-9.52387683E-07
37 10-0.00000000E+00-0.00000000E+00-0.00000000E+00-0.00000000E+00 4.27729208E-01
37 11-0.00000000E+00-0.00000000E+00-0.00000000E+00-3.02948430E-01-0.00000000E+00
37 12-0.00000000E+00-0.00000000E+00-0.00000000E+00-1.05887907E-02-1.83395765E-02
37 13-0.00000000E+00-0.00000000E+00-0.00000000E+00-0.00000000E+00 4.27732655E-01
37 14-0.00000000E+00-0.00000000E+00-0.00000000E+00-3.02952763E-01-0.00000000E+00
37 15-0.00000000E+00-0.00000000E+00-0.00000000E+00 1.05887328E-02-1.83405549E-02
37 16-0.00000000E+00-0.00000000E+00-0.00000000E+00-0.00000000E+00 4.27735199E-01
37 17-0.00000000E+00-0.00000000E+00-0.00000000E+00-3.02957610E-01-0.00000000E+00
37 18-0.00000000E+00-0.00000000E+00-0.00000000E+00 2.11781475E-02 1.20328161E-07
37 19-0.00000000E+00-0.00000000E+00-0.00000000E+00-0.00000000E+00-0.00000000E+00
37 20-0.00000000E+00-0.00000000E+00-0.00000000E+00-0.00000000E+00-0.00000000E+00
37 21-0.00000000E+00-0.00000000E+00
38  1 1.73392319E-05-2.73234384E-05-1.84425859E-01 1.06459312E-01-0.00000000E+00
38  2-6.42890299E-04-3.47770217E+00 2.00721649E+00-0.00000000E+00 5.54553182E-03
38  3-5.55209342E-03-2.51652156E-06 3.69830105E-03-0.00000000E+00-0.00000000E+00
38  4-1.97928162E-05-2.77929351E-06-1.84432437E-01-1.06455530E-01-0.00000000E+00
38  5 7.35924030E-04-3.47764180E+00-2.00721874E+00-0.00000000E+00-5.54724685E-03
38  6 5.54296481E-03 5.22620091E-06 3.69977580E-03-0.00000000E+00-0.00000000E+00
38  7 1.96468519E-05-3.02711209E-05 2.19754278E-05-2.12945973E-01-0.00000000E+00
38  8-6.25267208E-04 5.71001635E-04-4.01532513E+00-0.00000000E+00-3.20123396E-06
38  9-9.20461424E-08-4.09100266E-06-7.39789795E-03-0.00000000E+00-0.00000000E+00
38 10-2.00109215E-05-1.20554907E-05 1.84430350E-01-1.06502502E-01-0.00000000E+00
38 11 6.93622124E-04 3.47709190E+00-2.00806964E+00-0.00000000E+00 5.54483791E-03
38 12-5.55286625E-03 5.89326497E-06 3.69550865E-03-0.00000000E+00-0.00000000E+00
38 13 1.59079550E-05-3.45795854E-05 1.84399516E-01 1.06481062E-01-0.00000000E+00
38 14-7.08565983E-04 3.47712909E+00 2.00816950E+00-0.00000000E+00-5.55343859E-03
38 15 5.54143020E-03-1.07759990E-06 3.69919227E-03-0.00000000E+00-0.00000000E+00
38 16-1.76526955E-05-1.45614380E-05 1.32166609E-05 2.12951036E-01-0.00000000E+00
38 17 7.12348176E-04 4.73436187E-04 4.01536867E+00-0.00000000E+00-5.89362372E-06
38 18 1.43797339E-06 4.26331083E-06-7.39477110E-03-0.00000000E+00-0.00000000E+00
38 19-3.83752349E-05 2.03752368E-04 1.62069902E-05-2.09804408E-04-4.73116172E-05
38 20 2.03081619E-04-4.08057589E-05 1.94147991E-04 4.31257626E-07-1.99203001E-04
38 21 1.01889215E-05-2.00610744E-04
39  1 1.15007864E-01-6.37885265E-02-5.41661604E-02-9.38729229E-02 0.00000000E+00
39  2-4.42275687E+00-1.65916456E+00-2.87511645E+00 0.00000000E+00-5.88101239E-03
39  3 8.13841147E-05-2.40661044E-02 5.96010553E-03 0.00000000E+00 0.00000000E+00
39  4-1.15017211E-01 6.35881883E-02-5.41558953E-02 9.38878753E-02 0.00000000E+00
39  5 4.42305493E+00-1.65916025E+00 2.87508081E+00 0.00000000E+00 5.85765543E-03
39  6-1.22061609E-04 2.40788191E-02 5.97754609E-03 0.00000000E+00 0.00000000E+00
39  7 1.15011288E-01-6.38016573E-02 1.08387439E-01 1.70184814E-05 0.00000000E+00
39  8-4.42275229E+00 3.31951343E+00 7.41591153E-04 0.00000000E+00 3.06192516E-03
39  9-8.85816636E-03-2.40685027E-02 2.61999961E-07 0.00000000E+00 0.00000000E+00
39 10-1.15019415E-01 6.35778378E-02-5.42191488E-02-9.38601806E-02 0.00000000E+00
39 11 4.42296906E+00-1.66027864E+00-2.87438116E+00 0.00000000E+00 5.85095592E-03
39 12-1.24828702E-04 2.40813667E-02-5.97604962E-03 0.00000000E+00 0.00000000E+00
39 13 1.15009581E-01-6.38036178E-02-5.42364508E-02 9.38342745E-02 0.00000000E+00
39 14-4.42279261E+00-1.66030857E+00 2.87448637E+00 0.00000000E+00-5.87901764E-03
39 15 7.78264744E-05-2.40668409E-02-5.96252188E-03 0.00000000E+00 0.00000000E+00
39 16-1.15015722E-01 6.35831423E-02 1.08382209E-01-3.32135900E-05 0.00000000E+00
39 17 4.42307627E+00 3.31947704E+00-5.93233593E-04 0.00000000E+00-3.10985246E-03
39 18 8.84750975E-03 2.40776252E-02 1.07976905E-06 0.00000000E+00 0.00000000E+00
39 19-1.61816441E-01 1.26317013E+00 1.61675725E-01-1.26317593E+00-1.61826580E-01
39 20 1.26314930E+00-1.61812612E-01 1.26316476E+00 1.61669797E-01-1.26317966E+00
39 21 1.61665364E-01-1.26316179E+00
40  1-1.45057821E-02-3.59559794E-01 2.75835717E-02 4.77608046E-02-0.00000000E+00
40  2 5.14861063E-01-9.97889304E-02-1.73264342E-01-0.00000000E+00-3.67440658E-02
40  3-8.14169413E-02 2.51231875E-02-4.46728238E-02-0.00000000E+00-0.00000000E+00
40  4-1.44513954E-02-3.59596516E-01-2.75451388E-02 4.77195292E-02-0.00000000E+00
40  5 5.12744993E-01 1.00937630E-01-1.74411570E-01-0.00000000E+00-3.67486199E-02
40  6-8.14175423E-02 2.51113088E-02 4.46696400E-02-0.00000000E+00-0.00000000E+00
40  7-1.45075093E-02-3.59562039E-01-5.51542840E-02 1.32974118E-05-0.00000000E+00
40  8 5.14888121E-01 1.99913296E-01 2.09600315E-04-0.00000000E+00-1.03754446E-01
40  9-1.44099416E-02 2.51238270E-02-3.03666482E-07-0.00000000E+00-0.00000000E+00
40 10-1.44501315E-02-3.59595836E-01-2.75613851E-02-4.77122248E-02-0.00000000E+00
40 11 5.12738823E-01 1.00586689E-01 1.74659701E-01-0.00000000E+00-3.67472007E-02
40 12-8.14170103E-02 2.51105967E-02-4.46691205E-02-0.00000000E+00-0.00000000E+00
40 13-1.45072223E-02-3.59559186E-01 2.75690756E-02-4.77677447E-02-0.00000000E+00
40 14 5.14866398E-01-1.00144708E-01 1.73007320E-01-0.00000000E+00-3.67455447E-02
40 15-8.14183384E-02 2.51238428E-02 4.46726784E-02-0.00000000E+00-0.00000000E+00
40 16-1.44510300E-02-3.59593411E-01 5.50990310E-02-1.74701840E-05-0.00000000E+00
40 17 5.12732278E-01-2.01516341E-01-2.08983066E-04-0.00000000E+00-1.03752208E-01
40 18-1.44127649E-02 2.51111982E-02-5.99407414E-07-0.00000000E+00-0.00000000E+00
40 19-3.31472306E-01-2.78381321E-02-3.31552167E-01-2.72278722E-02-3.31466592E-01
40 20-2.78658022E-02-3.31471183E-01-2.78375929E-02-3.31553199E-01-2.72138243E-02
40 21-3.31547420E-01-2.72485824E-02
41  1-0.00000000E+00-0.00000000E+00-0.00000000E+00-0.00000000E+00 5.92657635E-02
41  2-0.00000000E+00-0.00000000E+00-0.00000000E+00-5.82025489E-02-0.00000000E+00
41  3-0.00000000E+00-0.00000000E+00-0.00000000E+00 3.83519749E-02-1.60881823E-02
41  4-0.00000000E+00-0.00000000E+00-0.00000000E+00-0.00000000E+00 5.55415026E-01
41  5-0.00000000E+00-0.00000000E+00-0.00000000E+00-5.45462825E-01-0.00000000E+00
41  6-0.00000000E+00-0.00000000E+00-0.00000000E+00-9.72329352E-03 5.11234337E-02
41  7-0.00000000E+00-0.00000000E+00-0.00000000E+00-0.00000000E+00 4.96145797E-01
41  8-0.00000000E+00-0.00000000E+00-0.00000000E+00-4.87252378E-01-0.00000000E+00
41  9-0.00000000E+00-0.00000000E+00-0.00000000E+00-4.38924553E-02-2.41176611E-02
41 10-0.00000000E+00-0.00000000E+00-0.00000000E+00-0.00000000E+00-5.92669270E-02
41 11-0.00000000E+00-0.00000000E+00-0.00000000E+00 5.82049218E-02-0.00000000E+00
41 12-0.00000000E+00-0.00000000E+00-0.00000000E+00 3.83513565E-02-1.60873303E-02
41 13-0.00000000E+00-0.00000000E+00-0.00000000E+00-0.00000000E+00-5.55409465E-01
41 14-0.00000000E+00-0.00000000E+00-0.00000000E+00 5.45455166E-01-0.00000000E+00
41 15-0.00000000E+00-0.00000000E+00-0.00000000E+00-9.72333738E-03 5.11231942E-02
41 16-0.00000000E+00-0.00000000E+00-0.00000000E+00-0.00000000E+00-4.96144053E-01
41 17-0.00000000E+00-0.00000000E+00-0.00000000E+00 4.87253476E-01-0.00000000E+00
41 18-0.00000000E+00-0.00000000E+00-0.00000000E+00-4.38923638E-02-2.41174396E-02
41 19-0.00000000E+00-0.00000000E+00-0.00000000E+00-0.00000000E+00-0.00000000E+00
41 20-0.00000000E+00-0.00000000E+00-0.00000000E+00-0.00000000E+00-0.00000000E+00
41 21-0.00000000E+00-0.00000000E+00
42  1 0.00000000E+00 0.00000000E+00 0.00000000E+00 0.00000000E+00-6.07111847E-01
42  2 0.00000000E+00 0.00000000E+00 0.00000000E+00 5.96227223E-01 0.00000000E+00
42  3 0.00000000E+00 0.00000000E+00 0.00000000E+00-2.33664879E-02-4.85280160E-02
42  4 0.00000000E+00 0.00000000E+00 0.00000000E+00 0.00000000E+00-2.52231555E-01
42  5 0.00000000E+00 0.00000000E+00 0.00000000E+00 2.47716525E-01 0.00000000E+00
42  6 0.00000000E+00 0.00000000E+00 0.00000000E+00 4.38442177E-02-4.52245972E-04
42  7 0.00000000E+00 0.00000000E+00 0.00000000E+00 0.00000000E+00 3.54887184E-01
42  8 0.00000000E+00 0.00000000E+00 0.00000000E+00-3.48530487E-01 0.00000000E+00
42  9 0.00000000E+00 0.00000000E+00 0.00000000E+00-3.13954262E-02 3.37160164E-02
42 10 0.00000000E+00 0.00000000E+00 0.00000000E+00 0.00000000E+00 6.07119919E-01
42 11 0.00000000E+00 0.00000000E+00 0.00000000E+00-5.96235444E-01 0.00000000E+00
42 12 0.00000000E+00 0.00000000E+00 0.00000000E+00-2.33669258E-02-4.85277726E-02
42 13 0.00000000E+00 0.00000000E+00 0.00000000E+00 0.00000000E+00 2.52236223E-01
42 14 0.00000000E+00 0.00000000E+00 0.00000000E+00-2.47720610E-01 0.00000000E+00
42 15 0.00000000E+00 0.00000000E+00 0.00000000E+00 4.38447687E-02-4.52152909E-04
42 16 0.00000000E+00 0.00000000E+00 0.00000000E+00 0.00000000E+00-3.54886512E-01
42 17 0.00000000E+00 0.00000000E+00 0.00000000E+00 3.48533503E-01 0.00000000E+00
42 18 0.00000000E+00 0.00000000E+00 0.00000000E+00-3.13958944E-02 3.37164048E-02
42 19 0.00000000E+00 0.00000000E+00 0.00000000E+00 0.00000000E+00 0.00000000E+00
42 20 0.00000000E+00 0.00000000E+00 0.00000000E+00 0.00000000E+00 0.00000000E+00
42 21 0.00000000E+00 0.00000000E+00
43  1-5.82111548E-03-6.17861942E-02-3.57341177E-01 2.04676513E-01-0.00000000E+00
43  2 9.51035793E-02 1.94108665E-01-1.13303561E-01-0.00000000E+00 1.16021660E-02
43  3-3.75362974E-02 5.30078087E-03 1.80338982E-02-0.00000000E+00-0.00000000E+00
43  4-4.70599885E-02-4.97920295E-01-1.37525843E-01-9.21441434E-02-0.00000000E+00
43  5 7.67242513E-01 8.21567579E-02 3.80159114E-02-0.00000000E+00-1.19773545E-01
43  6-8.95157012E-02 4.28376384E-02-3.31946750E-03-0.00000000E+00-0.00000000E+00
43  7-4.12293421E-02-4.36137049E-01 9.63924629E-03 2.46846889E-01-0.00000000E+00
43  8 6.72000890E-01 7.18591426E-03-1.34866163E-01-0.00000000E+00-8.28599916E-02
43  9-1.00481955E-01 3.75305379E-02 2.01314019E-02-0.00000000E+00-0.00000000E+00
43 10 5.85392548E-03 6.17683382E-02-3.57357714E-01 2.04784822E-01-0.00000000E+00
43 11-9.52045104E-02 1.94314456E-01-1.13358773E-01-0.00000000E+00-1.15666153E-02
43 12 3.75639084E-02-5.32798594E-03-1.80491818E-02-0.00000000E+00-0.00000000E+00
43 13 4.70526821E-02 4.97920823E-01-1.37320754E-01-9.20451329E-02-0.00000000E+00
43 14-7.67199870E-01 8.21016690E-02 3.79618383E-02-0.00000000E+00 1.19755317E-01
43 15 8.95206011E-02-4.28320646E-02 3.32282156E-03-0.00000000E+00-0.00000000E+00
43 16 4.12039635E-02 4.36151347E-01 9.70383914E-03 2.46700550E-01-0.00000000E+00
43 17-6.71937458E-01 7.22428626E-03-1.34596593E-01-0.00000000E+00 8.28469909E-02
43 18 1.00444712E-01-3.75095548E-02-2.01230734E-02-0.00000000E+00-0.00000000E+00
43 19-2.47454267E-01-1.26859395E-01-2.16781026E-01-1.11128405E-01 3.07528906E-02
43 20 1.57278273E-02 2.16701800E-01 1.11161527E-01 2.47434640E-01 1.26866758E-01
43 21-3.06452193E-02-1.57774008E-02
44  1 5.09594480E-02 5.39286904E-01-3.49294787E-02 3.39846711E-02-0.00000000E+00
44  2-8.30842412E-01 2.68617015E-02-5.16129074E-03-0.00000000E+00 1.21662610E-01
44  3 1.04999192E-01-4.63898866E-02-8.96017972E-03-0.00000000E+00-0.00000000E+00
44  4 2.04212427E-02 2.16143070E-01-3.31664372E-01-1.85932789E-01-0.00000000E+00
44  5-3.33097190E-01 1.78015229E-01 1.06825740E-01-0.00000000E+00 2.43394452E-02
44  6 6.64942351E-02-1.85888531E-02 1.98647999E-02-0.00000000E+00-0.00000000E+00
44  7-3.05298429E-02-3.23149284E-01 7.19771686E-03-3.33057969E-01-0.00000000E+00
44  8 4.97959853E-01 5.26969163E-03 1.81856640E-01-0.00000000E+00-6.13803561E-02
44  9-7.44216869E-02 2.77905801E-02-2.71633395E-02-0.00000000E+00-0.00000000E+00
44 10-5.09663495E-02-5.39285501E-01-3.48256003E-02 3.39089655E-02-0.00000000E+00
44 11 8.30870845E-01 2.66949390E-02-5.08758920E-03-0.00000000E+00-1.21665656E-01
44 12-1.05010382E-01 4.63952502E-02 8.96762380E-03-0.00000000E+00-0.00000000E+00
44 13-2.04350639E-02-2.16139475E-01-3.31739320E-01-1.86015205E-01-0.00000000E+00
44 14 3.33144309E-01 1.78059581E-01 1.06808921E-01-0.00000000E+00-2.43521799E-02
44 15-6.65088107E-02 1.85997488E-02-1.98746353E-02-0.00000000E+00-0.00000000E+00
44 16 3.05508511E-02 3.23136819E-01 7.14251711E-03-3.33085601E-01-0.00000000E+00
44 17-4.98033892E-01 5.22338151E-03 1.81823620E-01-0.00000000E+00 6.13922816E-02
44 18 7.44486371E-02-2.78080248E-02 2.71657834E-02-0.00000000E+00-0.00000000E+00
44 19 1.07395470E-01 5.50599313E-02-1.60553833E-01-8.23356865E-02-2.68003888E-01
44 20-1.37446833E-01 1.60624145E-01 8.22960856E-02-1.07435229E-01-5.50365087E-02
44 21 2.67983504E-01 1.37461398E-01
45  1 7.94861145E-02-3.97397904E-02-5.69692229E-02-2.00369748E-01 0.00000000E+00
45  2-2.66741396E-01-1.11889025E-01-1.00763693E-01 0.00000000E+00 9.33933614E-02
45  3 6.28953427E-02-6.54331941E-02-3.65198856E-02 0.00000000E+00 0.00000000E+00
45  4-3.30054586E-02 1.66488325E-02-4.53573197E-01-1.64976418E-01 0.00000000E+00
45  5 1.10646765E-01 3.46820454E-01 2.68997257E-01 0.00000000E+00-6.07968400E-02
45  6-4.06296213E-03 2.71678395E-02-4.78204705E-04 0.00000000E+00 0.00000000E+00
45  7-4.64543083E-02 2.33328332E-02-1.18100604E-01 4.24469159E-01 0.00000000E+00
45  8 1.55567482E-01-8.35752874E-02-3.88436621E-01 0.00000000E+00-2.51938106E-02
45  9-6.61315579E-02 3.82431646E-02 2.51188332E-02 0.00000000E+00 0.00000000E+00
45 10 7.94714546E-02-3.98236539E-02 5.71137052E-02 2.00285158E-01 0.00000000E+00
45 11-2.66365669E-01 1.11738953E-01 1.00631968E-01 0.00000000E+00 9.33841117E-02
45 12 6.28677071E-02-6.54239598E-02-3.65097284E-02 0.00000000E+00 0.00000000E+00
45 13-3.30216880E-02 1.64038420E-02 4.53589936E-01 1.65001304E-01 0.00000000E+00
45 14 1.10783015E-01-3.46901468E-01-2.68833246E-01 0.00000000E+00-6.08514125E-02
45 15-4.10859652E-03 2.71866138E-02-4.82256076E-04 0.00000000E+00 0.00000000E+00
45 16-4.64752987E-02 2.31852326E-02 1.18101456E-01-4.24607847E-01 0.00000000E+00
45 17 1.56077771E-01 8.37638167E-02 3.88511817E-01 0.00000000E+00-2.52239056E-02
45 18-6.61664296E-02 3.82580716E-02 2.51311478E-02 0.00000000E+00 0.00000000E+00
45 19-1.05367051E-01 4.78862597E-02-1.48331620E-01 6.72837296E-02 2.53781040E-01
45 20-1.15093906E-01-1.48418092E-01 6.73202159E-02-1.05472747E-01 4.77549407E-02
45 21 2.53830843E-01-1.15138564E-01
46  1-7.75838358E-03 3.95422696E-03 4.59802783E-01-2.42669010E-01-0.00000000E+00
46  2 2.58805827E-02-4.04746006E-01 2.49777309E-01-0.00000000E+00-3.23910376E-02
46  3 1.71501426E-02 6.38704027E-03-1.19541030E-02-0.00000000E+00-0.00000000E+00
46  4 7.27178569E-02-3.63426263E-02-9.45174889E-02-2.67970649E-01-0.00000000E+00
46  5-2.43927661E-01 2.36394292E-01-1.46860929E-02-0.00000000E+00 7.79313767E-02
46  6 6.50602182E-02-5.98637525E-02 3.84211390E-02-0.00000000E+00-0.00000000E+00
46  7-6.49484570E-02 3.24922614E-02-1.65069363E-01-3.03782672E-01-0.00000000E+00
46  8 2.17807553E-01-1.16931772E-01 2.77821062E-01-0.00000000E+00-3.52416757E-02
46  9-9.24660575E-02 5.34677082E-02-1.79790821E-02-0.00000000E+00-0.00000000E+00
46 10-7.77401608E-03 3.81978568E-03-4.59781460E-01 2.42658666E-01-0.00000000E+00
46 11 2.62160048E-02 4.04716779E-01-2.49851897E-01-0.00000000E+00-3.24189578E-02
46 12 1.71195910E-02 6.39956515E-03-1.19502338E-02-0.00000000E+00-0.00000000E+00
46 13 7.27106045E-02-3.64495453E-02 9.44501105E-02 2.67935704E-01-0.00000000E+00
46 14-2.43840750E-01-2.36406048E-01 1.47760943E-02-0.00000000E+00 7.79138033E-02
46 15 6.50347415E-02-5.98556736E-02 3.84166397E-02-0.00000000E+00-0.00000000E+00
46 16-6.49477767E-02 3.25253117E-02 1.65071316E-01 3.03679275E-01-0.00000000E+00
46 17 2.17872060E-01 1.17015717E-01-2.77796820E-01-0.00000000E+00-3.52351761E-02
46 18-9.24577793E-02 5.34652432E-02-1.79707935E-02-0.00000000E+00-0.00000000E+00
46 19 2.32225896E-01-1.05305460E-01-2.07410813E-01 9.40645728E-02-2.48380791E-02
46 20 1.12483767E-02-2.07396758E-01 9.41044283E-02 2.32179773E-01-1.05366075E-01
46 21-2.47645686E-02 1.12500354E-02
47  1 0.00000000E+00 0.00000000E+00 0.00000000E+00 0.00000000E+00 5.35138303E-03
47  2 0.00000000E+00 0.00000000E+00 0.00000000E+00-1.02416780E-02 0.00000000E+00
47  3 0.00000000E+00 0.00000000E+00 0.00000000E+00 2.97677636E-02-1.70387849E-02
47  4 0.00000000E+00 0.00000000E+00 0.00000000E+00 0.00000000E+00 4.94927186E-01
47  5 0.00000000E+00 0.00000000E+00 0.00000000E+00-9.47286334E-01 0.00000000E+00
47  6 0.00000000E+00 0.00000000E+00 0.00000000E+00-2.09978318E-02 1.51666626E-03
47  7 0.00000000E+00 0.00000000E+00 0.00000000E+00 0.00000000E+00-5.00281105E-01
47  8 0.00000000E+00 0.00000000E+00 0.00000000E+00 9.57530353E-01 0.00000000E+00
47  9 0.00000000E+00 0.00000000E+00 0.00000000E+00 1.19403926E-02-1.68727368E-02
47 10 0.00000000E+00 0.00000000E+00 0.00000000E+00 0.00000000E+00 5.35037346E-03
47 11 0.00000000E+00 0.00000000E+00 0.00000000E+00-1.02413596E-02 0.00000000E+00
47 12 0.00000000E+00 0.00000000E+00 0.00000000E+00-2.97671127E-02 1.70379520E-02
47 13 0.00000000E+00 0.00000000E+00 0.00000000E+00 0.00000000E+00 4.94927162E-01
47 14 0.00000000E+00 0.00000000E+00 0.00000000E+00-9.47284343E-01 0.00000000E+00
47 15 0.00000000E+00 0.00000000E+00 0.00000000E+00 2.09975914E-02-1.51702173E-03
47 16 0.00000000E+00 0.00000000E+00 0.00000000E+00 0.00000000E+00-5.00275694E-01
47 17 0.00000000E+00 0.00000000E+00 0.00000000E+00 9.57523505E-01 0.00000000E+00
47 18 0.00000000E+00 0.00000000E+00 0.00000000E+00-1.19401664E-02 1.68728120E-02
47 19 0.00000000E+00 0.00000000E+00 0.00000000E+00 0.00000000E+00 0.00000000E+00
47 20 0.00000000E+00 0.00000000E+00 0.00000000E+00 0.00000000E+00 0.00000000E+00
47 21 0.00000000E+00 0.00000000E+00
48  1 0.00000000E+00 0.00000000E+00 0.00000000E+00 0.00000000E+00-5.74583790E-01
48  2 0.00000000E+00 0.00000000E+00 0.00000000E+00 1.09974233E+00 0.00000000E+00
48  3 0.00000000E+00 0.00000000E+00 0.00000000E+00-6.58040035E-03-1.20363124E-02
48  4 0.00000000E+00 0.00000000E+00 0.00000000E+00 0.00000000E+00 2.91920747E-01
48  5 0.00000000E+00 0.00000000E+00 0.00000000E+00-5.58734371E-01 0.00000000E+00
48  6 0.00000000E+00 0.00000000E+00 0.00000000E+00 2.21014674E-02 2.08061091E-02
48  7 0.00000000E+00 0.00000000E+00 0.00000000E+00 0.00000000E+00 2.82657314E-01
48  8 0.00000000E+00 0.00000000E+00 0.00000000E+00-5.41003275E-01 0.00000000E+00
48  9 0.00000000E+00 0.00000000E+00 0.00000000E+00-6.74701588E-03-2.98626235E-02
48 10 0.00000000E+00 0.00000000E+00 0.00000000E+00 0.00000000E+00-5.74582825E-01
48 11 0.00000000E+00 0.00000000E+00 0.00000000E+00 1.09974273E+00 0.00000000E+00
48 12 0.00000000E+00 0.00000000E+00 0.00000000E+00 6.57984293E-03 1.20361012E-02
48 13 0.00000000E+00 0.00000000E+00 0.00000000E+00 0.00000000E+00 2.91927834E-01
48 14 0.00000000E+00 0.00000000E+00 0.00000000E+00-5.58746565E-01 0.00000000E+00
48 15 0.00000000E+00 0.00000000E+00 0.00000000E+00-2.21014005E-02-2.08067974E-02
48 16 0.00000000E+00 0.00000000E+00 0.00000000E+00 0.00000000E+00 2.82654888E-01
48 17 0.00000000E+00 0.00000000E+00 0.00000000E+00-5.40998736E-01 0.00000000E+00
48 18 0.00000000E+00 0.00000000E+00 0.00000000E+00 6.74641725E-03 2.98635866E-02
48 19 0.00000000E+00 0.00000000E+00 0.00000000E+00 0.00000000E+00 0.00000000E+00
48 20 0.00000000E+00 0.00000000E+00 0.00000000E+00 0.00000000E+00 0.00000000E+00
48 21 0.00000000E+00 0.00000000E+00
49  1-0.00000000E+00-0.00000000E+00-0.00000000E+00-0.00000000E+00-3.74967399E-01
49  2-0.00000000E+00-0.00000000E+00-0.00000000E+00 1.26974295E+00-0.00000000E+00
49  3-0.00000000E+00-0.00000000E+00-0.00000000E+00 8.66418332E-04 1.50104078E-03
49  4-0.00000000E+00-0.00000000E+00-0.00000000E+00-0.00000000E+00 3.74959970E-01
49  5-0.00000000E+00-0.00000000E+00-0.00000000E+00-1.26973477E+00-0.00000000E+00
49  6-0.00000000E+00-0.00000000E+00-0.00000000E+00 8.66316861E-04-1.50047231E-03
49  7-0.00000000E+00-0.00000000E+00-0.00000000E+00-0.00000000E+00-3.74958973E-01
49  8-0.00000000E+00-0.00000000E+00-0.00000000E+00 1.26972669E+00-0.00000000E+00
49  9-0.00000000E+00-0.00000000E+00-0.00000000E+00-1.73335016E-03-4.45869336E-07
49 10-0.00000000E+00-0.00000000E+00-0.00000000E+00-0.00000000E+00 3.74962575E-01
49 11-0.00000000E+00-0.00000000E+00-0.00000000E+00-1.26972943E+00-0.00000000E+00
49 12-0.00000000E+00-0.00000000E+00-0.00000000E+00 8.66283037E-04 1.49982355E-03
49 13-0.00000000E+00-0.00000000E+00-0.00000000E+00-0.00000000E+00-3.74960462E-01
49 14-0.00000000E+00-0.00000000E+00-0.00000000E+00 1.26973378E+00-0.00000000E+00
49 15-0.00000000E+00-0.00000000E+00-0.00000000E+00 8.66581718E-04-1.50136213E-03
49 16-0.00000000E+00-0.00000000E+00-0.00000000E+00-0.00000000E+00 3.74961894E-01
49 17-0.00000000E+00-0.00000000E+00-0.00000000E+00-1.26974113E+00-0.00000000E+00
49 18-0.00000000E+00-0.00000000E+00-0.00000000E+00-1.73269299E-03 7.14605665E-08
49 19-0.00000000E+00-0.00000000E+00-0.00000000E+00-0.00000000E+00-0.00000000E+00
49 20-0.00000000E+00-0.00000000E+00-0.00000000E+00-0.00000000E+00-0.00000000E+00
49 21-0.00000000E+00-0.00000000E+00
50  1-4.36766904E-03 1.36823318E-02-1.31755667E-02-1.00867252E-01 0.00000000E+00
50  2 1.03225804E-01 2.78113040E-01 2.62780617E-01 0.00000000E+00 7.22123369E-02
50  3-6.62476557E-02 4.57661020E-03 3.67444146E-02 0.00000000E+00 0.00000000E+00
50  4 2.85820073E-02-8.94701501E-02-3.20253701E-01 5.25328402E-01 0.00000000E+00
50  5-6.76356060E-01 1.16522412E+00-2.10047591E+00 0.00000000E+00-1.79065408E-02
50  6-2.12485791E-02-2.99026165E-02-6.25481387E-02 0.00000000E+00 0.00000000E+00
50  7-2.42260866E-02 7.58421469E-02 5.21299490E-01-2.43631228E-02 0.00000000E+00
50  8 5.73220282E-01-2.03536265E+00-6.81641776E-02 0.00000000E+00-2.24832879E-02
50  9 5.56550992E-02 2.53512704E-02 5.46471853E-02 0.00000000E+00 0.00000000E+00
50 10-4.35682284E-03 1.36215033E-02 1.31300868E-02 1.00721055E-01 0.00000000E+00
50 11 1.03255001E-01-2.78236582E-01-2.62444333E-01 0.00000000E+00 7.22077941E-02
50 12-6.62250062E-02 4.55168206E-03 3.67982010E-02 0.00000000E+00 0.00000000E+00
50 13 2.85930131E-02-8.95420983E-02 3.20350174E-01-5.25537901E-01 0.00000000E+00
50 14-6.76570342E-01-1.16536248E+00 2.10105806E+00 0.00000000E+00-1.79210059E-02
50 15-2.12272436E-02-2.99273951E-02-6.26059176E-02 0.00000000E+00 0.00000000E+00
50 16-2.42240897E-02 7.58329149E-02-5.21305430E-01 2.43002448E-02 0.00000000E+00
50 17 5.73306721E-01 2.03547092E+00 6.86290169E-02 0.00000000E+00-2.24729928E-02
50 18 5.56536874E-02 2.53466912E-02 5.46699848E-02 0.00000000E+00 0.00000000E+00
50 19 2.98850430E-01-1.55054268E+00-2.53324122E-01 1.31413139E+00-4.55386004E-02
50 20 2.36452783E-01-2.53303369E-01 1.31414790E+00 2.99020995E-01-1.55107370E+00
50 21-4.56851113E-02 2.36808550E-01
51  1 3.04941626E-02-9.54462665E-02 3.32896691E-01 5.65442669E-01-0.00000000E+00
51  2-7.21491018E-01-1.26730695E+00-2.22646884E+00-0.00000000E+00-3.60602957E-02
51  3-5.68624116E-03-3.19104144E-02 5.54437684E-02-0.00000000E+00-0.00000000E+00
51  4-1.14672786E-02 3.59003531E-02 9.17025213E-02-2.31970451E-01-0.00000000E+00
51  5 2.71223624E-01-5.70710126E-01 7.82905021E-01-0.00000000E+00 7.86993750E-02
51  6-6.29989804E-02 1.19999559E-02-2.25800445E-02-0.00000000E+00-0.00000000E+00
51  7-1.90243087E-02 5.95641613E-02 4.09417341E-01 3.10031260E-02-0.00000000E+00
51  8 4.50257368E-01-1.59857513E+00 8.70034755E-02-0.00000000E+00-1.76508996E-02
51  9 4.37087993E-02 1.99073158E-02-6.96011971E-02-0.00000000E+00-0.00000000E+00
51 10 3.04906989E-02-9.54343080E-02-3.32898427E-01-5.65443588E-01-0.00000000E+00
51 11-7.21665865E-01 1.26743261E+00 2.22661006E+00-0.00000000E+00-3.60641002E-02
51 12-5.69781192E-03-3.19014060E-02 5.54284366E-02-0.00000000E+00-0.00000000E+00
51 13-1.14699278E-02 3.59263626E-02-9.17481998E-02 2.32067255E-01-0.00000000E+00
51 14 2.71454324E-01 5.70857961E-01-7.83297937E-01-0.00000000E+00 7.87084779E-02
51 15-6.29984535E-02 1.20043700E-02-2.25647244E-02-0.00000000E+00-0.00000000E+00
51 16-1.90243945E-02 5.95747135E-02-4.09364863E-01-3.09900434E-02-0.00000000E+00
51 17 4.50011100E-01 1.59827845E+00-8.71174978E-02-0.00000000E+00-1.76547754E-02
51 18 4.37033254E-02 1.99099027E-02-6.96077221E-02-0.00000000E+00-0.00000000E+00
51 19-1.19902064E-01 6.22012288E-01-1.98933793E-01 1.03208434E+00 3.18813552E-01
51 20-1.65406970E+00-1.98932293E-01 1.03195850E+00-1.19949405E-01 6.22267316E-01
51 21 3.18852760E-01-1.65405698E+00
52  1-4.51644406E-03 2.87439902E-02 8.02930381E-02-1.38501749E-01 0.00000000E+00
52  2 3.55836905E-02-8.36021517E-01 6.78722910E-01 0.00000000E+00-3.40126389E-02
52  3 2.87182862E-02 1.05936954E-02-4.88783273E-02 0.00000000E+00 0.00000000E+00
52  4-2.70413518E-02 1.72104214E-01 2.82902188E-01-3.89167227E-01 0.00000000E+00
52  5 2.15546499E-01-8.44808539E-01 6.90715371E-01 0.00000000E+00 6.22063814E-02
52  6-9.37506192E-02 6.33946871E-02 1.15429925E-01 0.00000000E+00 0.00000000E+00
52  7-2.25178639E-02 1.43318451E-01 3.98242279E-01-8.83702914E-02 0.00000000E+00
52  8 1.78756113E-01-8.48651929E-01 6.77090192E-01 0.00000000E+00-1.17729356E-01
52  9 9.14112841E-02 5.28023021E-02-3.55377319E-02 0.00000000E+00 0.00000000E+00
52 10 4.52052374E-03-2.87582322E-02 8.02644924E-02-1.38584998E-01 0.00000000E+00
52 11-3.56535383E-02-8.35827862E-01 6.78977425E-01 0.00000000E+00 3.39872358E-02
52 12-2.86960479E-02-1.05988334E-02 4.88718622E-02 0.00000000E+00 0.00000000E+00
52 13 2.70316533E-02-1.72081056E-01 2.82808166E-01-3.88993157E-01 0.00000000E+00
52 14-2.15291861E-01-8.44411728E-01 6.90007400E-01 0.00000000E+00-6.21952653E-02
52 15 9.37526444E-02-6.33852718E-02-1.15413680E-01 0.00000000E+00 0.00000000E+00
52 16 2.25233125E-02-1.43349450E-01 3.98381515E-01-8.83761653E-02 0.00000000E+00
52 17-1.78889089E-01-8.49180978E-01 6.77063513E-01 0.00000000E+00 1.17734115E-01
52 18-9.14277694E-02-5.28090478E-02 3.55154436E-02 0.00000000E+00 0.00000000E+00
52 19-3.99733965E-01 1.13008238E+00-3.32871949E-01 9.40527908E-01 6.68049561E-02
52 20-1.88667341E-01 3.32935529E-01-9.40873634E-01 3.99641323E-01-1.12957198E+00
52 21-6.67612040E-02 1.88453565E-01
53  1 2.86121104E-02-1.82083423E-01 2.71959470E-01 4.27208638E-01 0.00000000E+00
53  2-2.26923504E-01-6.84395469E-01-8.49639112E-01 0.00000000E+00-5.63052854E-02
53  3 8.97569236E-02-6.70919473E-02 1.28465363E-01 0.00000000E+00 0.00000000E+00
53  4 1.03959706E-02-6.61720739E-02 2.15222426E-02 2.25051291E-01 0.00000000E+00
53  5-8.35074506E-02-6.73568632E-01-8.43104128E-01 0.00000000E+00 2.14516687E-02
53  6-9.36268888E-03-2.43654608E-02-7.46350603E-02 0.00000000E+00 0.00000000E+00
53  7-1.82192676E-02 1.15959290E-01 3.22515248E-01 1.09248179E-01 0.00000000E+00
53  8 1.45742084E-01-6.88302231E-01-8.36992826E-01 0.00000000E+00-9.52211605E-02
53  9 7.39912881E-02 4.27098366E-02 4.39244315E-02 0.00000000E+00 0.00000000E+00
53 10-2.86157846E-02 1.82096754E-01 2.71991376E-01 4.27288628E-01 0.00000000E+00
53 11 2.27012325E-01-6.84589616E-01-8.49916252E-01 0.00000000E+00 5.63312407E-02
53 12-8.97763707E-02 6.70956244E-02-1.28458835E-01 0.00000000E+00 0.00000000E+00
53 13-1.03870799E-02 6.61349180E-02 2.16290468E-02 2.24865849E-01 0.00000000E+00
53 14 8.33056922E-02-6.73974440E-01-8.42397059E-01 0.00000000E+00-2.14664081E-02
53 15 9.36211849E-03 2.43553974E-02 7.46177218E-02 0.00000000E+00 0.00000000E+00
53 16 1.82135886E-02-1.15943019E-01 3.22395390E-01 1.09254666E-01 0.00000000E+00
53 17-1.45606663E-01-6.87832009E-01-8.36968251E-01 0.00000000E+00 9.52164528E-02
53 18-7.39786513E-02-4.27041922E-02-4.39005659E-02 0.00000000E+00 0.00000000E+00
53 19 1.53696011E-01-4.34921918E-01-2.69346793E-01 7.61730041E-01-4.22980099E-01
53 20 1.19511771E+00 2.69286944E-01-7.61427624E-01-1.53595437E-01 4.34387450E-01
53 21 4.22940053E-01-1.19490458E+00
54  1-3.84393143E-03-2.82928714E-02 2.68384606E-01 4.64888800E-01 0.00000000E+00
54  2-2.32725569E+00-1.58778536E+00-2.75034025E+00 0.00000000E+00-6.21509158E-02
54  3-6.38698823E-02 2.54878406E-02-1.71189332E-03 0.00000000E+00 0.00000000E+00
54  4 3.86009949E-03 2.82151348E-02 2.68290731E-01-4.64613869E-01 0.00000000E+00
54  5 2.32704205E+00-1.58782929E+00 2.74961597E+00 0.00000000E+00 6.21392824E-02
54  6 6.39057024E-02-2.55257376E-02-1.79976316E-03 0.00000000E+00 0.00000000E+00
54  7-3.85721826E-03-2.82276339E-02-5.36549479E-01 4.97285247E-05 0.00000000E+00
54  8-2.32707397E+00 3.17515348E+00-3.54441726E-04 0.00000000E+00-6.47916456E-02
54  9-6.12439446E-02 2.55176570E-02 1.30796382E-05 0.00000000E+00 0.00000000E+00
54 10 3.84607536E-03 2.82901849E-02 2.68353381E-01 4.64835849E-01 0.00000000E+00
54 11 2.32713920E+00-1.58763220E+00-2.75013028E+00 0.00000000E+00 6.21441696E-02
54 12 6.38709094E-02-2.54896346E-02 1.71447414E-03 0.00000000E+00 0.00000000E+00
54 13-3.86328241E-03-2.81953667E-02 2.68258113E-01-4.64555538E-01 0.00000000E+00
54 14-2.32702599E+00-1.58768707E+00 2.74938980E+00 0.00000000E+00-6.21292373E-02
54 15-6.39123427E-02 2.55302043E-02 1.80167938E-03 0.00000000E+00 0.00000000E+00
54 16 3.85683683E-03 2.82381333E-02-5.36572505E-01 3.98695402E-05 0.00000000E+00
54 17 2.32706811E+00 3.17523248E+00-3.36522013E-04 0.00000000E+00 6.47902316E-02
54 18 6.12478540E-02-2.55161563E-02-2.36228799E-05 0.00000000E+00 0.00000000E+00
54 19-9.67407104E-03 1.37822596E+00 9.72013558E-03-1.37829497E+00-9.88811992E-03
54 20 1.37874137E+00-9.73157248E-03 1.37835524E+00 9.64198148E-03-1.37803486E+00
54 21 9.91459038E-03-1.37889086E+00
55  1 8.21501373E-04 1.05535973E-01-4.61656128E-01 2.42434624E-01 0.00000000E+00
55  2-4.58688636E-01 2.43815153E+00-1.35745897E+00 0.00000000E+00 6.48041491E-02
55  3-5.26779840E-02 3.83444899E-03 5.16998732E-02 0.00000000E+00 0.00000000E+00
55  4 5.87226443E-03 7.54185633E-01-1.00081142E-01-2.30049331E-01 0.00000000E+00
55  5-3.27776213E+00 7.80117588E-01 8.09089687E-01 0.00000000E+00-1.48220606E-02
55  6 1.01482345E-01 2.74037382E-02-5.08104365E-02 0.00000000E+00 0.00000000E+00
55  7 5.05192082E-03 6.48655440E-01 1.28309682E-01 3.19340196E-01 0.00000000E+00
55  8-2.81905018E+00-2.67171505E-01-1.71019317E+00 0.00000000E+00 9.50505728E-02
55  9-2.05124288E-02 2.35674336E-02 5.18474686E-02 0.00000000E+00 0.00000000E+00
55 10-8.22572369E-04-1.05563764E-01-4.61691125E-01 2.42432570E-01 0.00000000E+00
55 11 4.58748944E-01 2.43834885E+00-1.35752387E+00 0.00000000E+00-6.48122853E-02
55 12 5.26804083E-02-3.83541389E-03-5.17010456E-02 0.00000000E+00 0.00000000E+00
55 13-5.87304602E-03-7.54200999E-01-1.00102496E-01-2.30073619E-01 0.00000000E+00
55 14 3.27779416E+00 7.80277580E-01 8.09193436E-01 0.00000000E+00 1.48242069E-02
55 15-1.01487104E-01-2.74043106E-02 5.08080431E-02 0.00000000E+00 0.00000000E+00
55 16-5.05010293E-03-6.48637056E-01 1.28313291E-01 3.19307568E-01 0.00000000E+00
55 17 2.81901571E+00-2.67167496E-01-1.70998252E+00 0.00000000E+00-9.50452273E-02
55 18 2.05136527E-02-2.35692817E-02-5.18441060E-02 0.00000000E+00 0.00000000E+00
55 19 2.56989573E-02 5.10613634E-01 2.21112631E-02 4.39165238E-01-3.59786913E-03
55 20-7.14878246E-02-2.20979619E-02-4.39166207E-01-2.56975569E-02-5.10621677E-01
55 21 3.60193900E-03 7.14417970E-02
56  1 6.30637717E-03 8.09923986E-01-2.13055226E-02-1.72719297E-01-0.00000000E+00
56  2-3.51996331E+00-1.48113000E-01 4.70830665E-01-0.00000000E+00 2.18942064E-03
56  3 9.08762228E-02 2.94297628E-02 6.66357113E-02-0.00000000E+00-0.00000000E+00
56  4 2.44067159E-03 3.13545064E-01 4.51192644E-01 1.88885902E-01-0.00000000E+00
56  5-1.36274996E+00-2.31478845E+00-1.18737733E+00-0.00000000E+00 6.31273593E-02
56  6-2.71025338E-02 1.13941905E-02-6.73184318E-02-0.00000000E+00-0.00000000E+00
56  7-3.86424695E-03-4.96376863E-01-9.82066115E-02 4.17285686E-01-0.00000000E+00
56  8 2.15732971E+00 2.04461660E-01-2.23471518E+00-0.00000000E+00-7.27322229E-02
56  9 1.56998731E-02-1.80390402E-02 6.77485830E-02-0.00000000E+00-0.00000000E+00
56 10-6.30652077E-03-8.09935786E-01-2.13212876E-02-1.72723918E-01-0.00000000E+00
56 11 3.51999505E+00-1.48042376E-01 4.70781475E-01-0.00000000E+00-2.19211025E-03
56 12-9.08744459E-02-2.94313875E-02-6.66330080E-02-0.00000000E+00-0.00000000E+00
56 13-2.44095677E-03-3.13559154E-01 4.51190299E-01 1.88863978E-01-0.00000000E+00
56 14 1.36278436E+00-2.31472979E+00-1.18731581E+00-0.00000000E+00-6.31277696E-02
56 15 2.71011574E-02-1.13955777E-02 6.73146586E-02-0.00000000E+00-0.00000000E+00
56 16 3.86431319E-03 4.96361354E-01-9.81890296E-02 4.17272328E-01-0.00000000E+00
56 17-2.15729312E+00 2.04427587E-01-2.23463282E+00-0.00000000E+00 7.27333971E-02
56 18-1.57016733E-02 1.80370249E-02-6.77461087E-02-0.00000000E+00-0.00000000E+00
56 19 1.06832323E-02 2.12266239E-01-1.69042429E-02-3.36084418E-01-2.75947917E-02
56 20-5.48423021E-01 1.69119553E-02 3.36047569E-01-1.06737339E-02-2.12302673E-01
56 21 2.76057649E-02 5.48399131E-01
57  1-1.40131431E-03-3.31754742E-01 2.07297541E-01 3.59048966E-01-0.00000000E+00
57  2 8.31361022E-01-2.81052202E-01-4.86757549E-01-0.00000000E+00-4.02640036E-02
57  3 2.36514063E-02-4.67263910E-02 6.39115043E-02-0.00000000E+00-0.00000000E+00
57  4-1.40188212E-03-3.31723033E-01-2.07277974E-01 3.58991820E-01-0.00000000E+00
57  5 8.31313150E-01 2.80967706E-01-4.86565517E-01-0.00000000E+00-4.02582630E-02
57  6 2.36526537E-02-4.67229396E-02-6.39121583E-02-0.00000000E+00-0.00000000E+00
57  7-1.40168660E-03-3.31716998E-01-4.14558340E-01-1.19134211E-05-0.00000000E+00
57  8 8.31257722E-01 5.61934719E-01 5.57348329E-05-0.00000000E+00 5.56110370E-02
57  9-7.22168635E-02-4.67238190E-02-3.38952632E-06-0.00000000E+00-0.00000000E+00
57 10-1.40049403E-03-3.31713083E-01-2.07281725E-01-3.59037610E-01-0.00000000E+00
57 11 8.31195608E-01 2.80996749E-01 4.86742171E-01-0.00000000E+00-4.02627548E-02
57 12 2.36553885E-02-4.67245660E-02 6.39152895E-02-0.00000000E+00-0.00000000E+00
57 13-1.40262148E-03-3.31695826E-01 2.07262372E-01-3.58995840E-01-0.00000000E+00
57 14 8.31190664E-01-2.80894918E-01 4.86596968E-01-0.00000000E+00-4.02543992E-02
57 15 2.36497772E-02-4.67206891E-02-6.39142450E-02-0.00000000E+00-0.00000000E+00
57 16-1.40190275E-03-3.31710515E-01 4.14532323E-01-1.13586231E-05-0.00000000E+00
57 17 8.31247302E-01-5.61876752E-01 6.61021221E-05-0.00000000E+00 5.56079234E-02
57 18-7.22139155E-02-4.67216401E-02-2.85412095E-07-0.00000000E+00-0.00000000E+00
57 19 2.62837788E-01-8.05006015E-01 2.62849706E-01-8.05055252E-01 2.62856211E-01
57 20-8.05110124E-01 2.62835757E-01-8.05001433E-01 2.62837393E-01-8.04982594E-01
57 21 2.62859492E-01-8.05156262E-01
58  1 1.83493089E-07-1.15363141E-05 4.80066533E-01-2.77162074E-01 0.00000000E+00
58  2 7.80535596E-05-3.26561939E+00 1.88538600E+00 0.00000000E+00-7.30003471E-02
58  3 7.30002489E-02-8.74024916E-07-4.86704728E-02 0.00000000E+00 0.00000000E+00
58  4-1.07023188E-06-3.12432128E-05 4.80045558E-01 2.77162910E-01 0.00000000E+00
58  5 1.51541928E-04-3.26549641E+00-1.88535274E+00 0.00000000E+00 7.30009908E-02
58  6-7.30060094E-02-4.98925359E-07-4.86640222E-02 0.00000000E+00 0.00000000E+00
58  7 8.98063763E-07-3.12490835E-06-5.52036135E-06 5.54299905E-01 0.00000000E+00
58  8 5.78380839E-05 3.64786069E-05-3.77059052E+00 0.00000000E+00-2.17341811E-06
58  9 4.67405469E-06-1.12400931E-06 9.73303229E-02 0.00000000E+00 0.00000000E+00
58 10-4.19378226E-07 8.23994776E-06-4.80037119E-01 2.77147068E-01 0.00000000E+00
58 11-6.97228446E-05 3.26543709E+00-1.88527673E+00 0.00000000E+00-7.29992278E-02
58 12 7.29985066E-02 8.62685781E-07-4.86646101E-02 0.00000000E+00 0.00000000E+00
58 13 1.45297429E-07 2.08230388E-05-4.80052374E-01-2.77154578E-01 0.00000000E+00
58 14-1.27301460E-04 3.26550997E+00 1.88534600E+00 0.00000000E+00 7.29995870E-02
58 15-7.29979256E-02 8.10316377E-07-4.86695915E-02 0.00000000E+00 0.00000000E+00
58 16 3.09994123E-07 1.72883721E-05 4.07355685E-06-5.54328898E-01 0.00000000E+00
58 17-9.18212149E-05-4.09500851E-05 3.77078333E+00 0.00000000E+00 1.27134179E-06
58 18 6.87352277E-07 5.81106415E-07 9.73382850E-02 0.00000000E+00 0.00000000E+00
58 19-5.58344115E-06-1.79994711E-05 1.21516429E-06-4.79533330E-06-3.63778674E-07
58 20 5.30780778E-06 1.33407382E-06 4.76282070E-06 4.15754054E-06 1.88135738E-05
58 21-6.31364094E-07-4.60933905E-06
59  1-4.13465859E-02-1.12459552E+00 3.31444038E-02-3.25126653E-04 0.00000000E+00
59  2 4.33058074E+00-9.66385720E-02 2.23930501E-01 0.00000000E+00-4.31110002E-02
59  3-1.01956570E-01-1.92649650E-02-8.56661743E-02 0.00000000E+00 0.00000000E+00
59  4 1.43311399E-02 3.89795670E-01-1.31890556E-01-8.26689180E-02 0.00000000E+00
59  5-1.50098395E+00 9.38288400E-01 4.83426518E-01 0.00000000E+00-4.27489627E-02
59  6 9.30302518E-02 6.67754738E-03 8.77097858E-03 0.00000000E+00 0.00000000E+00
59  7 2.70157784E-02 7.34805724E-01 1.06454371E-02 1.26691765E-01 0.00000000E+00
59  8-2.82950876E+00 9.51429071E-02-8.58650752E-01 0.00000000E+00 9.89833303E-02
59  9-4.19564514E-03 1.25872266E-02 5.88656804E-02 0.00000000E+00 0.00000000E+00
59 10-4.13471120E-02-1.12460677E+00-3.31316676E-02 3.24886574E-04 0.00000000E+00
59 11 4.33057044E+00 9.65530996E-02-2.23888548E-01 0.00000000E+00-4.31108943E-02
59 12-1.01959672E-01-1.92638690E-02-8.56645147E-02 0.00000000E+00 0.00000000E+00
59 13 1.43317734E-02 3.89811279E-01 1.31893350E-01 8.26791298E-02 0.00000000E+00
59 14-1.50108620E+00-9.38305062E-01-4.83482744E-01 0.00000000E+00-4.27508360E-02
59 15 9.30350468E-02 6.67804540E-03 8.76710106E-03 0.00000000E+00 0.00000000E+00
59 16 2.70154276E-02 7.34807192E-01-1.06507718E-02-1.26695472E-01 0.00000000E+00
59 17-2.82959648E+00-9.51486871E-02 8.58704008E-01 0.00000000E+00 9.89848711E-02
59 18-4.19898002E-03 1.25886675E-02 5.88661851E-02 0.00000000E+00 0.00000000E+00
59 19 9.86136429E-02 1.57635638E-01 1.85913101E-01 2.97164255E-01-2.84544003E-01
59 20-4.54797744E-01 1.85911322E-01 2.97168928E-01 9.86318254E-02 1.57650889E-01
59 21-2.84538884E-01-4.54799838E-01
60  1 7.32335013E-03 1.99193107E-01 1.39688623E-01-8.39751449E-02 0.00000000E+00
60  2-7.67021322E-01-9.69433686E-01 5.29903049E-01 0.00000000E+00-5.09321077E-02
60  3 7.66273937E-02 3.41167733E-03-2.38742813E-02 0.00000000E+00 0.00000000E+00
60  4-3.94690129E-02-1.07353766E+00-5.66931677E-02-1.47754897E-02 0.00000000E+00
60  5 4.13397635E+00 2.62021727E-01 3.11807301E-01 0.00000000E+00-5.12357104E-02
60  6-8.72447515E-02-1.83909600E-02 8.84981759E-02 0.00000000E+00 0.00000000E+00
60  7 3.21455899E-02 8.74337402E-01 1.26612383E-02-1.06481057E-01 0.00000000E+00
60  8-3.36687428E+00 1.13222699E-01 7.21682795E-01 0.00000000E+00 1.17783049E-01
60  9-4.99700820E-03 1.49780110E-02-4.94722154E-02 0.00000000E+00 0.00000000E+00
60 10 7.32313232E-03 1.99182986E-01-1.39676757E-01 8.39758777E-02 0.00000000E+00
60 11-7.67032977E-01 9.69362442E-01-5.29877213E-01 0.00000000E+00-5.09317909E-02
60 12 7.66255458E-02 3.41243746E-03-2.38722726E-02 0.00000000E+00 0.00000000E+00
60 13-3.94687161E-02-1.07352684E+00 5.66965026E-02 1.47783307E-02 0.00000000E+00
60 14 4.13388567E+00-2.62033211E-01-3.11827450E-01 0.00000000E+00-5.12385806E-02
60 15-8.72418988E-02-1.83905751E-02 8.84967261E-02 0.00000000E+00 0.00000000E+00
60 16 3.21455323E-02 8.74345933E-01-1.26637834E-02 1.06475705E-01 0.00000000E+00
60 17-3.36692938E+00-1.13231483E-01-7.21630684E-01 0.00000000E+00 1.17783969E-01
60 18-4.99803070E-03 1.49781990E-02-4.94708215E-02 0.00000000E+00 0.00000000E+00
60 19-2.71620010E-01-4.34141367E-01 2.21224740E-01 3.53577713E-01 5.03979764E-02
60 20 8.05564460E-02 2.21217855E-01 3.53580428E-01-2.71610916E-01-4.34126674E-01
60 21 5.03942695E-02 8.05501936E-02
61  1-5.22726529E-05-8.73866391E-02-5.03608509E-03-1.16923092E-01 0.00000000E+00
61  2-3.17399528E-01 1.40043984E+00-4.13632524E-01 0.00000000E+00-6.59159505E-02
61  3 4.77746552E-02 8.45549257E-03-1.52943366E-02 0.00000000E+00 0.00000000E+00
61  4-2.22818449E-04-3.74791832E-01 2.36724089E-01-3.77328473E-01 0.00000000E+00
61  5-1.36157683E+00-3.62067538E-01 1.48483344E+00 0.00000000E+00-6.06529657E-02
61  6-1.71548828E-02 3.62699809E-02-8.24612834E-02 0.00000000E+00 0.00000000E+00
61  7-1.70841450E-04-2.87407339E-01 3.41361498E-01-3.77524826E-02 0.00000000E+00
61  8-1.04414871E+00-1.12494485E+00-9.90778435E-01 0.00000000E+00 2.59345270E-02
61  9-8.56019878E-02 2.78145966E-02-4.50082520E-02 0.00000000E+00 0.00000000E+00
61 10 5.17697108E-05 8.73710196E-02-5.04115037E-03-1.16920837E-01 0.00000000E+00
61 11 3.17453911E-01 1.40040873E+00-4.13608923E-01 0.00000000E+00 6.59157684E-02
61 12-4.77755582E-02-8.45648535E-03 1.52928736E-02 0.00000000E+00 0.00000000E+00
61 13 2.23244332E-04 3.74790989E-01 2.36728336E-01-3.77330627E-01 0.00000000E+00
61 14 1.36154722E+00-3.62126990E-01 1.48481594E+00 0.00000000E+00 6.06511181E-02
61 15 1.71559121E-02-3.62708584E-02 8.24608310E-02 0.00000000E+00 0.00000000E+00
61 16 1.70973622E-04 2.87421168E-01 3.41362084E-01-3.77613544E-02 0.00000000E+00
61 17 1.04412470E+00-1.12493127E+00-9.90798490E-01 0.00000000E+00-2.59321621E-02
61 18 8.56004915E-02-2.78140818E-02 4.50108272E-02 0.00000000E+00 0.00000000E+00
61 19 4.45469513E-01 6.91219747E-01 3.41617427E-01 5.30076951E-01-1.03857902E-01
61 20-1.61155022E-01-3.41611859E-01-5.30068957E-01-4.45467725E-01-6.91217713E-01
61 21 1.03851021E-01 1.61146037E-01
62  1-2.27743621E-04-3.82341883E-01-2.37744076E-01-3.87066358E-01 0.00000000E+00
62  2-1.38889030E+00 4.67212839E-01 1.45816812E+00 0.00000000E+00-6.57250551E-02
62  3-1.36499646E-02 3.69987447E-02 8.15489278E-02 0.00000000E+00 0.00000000E+00
62  4-6.94404049E-05-1.15499386E-01 2.26486084E-02-1.45311720E-01 0.00000000E+00
62  5-4.19501953E-01-1.43119494E+00-3.04303171E-01 0.00000000E+00-7.06103700E-02
62  6 4.66324970E-02 1.11768550E-02 9.20237296E-03 0.00000000E+00 0.00000000E+00
62  7 1.59288603E-04 2.66841039E-01-3.16912586E-01-4.06707217E-02 0.00000000E+00
62  8 9.69318506E-01 1.04441886E+00-1.06715270E+00 0.00000000E+00-2.40744483E-02
62  9 7.94714748E-02-2.58223326E-02-4.84848925E-02 0.00000000E+00 0.00000000E+00
62 10 2.27880853E-04 3.82345128E-01-2.37746412E-01-3.87068532E-01 0.00000000E+00
62 11 1.38888096E+00 4.67228265E-01 1.45817383E+00 0.00000000E+00 6.57258162E-02
62 12 1.36523170E-02-3.69993051E-02-8.15520213E-02 0.00000000E+00 0.00000000E+00
62 13 6.86175226E-05 1.15483660E-01 2.26519698E-02-1.45306317E-01 0.00000000E+00
62 14 4.19571469E-01-1.43120538E+00-3.04345987E-01 0.00000000E+00 7.06085670E-02
62 15-4.66340412E-02-1.11763803E-02-9.20069432E-03 0.00000000E+00 0.00000000E+00
62 16-1.58620336E-04-2.66826524E-01-3.16913474E-01-4.06797470E-02 0.00000000E+00
62 17-9.69389074E-01 1.04441453E+00-1.06716744E+00 0.00000000E+00 2.40764853E-02
62 18-7.94703624E-02 2.58224975E-02 4.84840253E-02 0.00000000E+00 0.00000000E+00
62 19 1.37275169E-01 2.13004674E-01-3.17156482E-01-4.92115026E-01-4.54422006E-01
62 20-7.05117383E-01 3.17161121E-01 4.92121274E-01-1.37277488E-01-2.12997011E-01
62 21 4.54418633E-01 7.05112285E-01
63  1 1.56967241E-02 6.06916818E-01 7.59189650E-02 1.31499825E-01-0.00000000E+00
63  2-1.47718748E+00 3.06723932E-01 5.31277829E-01-0.00000000E+00 2.40348949E-02
63  3 6.52721606E-02-6.32804682E-03 4.12378001E-02-0.00000000E+00-0.00000000E+00
63  4-1.56962984E-02-6.06920719E-01 7.59179452E-02-1.31506592E-01-0.00000000E+00
63  5 1.47716825E+00 3.06715639E-01-5.31263370E-01-0.00000000E+00-2.40356116E-02
63  6-6.52701168E-02 6.32652804E-03 4.12356699E-02-0.00000000E+00-0.00000000E+00
63  7 1.56956078E-02 6.06910208E-01-1.51845472E-01-1.00664066E-05-0.00000000E+00
63  8-1.47708549E+00-6.13454916E-01 2.19685382E-05-0.00000000E+00 8.58873528E-02
63  9 3.41877514E-03-6.32757347E-03-2.93364217E-06-0.00000000E+00-0.00000000E+00
63 10-1.56956991E-02-6.06890589E-01 7.59238405E-02 1.31493723E-01-0.00000000E+00
63 11 1.47707924E+00 3.06715813E-01 5.31316631E-01-0.00000000E+00-2.40327015E-02
63 12-6.52711462E-02 6.32783250E-03-4.12345729E-02-0.00000000E+00-0.00000000E+00
63 13 1.56960652E-02 6.06925043E-01 7.59167185E-02-1.31500764E-01-0.00000000E+00
63 14-1.47716280E+00 3.06746099E-01-5.31264433E-01-0.00000000E+00 2.40387019E-02
63 15 6.52689724E-02-6.32654583E-03-4.12376605E-02-0.00000000E+00-0.00000000E+00
63 16-1.56965743E-02-6.06931051E-01-1.51848162E-01-5.88845444E-06-0.00000000E+00
63 17 1.47718874E+00-6.13441406E-01-1.17368326E-07-0.00000000E+00-8.58896209E-02
63 18-3.41769208E-03 6.32648404E-03-3.97167457E-07-0.00000000E+00-0.00000000E+00
63 19-4.53164670E-01-3.46547671E-01 4.53157910E-01 3.46544848E-01-4.53168763E-01
63 20-3.46562980E-01-4.53164758E-01-3.46549099E-01 4.53163801E-01 3.46550603E-01
63 21 4.53168520E-01 3.46561109E-01
64  1 0.00000000E+00 0.00000000E+00 0.00000000E+00 0.00000000E+00 1.03941444E-06
64  2 0.00000000E+00 0.00000000E+00 0.00000000E+00-9.94015461E-07 0.00000000E+00
64  3 0.00000000E+00 0.00000000E+00 0.00000000E+00 2.93180937E-01-1.69265058E-01
64  4 0.00000000E+00 0.00000000E+00 0.00000000E+00 0.00000000E+00 3.10194526E-07
64  5 0.00000000E+00 0.00000000E+00 0.00000000E+00 2.39877783E-07 0.00000000E+00
64  6 0.00000000E+00 0.00000000E+00 0.00000000E+00-2.93180089E-01-1.69265336E-01
64  7 0.00000000E+00 0.00000000E+00 0.00000000E+00 0.00000000E+00 2.28798867E-06
64  8 0.00000000E+00 0.00000000E+00 0.00000000E+00-2.05302278E-06 0.00000000E+00
64  9 0.00000000E+00 0.00000000E+00 0.00000000E+00-6.11386443E-06 3.38534556E-01
64 10 0.00000000E+00 0.00000000E+00 0.00000000E+00 0.00000000E+00 1.46643315E-06
64 11 0.00000000E+00 0.00000000E+00 0.00000000E+00-1.32073180E-06 0.00000000E+00
64 12 0.00000000E+00 0.00000000E+00 0.00000000E+00 2.93180225E-01-1.69267564E-01
64 13 0.00000000E+00 0.00000000E+00 0.00000000E+00 0.00000000E+00-1.42055547E-06
64 14 0.00000000E+00 0.00000000E+00 0.00000000E+00 1.65036288E-06 0.00000000E+00
64 15 0.00000000E+00 0.00000000E+00 0.00000000E+00-2.93178288E-01-1.69268311E-01
64 16 0.00000000E+00 0.00000000E+00 0.00000000E+00 0.00000000E+00 2.19310441E-07
64 17 0.00000000E+00 0.00000000E+00 0.00000000E+00-2.01043417E-07 0.00000000E+00
64 18 0.00000000E+00 0.00000000E+00 0.00000000E+00-3.60454333E-06 3.38533923E-01
64 19 0.00000000E+00 0.00000000E+00 0.00000000E+00 0.00000000E+00 0.00000000E+00
64 20 0.00000000E+00 0.00000000E+00 0.00000000E+00 0.00000000E+00 0.00000000E+00
64 21 0.00000000E+00 0.00000000E+00
65  1-0.00000000E+00-0.00000000E+00-0.00000000E+00-0.00000000E+00 6.22512266E-02
65  2-0.00000000E+00-0.00000000E+00-0.00000000E+00 8.09618287E-03-0.00000000E+00
65  3-0.00000000E+00-0.00000000E+00-0.00000000E+00-1.84917579E-01-3.20292086E-01
65  4-0.00000000E+00-0.00000000E+00-0.00000000E+00-0.00000000E+00 6.22546738E-02
65  5-0.00000000E+00-0.00000000E+00-0.00000000E+00 8.08552483E-03-0.00000000E+00
65  6-0.00000000E+00-0.00000000E+00-0.00000000E+00 1.84917976E-01-3.20288835E-01
65  7-0.00000000E+00-0.00000000E+00-0.00000000E+00-0.00000000E+00 6.22520145E-02
65  8-0.00000000E+00-0.00000000E+00-0.00000000E+00 8.09396206E-03-0.00000000E+00
65  9-0.00000000E+00-0.00000000E+00-0.00000000E+00 3.69837875E-01 3.34593618E-06
65 10-0.00000000E+00-0.00000000E+00-0.00000000E+00-0.00000000E+00 6.22511554E-02
65 11-0.00000000E+00-0.00000000E+00-0.00000000E+00 8.09055693E-03-0.00000000E+00
65 12-0.00000000E+00-0.00000000E+00-0.00000000E+00 1.84916727E-01 3.20288696E-01
65 13-0.00000000E+00-0.00000000E+00-0.00000000E+00-0.00000000E+00 6.22530488E-02
65 14-0.00000000E+00-0.00000000E+00-0.00000000E+00 8.09252734E-03-0.00000000E+00
65 15-0.00000000E+00-0.00000000E+00-0.00000000E+00-1.84922353E-01 3.20286643E-01
65 16-0.00000000E+00-0.00000000E+00-0.00000000E+00-0.00000000E+00 6.22546005E-02
65 17-0.00000000E+00-0.00000000E+00-0.00000000E+00 8.08598708E-03-0.00000000E+00
65 18-0.00000000E+00-0.00000000E+00-0.00000000E+00-3.69837510E-01-2.07347354E-06
65 19-0.00000000E+00-0.00000000E+00-0.00000000E+00-0.00000000E+00-0.00000000E+00
65 20-0.00000000E+00-0.00000000E+00-0.00000000E+00-0.00000000E+00-0.00000000E+00
65 21-0.00000000E+00-0.00000000E+00
66  1-3.72003416E-03-7.88449163E-02 2.33907458E-01-1.62020155E-01-0.00000000E+00
66  2 3.24861477E-01 1.60488670E-01 3.86630289E-01-0.00000000E+00 6.55999291E-02
66  3-6.97581771E-02 4.72313689E-04 5.33266694E-02-0.00000000E+00-0.00000000E+00
66  4 3.13008076E-02 6.63401396E-01-1.97800966E-01 1.12771125E-01-0.00000000E+00
66  5-2.73360552E+00 1.76530334E+00-3.01362453E+00-0.00000000E+00 7.20657431E-02
66  6-3.70597647E-02-3.99028959E-03 3.26628925E-02-0.00000000E+00-0.00000000E+00
66  7-2.75807645E-02-5.84553130E-01 1.73203770E-01-1.68664355E-01-0.00000000E+00
66  8 2.40873185E+00-3.07743071E+00 3.22506898E-02-0.00000000E+00 3.02026041E-02
66  9-6.10461808E-02 3.51296234E-03 5.61142156E-02-0.00000000E+00-0.00000000E+00
66 10-3.72013450E-03-7.88462954E-02-2.33910635E-01 1.62021268E-01-0.00000000E+00
66 11 3.24932808E-01-1.60502912E-01-3.86636993E-01-0.00000000E+00 6.56000236E-02
66 12-6.97591897E-02 4.71540998E-04 5.33272589E-02-0.00000000E+00-0.00000000E+00
66 13 3.13011988E-02 6.63401260E-01 1.97804822E-01-1.12773150E-01-0.00000000E+00
66 14-2.73363675E+00-1.76535643E+00 3.01360379E+00-0.00000000E+00 7.20644841E-02
66 15-3.70588852E-02-3.99163664E-03 3.26627289E-02-0.00000000E+00-0.00000000E+00
66 16-2.75806312E-02-5.84557175E-01-1.73204981E-01 1.68660742E-01-0.00000000E+00
66 17 2.40872491E+00 3.07744900E+00-3.22755629E-02-0.00000000E+00 3.02044290E-02
66 18-6.10457200E-02 3.51224469E-03 5.61136754E-02-0.00000000E+00-0.00000000E+00
66 19-6.18498884E-01-1.02631650E+00 5.44985164E-01 9.04331837E-01 7.35046059E-02
66 20 1.21974605E-01 5.44988125E-01 9.04337560E-01-6.18498396E-01-1.02630655E+00
66 21 7.35080765E-02 1.21974826E-01
67  1-3.39951266E-02-7.20511632E-01-1.33615044E-01-1.69366745E-01 0.00000000E+00
67  2 2.96889166E+00 1.90170246E+00 3.28203695E+00 0.00000000E+00-5.48694035E-02
67  3 1.68571597E-02 4.32545711E-03 5.10756600E-02 0.00000000E+00 0.00000000E+00
67  4 1.37757421E-02 2.91966782E-01 1.82863418E-01 2.05467266E-01 0.00000000E+00
67  5-1.20304802E+00 7.25227935E-01-1.35618418E+00 0.00000000E+00-4.60509744E-02
67  6 6.14603548E-02-1.76081243E-03 6.62194974E-02 0.00000000E+00 0.00000000E+00
67  7 2.02202472E-02 4.28547749E-01-1.26973753E-01-2.30072358E-01 0.00000000E+00
67  8-1.76583040E+00 2.25608350E+00 4.40683232E-02 0.00000000E+00-2.21386784E-02
67  9 4.47549683E-02-2.58326956E-03 7.65393403E-02 0.00000000E+00 0.00000000E+00
67 10-3.39954696E-02-7.20513714E-01 1.33611694E-01 1.69365727E-01 0.00000000E+00
67 11 2.96892581E+00-1.90169620E+00-3.28202529E+00 0.00000000E+00-5.48686776E-02
67 12 1.68552185E-02 4.32549457E-03 5.10751688E-02 0.00000000E+00 0.00000000E+00
67 13 1.37764818E-02 2.91979386E-01-1.82861707E-01-2.05475017E-01 0.00000000E+00
67 14-1.20309102E+00-7.25273670E-01 1.35619528E+00 0.00000000E+00-4.60504023E-02
67 15 6.14611661E-02-1.76222583E-03 6.62181055E-02 0.00000000E+00 0.00000000E+00
67 16 2.02195418E-02 4.28537474E-01 1.26969922E-01 2.30068333E-01 0.00000000E+00
67 17-1.76582174E+00-2.25607392E+00-4.40921844E-02 0.00000000E+00-2.21383799E-02
67 18 4.47545338E-02-2.58238434E-03 7.65407166E-02 0.00000000E+00 0.00000000E+00
67 19-2.72215319E-01-4.51699854E-01-3.99536376E-01-6.62975371E-01 6.71732795E-01
67 20 1.11466702E+00-3.99536914E-01-6.62973285E-01-2.72218281E-01-4.51704607E-01
67 21 6.71739081E-01 1.11467337E+00
68  1 0.00000000E+00 0.00000000E+00 0.00000000E+00 0.00000000E+00 1.27598362E-02
68  2 0.00000000E+00 0.00000000E+00 0.00000000E+00 9.70417826E-03 0.00000000E+00
68  3 0.00000000E+00 0.00000000E+00 0.00000000E+00 3.75280927E-01-2.50551294E-01
68  4 0.00000000E+00 0.00000000E+00 0.00000000E+00 0.00000000E+00-9.97971299E-02
68  5 0.00000000E+00 0.00000000E+00 0.00000000E+00-7.58704057E-02 0.00000000E+00
68  6 0.00000000E+00 0.00000000E+00 0.00000000E+00-2.69803670E-01 1.09317151E-01
68  7 0.00000000E+00 0.00000000E+00 0.00000000E+00 0.00000000E+00 8.70251470E-02
68  8 0.00000000E+00 0.00000000E+00 0.00000000E+00 6.61710286E-02 0.00000000E+00
68  9 0.00000000E+00 0.00000000E+00 0.00000000E+00 2.00192949E-01-2.71281337E-01
68 10 0.00000000E+00 0.00000000E+00 0.00000000E+00 0.00000000E+00 1.27647864E-02
68 11 0.00000000E+00 0.00000000E+00 0.00000000E+00 9.70351987E-03 0.00000000E+00
68 12 0.00000000E+00 0.00000000E+00 0.00000000E+00-3.75264239E-01 2.50571162E-01
68 13 0.00000000E+00 0.00000000E+00 0.00000000E+00 0.00000000E+00-9.97864799E-02
68 14 0.00000000E+00 0.00000000E+00 0.00000000E+00-7.58762859E-02 0.00000000E+00
68 15 0.00000000E+00 0.00000000E+00 0.00000000E+00 2.69783520E-01-1.09284798E-01
68 16 0.00000000E+00 0.00000000E+00 0.00000000E+00 0.00000000E+00 8.70315118E-02
68 17 0.00000000E+00 0.00000000E+00 0.00000000E+00 6.61689420E-02 0.00000000E+00
68 18 0.00000000E+00 0.00000000E+00 0.00000000E+00-2.00204008E-01 2.71273080E-01
68 19 0.00000000E+00 0.00000000E+00 0.00000000E+00 0.00000000E+00 0.00000000E+00
68 20 0.00000000E+00 0.00000000E+00 0.00000000E+00 0.00000000E+00 0.00000000E+00
68 21 0.00000000E+00 0.00000000E+00
69  1 0.00000000E+00 0.00000000E+00 0.00000000E+00 0.00000000E+00-1.07851074E-01
69  2 0.00000000E+00 0.00000000E+00 0.00000000E+00-8.20132741E-02 0.00000000E+00
69  3 0.00000000E+00 0.00000000E+00 0.00000000E+00 1.70180318E-01 1.88207575E-01
69  4 0.00000000E+00 0.00000000E+00 0.00000000E+00 0.00000000E+00 4.28848910E-02
69  5 0.00000000E+00 0.00000000E+00 0.00000000E+00 3.25981735E-02 0.00000000E+00
69  6 0.00000000E+00 0.00000000E+00 0.00000000E+00-3.11444787E-01-2.93729085E-01
69  7 0.00000000E+00 0.00000000E+00 0.00000000E+00 0.00000000E+00 6.49810274E-02
69  8 0.00000000E+00 0.00000000E+00 0.00000000E+00 4.94071427E-02 0.00000000E+00
69  9 0.00000000E+00 0.00000000E+00 0.00000000E+00 1.49467389E-01 3.63319028E-01
69 10 0.00000000E+00 0.00000000E+00 0.00000000E+00 0.00000000E+00-1.07869046E-01
69 11 0.00000000E+00 0.00000000E+00 0.00000000E+00-8.20030188E-02 0.00000000E+00
69 12 0.00000000E+00 0.00000000E+00 0.00000000E+00-1.70216582E-01-1.88265895E-01
69 13 0.00000000E+00 0.00000000E+00 0.00000000E+00 0.00000000E+00 4.28728556E-02
69 14 0.00000000E+00 0.00000000E+00 0.00000000E+00 3.26013572E-02 0.00000000E+00
69 15 0.00000000E+00 0.00000000E+00 0.00000000E+00 3.11474442E-01 2.93700086E-01
69 16 0.00000000E+00 0.00000000E+00 0.00000000E+00 0.00000000E+00 6.49880208E-02
69 17 0.00000000E+00 0.00000000E+00 0.00000000E+00 4.94065940E-02 0.00000000E+00
69 18 0.00000000E+00 0.00000000E+00 0.00000000E+00-1.49493243E-01-3.63304638E-01
69 19 0.00000000E+00 0.00000000E+00 0.00000000E+00 0.00000000E+00 0.00000000E+00
69 20 0.00000000E+00 0.00000000E+00 0.00000000E+00 0.00000000E+00 0.00000000E+00
69 21 0.00000000E+00 0.00000000E+00
70  1 0.00000000E+00 0.00000000E+00 0.00000000E+00 0.00000000E+00-1.27274913E-02
70  2 0.00000000E+00 0.00000000E+00 0.00000000E+00 5.86480833E-03 0.00000000E+00
70  3 0.00000000E+00 0.00000000E+00 0.00000000E+00 1.17460219E-01-1.46550731E-02
70  4 0.00000000E+00 0.00000000E+00 0.00000000E+00 0.00000000E+00-1.30944577E-01
70  5 0.00000000E+00 0.00000000E+00 0.00000000E+00 6.03729324E-02 0.00000000E+00
70  6 0.00000000E+00 0.00000000E+00 0.00000000E+00-1.96845202E-01 4.33297727E-01
70  7 0.00000000E+00 0.00000000E+00 0.00000000E+00 0.00000000E+00-1.18223373E-01
70  8 0.00000000E+00 0.00000000E+00 0.00000000E+00 5.45011290E-02 0.00000000E+00
70  9 0.00000000E+00 0.00000000E+00 0.00000000E+00-4.27647895E-01-6.28789234E-02
70 10 0.00000000E+00 0.00000000E+00 0.00000000E+00 0.00000000E+00 1.27244223E-02
70 11 0.00000000E+00 0.00000000E+00 0.00000000E+00-5.86869931E-03 0.00000000E+00
70 12 0.00000000E+00 0.00000000E+00 0.00000000E+00 1.17478094E-01-1.46746240E-02
70 13 0.00000000E+00 0.00000000E+00 0.00000000E+00 0.00000000E+00 1.30951567E-01
70 14 0.00000000E+00 0.00000000E+00 0.00000000E+00-6.03666924E-02 0.00000000E+00
70 15 0.00000000E+00 0.00000000E+00 0.00000000E+00-1.96852763E-01 4.33312221E-01
70 16 0.00000000E+00 0.00000000E+00 0.00000000E+00 0.00000000E+00 1.18220673E-01
70 17 0.00000000E+00 0.00000000E+00 0.00000000E+00-5.45040144E-02 0.00000000E+00
70 18 0.00000000E+00 0.00000000E+00 0.00000000E+00-4.27639838E-01-6.29065444E-02
70 19 0.00000000E+00 0.00000000E+00 0.00000000E+00 0.00000000E+00 0.00000000E+00
70 20 0.00000000E+00 0.00000000E+00 0.00000000E+00 0.00000000E+00 0.00000000E+00
70 21 0.00000000E+00 0.00000000E+00
71  1 0.00000000E+00 0.00000000E+00 0.00000000E+00 0.00000000E+00-1.43865226E-01
71  2 0.00000000E+00 0.00000000E+00 0.00000000E+00 6.63165374E-02 0.00000000E+00
71  3 0.00000000E+00 0.00000000E+00 0.00000000E+00 2.51835392E-01 4.55504699E-01
71  4 0.00000000E+00 0.00000000E+00 0.00000000E+00 0.00000000E+00-6.09022516E-02
71  5 0.00000000E+00 0.00000000E+00 0.00000000E+00 2.80832550E-02 0.00000000E+00
71  6 0.00000000E+00 0.00000000E+00 0.00000000E+00-1.96152528E-01 1.41142213E-01
71  7 0.00000000E+00 0.00000000E+00 0.00000000E+00 0.00000000E+00 8.29513653E-02
71  8 0.00000000E+00 0.00000000E+00 0.00000000E+00-3.82398631E-02 0.00000000E+00
71  9 0.00000000E+00 0.00000000E+00 0.00000000E+00 3.00061533E-01-8.95977092E-02
71 10 0.00000000E+00 0.00000000E+00 0.00000000E+00 0.00000000E+00 1.43849155E-01
71 11 0.00000000E+00 0.00000000E+00 0.00000000E+00-6.63257672E-02 0.00000000E+00
71 12 0.00000000E+00 0.00000000E+00 0.00000000E+00 2.51829011E-01 4.55470343E-01
71 13 0.00000000E+00 0.00000000E+00 0.00000000E+00 0.00000000E+00 6.09134783E-02
71 14 0.00000000E+00 0.00000000E+00 0.00000000E+00-2.80778150E-02 0.00000000E+00
71 15 0.00000000E+00 0.00000000E+00 0.00000000E+00-1.96125838E-01 1.41187444E-01
71 16 0.00000000E+00 0.00000000E+00 0.00000000E+00 0.00000000E+00-8.29480404E-02
71 17 0.00000000E+00 0.00000000E+00 0.00000000E+00 3.82448578E-02 0.00000000E+00
71 18 0.00000000E+00 0.00000000E+00 0.00000000E+00 3.00049809E-01-8.96558413E-02
71 19 0.00000000E+00 0.00000000E+00 0.00000000E+00 0.00000000E+00 0.00000000E+00
71 20 0.00000000E+00 0.00000000E+00 0.00000000E+00 0.00000000E+00 0.00000000E+00
71 21 0.00000000E+00 0.00000000E+00
72  1 1.66954565E-02 2.12258115E-01 4.39364796E-02 7.60790141E-02 0.00000000E+00
72  2-3.04565815E-01 2.35162654E-02 4.07614071E-02 0.00000000E+00-1.53056612E-01
72  3-1.52282982E-01 4.32615716E-01 7.46312825E-04 0.00000000E+00 0.00000000E+00
72  4 1.66879667E-02 2.12143220E-01-4.39319622E-02 7.60821836E-02 0.00000000E+00
72  5-3.03455843E-01-2.38219167E-02 4.12791950E-02 0.00000000E+00-1.53055417E-01
72  6-1.52271063E-01 4.32611831E-01-7.50176030E-04 0.00000000E+00 0.00000000E+00
72  7 1.66962525E-02 2.12274090E-01-8.78578372E-02 4.05495512E-06 0.00000000E+00
72  8-3.04643010E-01-4.69473897E-02-1.51958801E-05 0.00000000E+00-1.51911536E-01
72  9-1.53424591E-01 4.32611626E-01 1.94295361E-05 0.00000000E+00 0.00000000E+00
72 10 1.66862897E-02 2.12125239E-01-4.39178457E-02-7.60866495E-02 0.00000000E+00
72 11-3.03360386E-01-2.39034421E-02-4.13899217E-02 0.00000000E+00-1.53033846E-01
72 12-1.52297521E-01 4.32617381E-01 7.67239951E-04 0.00000000E+00 0.00000000E+00
72 13 1.66967369E-02 2.12278653E-01 4.39203881E-02-7.60935112E-02 0.00000000E+00
72 14-3.04661966E-01 2.34698540E-02-4.06244541E-02 0.00000000E+00-1.53037673E-01
72 15-1.52298504E-01 4.32611427E-01-7.57894573E-04 0.00000000E+00 0.00000000E+00
72 16 1.66878592E-02 2.12139298E-01 8.78544649E-02 1.37328710E-05 0.00000000E+00
72 17-3.03437034E-01 4.76910452E-02-3.95021834E-06 0.00000000E+00-1.51908265E-01
72 18-1.53419743E-01 4.32613366E-01-9.61339584E-06 0.00000000E+00 0.00000000E+00
72 19 1.44247845E-01 1.03093989E-01 1.44203536E-01 1.02948149E-01 1.44271671E-01
72 20 1.03141457E-01 1.44256326E-01 1.03103887E-01 1.44200714E-01 1.02935555E-01
72 21 1.44226705E-01 1.02986788E-01
73  1-7.31607514E-07-5.71390606E-07 1.94118748E-01-1.12078558E-01 0.00000000E+00
73  2-3.17863525E-05-2.28853404E-01 1.32094278E-01 0.00000000E+00-2.75973423E-01
73  3 2.75985385E-01-1.78787207E-05-1.83985984E-01 0.00000000E+00 0.00000000E+00
73  4-1.23973928E-06-8.08293870E-06-1.94115661E-01-1.12076758E-01 0.00000000E+00
73  5 4.63353326E-05 2.28816787E-01 1.32136773E-01 0.00000000E+00-2.75972851E-01
73  6 2.75981174E-01-1.36900132E-05 1.83981350E-01 0.00000000E+00 0.00000000E+00
73  7-8.87543018E-07 4.09211059E-06 6.73735485E-07 2.24152588E-01 0.00000000E+00
73  8-4.40951082E-05 2.69392583E-05-2.64249272E-01 0.00000000E+00-1.14319057E-06
73  9 4.91426909E-06-1.07702403E-05 3.67972546E-01 0.00000000E+00 0.00000000E+00
73 10-1.41832139E-06-9.21548715E-06 1.94122537E-01-1.12071041E-01 0.00000000E+00
73 11 5.28972930E-05-2.28832267E-01 1.32087124E-01 0.00000000E+00 2.75981522E-01
73 12-2.75970912E-01-1.58373639E-05 1.83994469E-01 0.00000000E+00 0.00000000E+00
73 13-4.07454487E-07-5.77607623E-06-1.94122519E-01-1.12070972E-01 0.00000000E+00
73 14-1.99994079E-05 2.28830099E-01 1.32155805E-01 0.00000000E+00 2.75986798E-01
73 15-2.75967312E-01-2.40708904E-05-1.83985155E-01 0.00000000E+00 0.00000000E+00
73 16-1.25425301E-06-1.44308276E-05-8.17505859E-06 2.24146824E-01 0.00000000E+00
73 17 6.57004328E-05 2.34664766E-05-2.64228336E-01 0.00000000E+00 2.04071468E-05
73 18-1.67348666E-06-2.30649997E-05-3.67966624E-01 0.00000000E+00 0.00000000E+00
73 19-4.01943975E-06 3.33219224E-06-5.95491416E-06-5.97141897E-06-6.49347983E-06
73 20 1.66865667E-06-1.32157093E-05 9.54301758E-07-1.79794590E-05-9.86498241E-06
73 21-1.27105682E-05-6.94821461E-06
74  1 7.87103957E-02 1.23179104E+00 2.93815878E-02 5.08986144E-02 0.00000000E+00
74  2-1.12024367E+01-3.53280959E+00-6.11915774E+00 0.00000000E+00-2.09106550E-02
74  3-4.12044282E-02-5.97498011E-02-2.02863468E-02 0.00000000E+00 0.00000000E+00
74  4-7.87109761E-02-1.23187759E+00 2.93887976E-02-5.08881751E-02 0.00000000E+00
74  5 1.12024075E+01-3.53293702E+00 6.11923810E+00 0.00000000E+00 2.09711879E-02
74  6 4.11382910E-02 5.97201440E-02-2.01687646E-02 0.00000000E+00 0.00000000E+00
74  7 7.87102851E-02 1.23178387E+00-5.87616006E-02 1.25452996E-05 0.00000000E+00
74  8-1.12023687E+01 7.06573457E+00 7.10213652E-05 0.00000000E+00-5.13225595E-02
74  9-1.07756834E-02-5.97648273E-02-5.32174514E-06 0.00000000E+00 0.00000000E+00
74 10-7.87108557E-02-1.23188085E+00 2.93829171E-02 5.09073726E-02 0.00000000E+00
74 11 1.12023181E+01-3.53286577E+00-6.11917493E+00 0.00000000E+00 2.09673520E-02
74 12 4.11555968E-02 5.97077575E-02 2.01903362E-02 0.00000000E+00 0.00000000E+00
74 13 7.87102521E-02 1.23177937E+00 2.93920459E-02-5.08785257E-02 0.00000000E+00
74 14-1.12024080E+01-3.53293528E+00 6.11908860E+00 0.00000000E+00-2.09141976E-02
74 15-4.11829706E-02-5.97667544E-02 2.02656929E-02 0.00000000E+00 0.00000000E+00
74 16-7.87110863E-02-1.23187527E+00-5.87650017E-02 7.80698140E-06 0.00000000E+00
74 17 1.12024665E+01 7.06588065E+00 3.13016029E-05 0.00000000E+00 5.12283265E-02
74 18 1.08853620E-02 5.97173528E-02 2.68525494E-06 0.00000000E+00 0.00000000E+00
74 19 4.69801410E-01 1.55348346E+00-4.69686218E-01-1.55345398E+00 4.69762323E-01
74 20 1.55347532E+00 4.69792537E-01 1.55347640E+00-4.69695806E-01-1.55344447E+00
74 21-4.69662051E-01-1.55347070E+00
75  1-7.90269337E-03 1.88853407E-01-7.18041040E-03-1.24280037E-02 0.00000000E+00
75  2 4.33331312E-02-1.01407886E-01-1.75681351E-01 0.00000000E+00-1.27720676E-01
75  3 1.97201717E-01-1.49560001E-02 3.24927466E-01 0.00000000E+00 0.00000000E+00
75  4-7.92699724E-03 1.88449770E-01 7.19294404E-03-1.24520205E-02 0.00000000E+00
75  5 4.68727245E-02 1.00286735E-01-1.73693557E-01 0.00000000E+00-1.27719018E-01
75  6 1.97217466E-01-1.49356734E-02-3.24940395E-01 0.00000000E+00 0.00000000E+00
75  7-7.90275509E-03 1.88839331E-01 1.43580583E-02 3.94404529E-06 0.00000000E+00
75  8 4.33763910E-02 2.02803849E-01 4.10581194E-06 0.00000000E+00 3.59675644E-01
75  9-2.90196234E-01-1.49557141E-02 6.21629511E-06 0.00000000E+00 0.00000000E+00
75 10-7.92725495E-03 1.88474284E-01 7.18305483E-03 1.24465487E-02 0.00000000E+00
75 11 4.68303950E-02 1.00318846E-01 1.73764928E-01 0.00000000E+00-1.27727538E-01
75 12 1.97224635E-01-1.49329916E-02 3.24937796E-01 0.00000000E+00 0.00000000E+00
75 13-7.90273700E-03 1.88827083E-01-7.17582257E-03 1.24431343E-02 0.00000000E+00
75 14 4.33961250E-02-1.01404436E-01 1.75605564E-01 0.00000000E+00-1.27729447E-01
75 15 1.97216244E-01-1.49626480E-02-3.24939442E-01 0.00000000E+00 0.00000000E+00
75 16-7.92707996E-03 1.88450461E-01-1.43806031E-02-2.67583055E-06 0.00000000E+00
75 17 4.68725128E-02-2.00580814E-01-8.50793621E-06 0.00000000E+00 3.59693040E-01
75 18-2.90189405E-01-1.49395025E-02 1.60709425E-05 0.00000000E+00 0.00000000E+00
75 19-3.58111516E-01-1.05544157E-02-3.58266068E-01-1.10524772E-02-3.58126728E-01
75 20-1.05813302E-02-3.58118073E-01-1.05580546E-02-3.58268361E-01-1.10421700E-02
75 21-3.58267788E-01-1.10688894E-02
76  1-1.70277663E-03-2.35070331E-02 1.70115370E-01-1.25436896E-01 0.00000000E+00
76  2 1.15362985E-01-6.29088111E-01 3.43755808E-01 0.00000000E+00 1.08056359E-02
76  3 3.23527029E-02-3.89190555E-02 6.11395427E-02 0.00000000E+00 0.00000000E+00
76  4-1.24227778E-02-1.71537786E-01 1.56819928E-01-1.07966742E-01 0.00000000E+00
76  5 8.42297781E-01-1.80775118E-01-2.45306198E-01 0.00000000E+00-3.52439296E-02
76  6 3.49944783E-01-2.83774667E-01-3.69780667E-01 0.00000000E+00 0.00000000E+00
76  7-1.07176540E-02-1.47969156E-01 1.48322819E-01-1.28210364E-01 0.00000000E+00
76  8 7.26506333E-01 1.05490031E-01 4.37460404E-01 0.00000000E+00 4.58160041E-01
76  9-1.86617221E-01-2.44855894E-01 1.20950635E-02 0.00000000E+00 0.00000000E+00
76 10 1.70235443E-03 2.35049707E-02 1.70117383E-01-1.25436708E-01 0.00000000E+00
76 11-1.15343939E-01-6.29078227E-01 3.43740514E-01 0.00000000E+00-1.07864822E-02
76 12-3.23684744E-02 3.89146012E-02-6.11219505E-02 0.00000000E+00 0.00000000E+00
76 13 1.24226969E-02 1.71525143E-01 1.56807445E-01-1.07952681E-01 0.00000000E+00
76 14-8.42284304E-01-1.80745327E-01-2.45289803E-01 0.00000000E+00 3.52481496E-02
76 15-3.49946488E-01 2.83766102E-01 3.69765719E-01 0.00000000E+00 0.00000000E+00
76 16 1.07171040E-02 1.47990951E-01 1.48336955E-01-1.28213171E-01 0.00000000E+00
76 17-7.26528109E-01 1.05471165E-01 4.37493080E-01 0.00000000E+00-4.58155900E-01
76 18 1.86616609E-01 2.44857994E-01-1.20821754E-02 0.00000000E+00 0.00000000E+00
76 19-5.23493012E-01 3.62937974E-02-4.51708321E-01 3.12769211E-02 7.17967071E-02
76 20-4.95247976E-03 4.51705607E-01-3.12801760E-02 5.23475123E-01-3.62959170E-02
76 21-7.18006969E-02 4.95404472E-03
77  1 1.33576701E-02 1.84409202E-01 1.15631803E-01 1.46715505E-01 0.00000000E+00
77  2-9.05351748E-01-1.33256937E-02 1.59700127E-01 0.00000000E+00 3.35819121E-02
77  3-3.72047879E-01 3.05200833E-01-4.00578968E-01 0.00000000E+00 0.00000000E+00
77  4 5.20713292E-03 7.19123424E-02 1.33112286E-01 1.60031674E-01 0.00000000E+00
77  5-3.53240582E-01-6.02538661E-01-2.89083617E-01 0.00000000E+00-1.43951440E-03
77  6-1.30419697E-01 1.18897611E-01 1.65745216E-01 0.00000000E+00 0.00000000E+00
77  7-8.15802787E-03-1.12638446E-01 1.12851313E-01 1.68507867E-01 0.00000000E+00
77  8 5.53284356E-01 7.99534551E-02-5.74944947E-01 0.00000000E+00 3.48599312E-01
77  9-1.41989783E-01-1.86297947E-01-1.58871704E-02 0.00000000E+00 0.00000000E+00
77 10-1.33574232E-02-1.84443599E-01 1.15644632E-01 1.46736673E-01 0.00000000E+00
77 11 9.05372396E-01-1.33466094E-02 1.59674487E-01 0.00000000E+00-3.35880088E-02
77 12 3.72053919E-01-3.05213263E-01 4.00585940E-01 0.00000000E+00 0.00000000E+00
77 13-5.20762257E-03-7.19034427E-02 1.33114188E-01 1.60017997E-01 0.00000000E+00
77 14 3.53250081E-01-6.02534408E-01-2.89079369E-01 0.00000000E+00 1.47115015E-03
77 15 1.30390552E-01-1.18896405E-01-1.65752777E-01 0.00000000E+00 0.00000000E+00
77 16 8.15790990E-03 1.12653169E-01 1.12864715E-01 1.68514610E-01 0.00000000E+00
77 17-5.53307840E-01 7.99309157E-02-5.74979929E-01 0.00000000E+00-3.48610451E-01
77 18 1.41998876E-01 1.86301785E-01 1.58516821E-02 0.00000000E+00 0.00000000E+00
77 19 2.19325247E-01-1.52594256E-02-3.43664996E-01 2.38675159E-02-5.63054062E-01
77 20 3.89579218E-02 3.43674366E-01-2.38768337E-02-2.19316230E-01 1.52570357E-02
77 21 5.63047697E-01-3.89498934E-02
78  1 1.23770798E-04 3.84533516E-02-7.47617707E-02 7.43049286E-02-0.00000000E+00
78  2-4.53146161E-02 2.03276111E-01-1.60478349E-01-0.00000000E+00 3.98421522E-01
78  3-4.03962225E-01 1.58958519E-02 2.52352808E-01-0.00000000E+00-0.00000000E+00
78  4-1.43523775E-03-4.42355526E-01 1.93186911E-01-2.46575464E-01-0.00000000E+00
78  5 5.21513479E-01-3.10711050E-01 3.16904456E-01-0.00000000E+00 1.37620109E-01
78  6-7.37876232E-02-1.82938369E-01-2.44034395E-01-0.00000000E+00-0.00000000E+00
78  7 1.31272289E-03 4.03919511E-01-2.83176417E-01 5.79046274E-02-0.00000000E+00
78  8-4.76227490E-01 3.92458748E-01-1.45596273E-01-0.00000000E+00-1.48020796E-01
78  9 8.97009107E-02 1.67070092E-01 2.99645078E-01-0.00000000E+00-0.00000000E+00
78 10 1.25786163E-04 3.84947718E-02 7.47696362E-02-7.43220204E-02-0.00000000E+00
78 11-4.54106988E-02-2.03198610E-01 1.60527926E-01-0.00000000E+00 3.98398484E-01
78 12-4.03963453E-01 1.59269205E-02 2.52377277E-01-0.00000000E+00-0.00000000E+00
78 13-1.43741080E-03-4.42389440E-01-1.93168195E-01 2.46601752E-01-0.00000000E+00
78 14 5.21632851E-01 3.10757780E-01-3.16943079E-01-0.00000000E+00 1.37622937E-01
78 15-7.37629729E-02-1.82968133E-01-2.44041784E-01-0.00000000E+00-0.00000000E+00
78 16 1.30969559E-03 4.03867732E-01 2.83155054E-01-5.78913468E-02-0.00000000E+00
78 17-4.76191630E-01-3.92432255E-01 1.45581632E-01-0.00000000E+00-1.48006111E-01
78 18 8.97388266E-02 1.67007845E-01 2.99646233E-01-0.00000000E+00-0.00000000E+00
78 19-1.43052387E-01 1.23919079E-01 1.30627377E-01-1.13155253E-01 1.24380617E-02
78 20-1.07888758E-02 1.30617027E-01-1.13142656E-01-1.43070796E-01 1.23937079E-01
78 21 1.24538507E-02-1.07696098E-02
79  1-1.58683984E-03-4.88592499E-01-1.78225192E-01-2.92644284E-01 0.00000000E+00
79  2 5.76100099E-01 2.54847036E-01 4.01042895E-01 0.00000000E+00-5.49529127E-03
79  3 7.60185523E-02-2.02071962E-01 1.64567990E-01 0.00000000E+00 0.00000000E+00
79  4 6.85237851E-04 2.10974043E-01 5.93990092E-03 1.74223051E-01 0.00000000E+00
79  5-2.48735170E-01-9.84039738E-02-2.93529095E-01 0.00000000E+00 3.73927041E-01
79  6-4.04368799E-01 8.72507790E-02-1.76661201E-01 0.00000000E+00 0.00000000E+00
79  7 9.02205780E-04 2.77617820E-01-1.94635899E-01-8.42489377E-02 0.00000000E+00
79  8-3.27321675E-01 2.69741273E-01 2.11861242E-01 0.00000000E+00-1.01733797E-01
79  9 6.16616256E-02 1.14822532E-01-4.35953677E-01 0.00000000E+00 0.00000000E+00
79 10-1.58528246E-03-4.88573253E-01 1.78214923E-01 2.92634188E-01 0.00000000E+00
79 11 5.76012702E-01-2.54844269E-01-4.01041034E-01 0.00000000E+00-5.48736229E-03
79 12 7.59903840E-02-2.02051954E-01 1.64538100E-01 0.00000000E+00 0.00000000E+00
79 13 6.85880999E-04 2.10980600E-01-5.95408879E-03-1.74233866E-01 0.00000000E+00
79 14-2.48754089E-01 9.84467159E-02 2.93550310E-01 0.00000000E+00 3.73928555E-01
79 15-4.04383430E-01 8.72622796E-02-1.76649889E-01 0.00000000E+00 0.00000000E+00
79 16 9.01658226E-04 2.77619105E-01 1.94631753E-01 8.42358585E-02 0.00000000E+00
79 17-3.27306473E-01-2.69758034E-01-2.11818641E-01 0.00000000E+00-1.01703330E-01
79 18 6.16442327E-02 1.14812256E-01-4.35952211E-01 0.00000000E+00 0.00000000E+00
79 19 6.82185611E-02-5.91044899E-02 8.97895660E-02-7.77745355E-02-1.57994578E-01
79 20 1.36873275E-01 8.97623804E-02-7.77734845E-02 6.82292974E-02-5.91043909E-02
79 21-1.58033628E-01 1.36877894E-01
80  1 0.00000000E+00 0.00000000E+00 0.00000000E+00 0.00000000E+00-4.55398964E-02
80  2 0.00000000E+00 0.00000000E+00 0.00000000E+00-3.00565357E-01 0.00000000E+00
80  3 0.00000000E+00 0.00000000E+00 0.00000000E+00-2.63956134E-01-5.24297619E-01
80  4 0.00000000E+00 0.00000000E+00 0.00000000E+00 0.00000000E+00 1.87072470E-02
80  5 0.00000000E+00 0.00000000E+00 0.00000000E+00 1.23472612E-01 0.00000000E+00
80  6 0.00000000E+00 0.00000000E+00 0.00000000E+00-3.79306143E-01 5.89939294E-02
80  7 0.00000000E+00 0.00000000E+00 0.00000000E+00 0.00000000E+00 2.68309925E-02
80  8 0.00000000E+00 0.00000000E+00 0.00000000E+00 1.77095888E-01 0.00000000E+00
80  9 0.00000000E+00 0.00000000E+00 0.00000000E+00-3.45296456E-01 2.65416807E-01
80 10 0.00000000E+00 0.00000000E+00 0.00000000E+00 0.00000000E+00-4.55359089E-02
80 11 0.00000000E+00 0.00000000E+00 0.00000000E+00-3.00568175E-01 0.00000000E+00
80 12 0.00000000E+00 0.00000000E+00 0.00000000E+00 2.63945032E-01 5.24310202E-01
80 13 0.00000000E+00 0.00000000E+00 0.00000000E+00 0.00000000E+00 1.87063185E-02
80 14 0.00000000E+00 0.00000000E+00 0.00000000E+00 1.23477650E-01 0.00000000E+00
80 15 0.00000000E+00 0.00000000E+00 0.00000000E+00 3.79293226E-01-5.90084085E-02
80 16 0.00000000E+00 0.00000000E+00 0.00000000E+00 0.00000000E+00 2.68291298E-02
80 17 0.00000000E+00 0.00000000E+00 0.00000000E+00 1.77088725E-01 0.00000000E+00
80 18 0.00000000E+00 0.00000000E+00 0.00000000E+00 3.45285330E-01-2.65420110E-01
80 19 0.00000000E+00 0.00000000E+00 0.00000000E+00 0.00000000E+00 0.00000000E+00
80 20 0.00000000E+00 0.00000000E+00 0.00000000E+00 0.00000000E+00 0.00000000E+00
80 21 0.00000000E+00 0.00000000E+00
81  1 0.00000000E+00 0.00000000E+00 0.00000000E+00 0.00000000E+00-4.69104419E-03
81  2 0.00000000E+00 0.00000000E+00 0.00000000E+00-3.09576575E-02 0.00000000E+00
81  3 0.00000000E+00 0.00000000E+00 0.00000000E+00-3.12374961E-01 1.10650702E-01
81  4 0.00000000E+00 0.00000000E+00 0.00000000E+00 0.00000000E+00 4.17820172E-02
81  5 0.00000000E+00 0.00000000E+00 0.00000000E+00 2.75776866E-01 0.00000000E+00
81  6 0.00000000E+00 0.00000000E+00 0.00000000E+00-1.52921507E-01 5.32595524E-01
81  7 0.00000000E+00 0.00000000E+00 0.00000000E+00 0.00000000E+00-3.70940309E-02
81  8 0.00000000E+00 0.00000000E+00 0.00000000E+00-2.44823125E-01 0.00000000E+00
81  9 0.00000000E+00 0.00000000E+00 0.00000000E+00 4.77347462E-01 1.91988285E-01
81 10 0.00000000E+00 0.00000000E+00 0.00000000E+00 0.00000000E+00-4.68960022E-03
81 11 0.00000000E+00 0.00000000E+00 0.00000000E+00-3.09540199E-02 0.00000000E+00
81 12 0.00000000E+00 0.00000000E+00 0.00000000E+00 3.12389650E-01-1.10664789E-01
81 13 0.00000000E+00 0.00000000E+00 0.00000000E+00 0.00000000E+00 4.17854067E-02
81 14 0.00000000E+00 0.00000000E+00 0.00000000E+00 2.75776861E-01 0.00000000E+00
81 15 0.00000000E+00 0.00000000E+00 0.00000000E+00 1.52924148E-01-5.32595127E-01
81 16 0.00000000E+00 0.00000000E+00 0.00000000E+00 0.00000000E+00-3.70934006E-02
81 17 0.00000000E+00 0.00000000E+00 0.00000000E+00-2.44818519E-01 0.00000000E+00
81 18 0.00000000E+00 0.00000000E+00 0.00000000E+00-4.77339156E-01-1.92007261E-01
81 19 0.00000000E+00 0.00000000E+00 0.00000000E+00 0.00000000E+00 0.00000000E+00
81 20 0.00000000E+00 0.00000000E+00 0.00000000E+00 0.00000000E+00 0.00000000E+00
81 21 0.00000000E+00 0.00000000E+00
82  1-3.60151117E-02-4.33405025E-01 7.56533110E-02-2.19889945E-01-0.00000000E+00
82  2 5.88500628E-01 3.61010150E-01 4.77467314E-01-0.00000000E+00 2.74073314E-01
82  3 6.57093429E-02-4.71088052E-01-2.49669103E-01-0.00000000E+00-0.00000000E+00
82  4-3.52095476E-06-2.47684416E-05 3.03951116E-01 1.75486066E-01-0.00000000E+00
82  5 3.75886003E-05 1.28040585E-01 7.39686496E-02-0.00000000E+00 3.09863993E-02
82  6-3.09507495E-02-4.35614172E-05-2.05967799E-02-0.00000000E+00-0.00000000E+00
82  7 3.60100821E-02 4.33327921E-01-1.52572721E-01 1.75511185E-01-0.00000000E+00
82  8-5.88400806E-01 5.93904200E-01 7.39657178E-02-0.00000000E+00 6.94499637E-02
82  9-4.09195504E-01 4.71024729E-01 2.06245240E-02-0.00000000E+00-0.00000000E+00
82 10 3.60143262E-02 4.33393001E-01 7.56498220E-02-2.19880237E-01-0.00000000E+00
82 11-5.88499490E-01 3.61024068E-01 4.77443787E-01-0.00000000E+00-2.74116636E-01
82 12-6.56718101E-02 4.71085103E-01 2.49644191E-01-0.00000000E+00-0.00000000E+00
82 13 3.62879232E-06 6.87209232E-05 3.03970830E-01 1.75461332E-01-0.00000000E+00
82 14-9.01256059E-05 1.28013898E-01 7.40116104E-02-0.00000000E+00-3.09891070E-02
82 15 3.09502219E-02 5.75411656E-05 2.06276687E-02-0.00000000E+00-0.00000000E+00
82 16-3.60115197E-02-4.33369064E-01-1.52597662E-01 1.75514530E-01-0.00000000E+00
82 17 5.88461943E-01 5.93944070E-01 7.39443093E-02-0.00000000E+00-6.94385829E-02
82 18 4.09190819E-01-4.71046423E-01-2.06606562E-02-0.00000000E+00-0.00000000E+00
82 19 1.78261128E-05 9.98692760E-06-8.48757174E-02-1.74545913E-01-8.48780949E-02
82 20-1.74572198E-01 8.48649752E-02 1.74555280E-01 1.71990297E-06-2.75143196E-05
82 21 8.48805465E-02 1.74575528E-01
83  1-2.07884098E-02-2.50167329E-01-3.07288389E-01 7.57010916E-02 0.00000000E+00
83  2 3.39706150E-01 6.05178343E-02 3.60985114E-01 0.00000000E+00 1.93953233E-01
83  3 2.17634419E-03-2.71918845E-01-1.20281159E-01 0.00000000E+00 0.00000000E+00
83  4-4.15843138E-02-5.00419225E-01 8.80707762E-02-1.52611946E-01 0.00000000E+00
83  5 6.79498644E-01-3.42936970E-01 5.93937601E-01 0.00000000E+00 3.34341022E-01
83  6 5.79915647E-02-5.43940128E-01 2.76357995E-01 0.00000000E+00 0.00000000E+00
83  7-2.07961847E-02-2.50246737E-01 8.81068074E-02 3.03938689E-01 0.00000000E+00
83  8 3.39828498E-01-3.42988857E-01 1.28048849E-01 0.00000000E+00-4.01056764E-02
83  9 2.36301289E-01-2.72010563E-01 3.57452522E-02 0.00000000E+00 0.00000000E+00
83 10 2.07891911E-02 2.50174780E-01-3.07283952E-01 7.56953090E-02 0.00000000E+00
83 11-3.39725371E-01 6.05248613E-02 3.60992733E-01 0.00000000E+00-1.93946429E-01
83 12-2.18835785E-03 2.71925876E-01 1.20289904E-01 0.00000000E+00 0.00000000E+00
83 13 4.15839456E-02 5.00403474E-01 8.80699770E-02-1.52602432E-01 0.00000000E+00
83 14-6.79464958E-01-3.42924963E-01 5.93923160E-01 0.00000000E+00-3.34333047E-01
83 15-5.79925642E-02 5.43930144E-01-2.76364955E-01 0.00000000E+00 0.00000000E+00
83 16 2.07958849E-02 2.50254554E-01 8.81133795E-02 3.03937851E-01 0.00000000E+00
83 17-3.39845881E-01-3.42995436E-01 1.28051922E-01 0.00000000E+00 4.00978041E-02
83 18-2.36296247E-01 2.72014593E-01-3.57347290E-02 0.00000000E+00 0.00000000E+00
83 19 9.80006439E-02 2.01561980E-01 4.90132191E-02 1.00800427E-01-4.89976333E-02
83 20-1.00773460E-01-4.90062042E-02-1.00802658E-01-9.80063804E-02-2.01555560E-01
83 21 4.89987677E-02 1.00771392E-01
84  1 0.00000000E+00 0.00000000E+00 0.00000000E+00 0.00000000E+00-1.08575176E-02
84  2 0.00000000E+00 0.00000000E+00 0.00000000E+00-7.98420111E-03 0.00000000E+00
84  3 0.00000000E+00 0.00000000E+00 0.00000000E+00 5.83487926E-01-3.58549527E-01
84  4 0.00000000E+00 0.00000000E+00 0.00000000E+00 0.00000000E+00-9.82640984E-02
84  5 0.00000000E+00 0.00000000E+00 0.00000000E+00-7.17309526E-02 0.00000000E+00
84  6 0.00000000E+00 0.00000000E+00 0.00000000E+00 3.29040117E-01-5.39090694E-03
84  7 0.00000000E+00 0.00000000E+00 0.00000000E+00 0.00000000E+00-8.74129285E-02
84  8 0.00000000E+00 0.00000000E+00 0.00000000E+00-6.39009321E-02 0.00000000E+00
84  9 0.00000000E+00 0.00000000E+00 0.00000000E+00 1.50626753E-01-4.02317834E-01
84 10 0.00000000E+00 0.00000000E+00 0.00000000E+00 0.00000000E+00 1.08540766E-02
84 11 0.00000000E+00 0.00000000E+00 0.00000000E+00 7.97775328E-03 0.00000000E+00
84 12 0.00000000E+00 0.00000000E+00 0.00000000E+00 5.83491184E-01-3.58536487E-01
84 13 0.00000000E+00 0.00000000E+00 0.00000000E+00 0.00000000E+00 9.82624111E-02
84 14 0.00000000E+00 0.00000000E+00 0.00000000E+00 7.17256500E-02 0.00000000E+00
84 15 0.00000000E+00 0.00000000E+00 0.00000000E+00 3.29053160E-01-5.36733107E-03
84 16 0.00000000E+00 0.00000000E+00 0.00000000E+00 0.00000000E+00 8.74189640E-02
84 17 0.00000000E+00 0.00000000E+00 0.00000000E+00 6.39123675E-02 0.00000000E+00
84 18 0.00000000E+00 0.00000000E+00 0.00000000E+00 1.50650835E-01-4.02309821E-01
84 19 0.00000000E+00 0.00000000E+00 0.00000000E+00 0.00000000E+00 0.00000000E+00
84 20 0.00000000E+00 0.00000000E+00 0.00000000E+00 0.00000000E+00 0.00000000E+00
84 21 0.00000000E+00 0.00000000E+00
85  1 0.00000000E+00 0.00000000E+00 0.00000000E+00 0.00000000E+00 1.07211444E-01
85  2 0.00000000E+00 0.00000000E+00 0.00000000E+00 7.84709151E-02 0.00000000E+00
85  3 0.00000000E+00 0.00000000E+00 0.00000000E+00 1.52454000E-01 1.25446346E-01
85  4 0.00000000E+00 0.00000000E+00 0.00000000E+00 0.00000000E+00 4.41940724E-02
85  5 0.00000000E+00 0.00000000E+00 0.00000000E+00 3.21275115E-02 0.00000000E+00
85  6 0.00000000E+00 0.00000000E+00 0.00000000E+00 5.05494536E-01 3.79507716E-01
85  7 0.00000000E+00 0.00000000E+00 0.00000000E+00 0.00000000E+00-6.29912688E-02
85  8 0.00000000E+00 0.00000000E+00 0.00000000E+00-4.58561736E-02 0.00000000E+00
85  9 0.00000000E+00 0.00000000E+00 0.00000000E+00 1.08282324E-01 5.58225444E-01
85 10 0.00000000E+00 0.00000000E+00 0.00000000E+00 0.00000000E+00-1.07210890E-01
85 11 0.00000000E+00 0.00000000E+00 0.00000000E+00-7.84775169E-02 0.00000000E+00
85 12 0.00000000E+00 0.00000000E+00 0.00000000E+00 1.52461668E-01 1.25459697E-01
85 13 0.00000000E+00 0.00000000E+00 0.00000000E+00 0.00000000E+00-4.41927605E-02
85 14 0.00000000E+00 0.00000000E+00 0.00000000E+00-3.21212934E-02 0.00000000E+00
85 15 0.00000000E+00 0.00000000E+00 0.00000000E+00 5.05498872E-01 3.79499477E-01
85 16 0.00000000E+00 0.00000000E+00 0.00000000E+00 0.00000000E+00 6.29914950E-02
85 17 0.00000000E+00 0.00000000E+00 0.00000000E+00 4.58558389E-02 0.00000000E+00
85 18 0.00000000E+00 0.00000000E+00 0.00000000E+00 1.08282187E-01 5.58213221E-01
85 19 0.00000000E+00 0.00000000E+00 0.00000000E+00 0.00000000E+00 0.00000000E+00
85 20 0.00000000E+00 0.00000000E+00 0.00000000E+00 0.00000000E+00 0.00000000E+00
85 21 0.00000000E+00 0.00000000E+00
86  1 0.00000000E+00 0.00000000E+00 0.00000000E+00 0.00000000E+00-2.15602605E-02
86  2 0.00000000E+00 0.00000000E+00 0.00000000E+00-3.58270714E-01 0.00000000E+00
86  3 0.00000000E+00 0.00000000E+00 0.00000000E+00-2.46300184E-01-4.26471159E-01
86  4 0.00000000E+00 0.00000000E+00 0.00000000E+00 0.00000000E+00 2.16445508E-02
86  5 0.00000000E+00 0.00000000E+00 0.00000000E+00 3.58331592E-01 0.00000000E+00
86  6 0.00000000E+00 0.00000000E+00 0.00000000E+00-2.46106236E-01 4.26752794E-01
86  7 0.00000000E+00 0.00000000E+00 0.00000000E+00 0.00000000E+00-2.16254359E-02
86  8 0.00000000E+00 0.00000000E+00 0.00000000E+00-3.58313565E-01 0.00000000E+00
86  9 0.00000000E+00 0.00000000E+00 0.00000000E+00 4.92591540E-01 3.21855423E-04
86 10 0.00000000E+00 0.00000000E+00 0.00000000E+00 0.00000000E+00 2.15569710E-02
86 11 0.00000000E+00 0.00000000E+00 0.00000000E+00 3.58264647E-01 0.00000000E+00
86 12 0.00000000E+00 0.00000000E+00 0.00000000E+00-2.46296506E-01-4.26462390E-01
86 13 0.00000000E+00 0.00000000E+00 0.00000000E+00 0.00000000E+00-2.16456037E-02
86 14 0.00000000E+00 0.00000000E+00 0.00000000E+00-3.58331303E-01 0.00000000E+00
86 15 0.00000000E+00 0.00000000E+00 0.00000000E+00-2.46099929E-01 4.26755563E-01
86 16 0.00000000E+00 0.00000000E+00 0.00000000E+00 0.00000000E+00 2.16266357E-02
86 17 0.00000000E+00 0.00000000E+00 0.00000000E+00 3.58321299E-01 0.00000000E+00
86 18 0.00000000E+00 0.00000000E+00 0.00000000E+00 4.92604862E-01 3.21254909E-04
86 19 0.00000000E+00 0.00000000E+00 0.00000000E+00 0.00000000E+00 0.00000000E+00
86 20 0.00000000E+00 0.00000000E+00 0.00000000E+00 0.00000000E+00 0.00000000E+00
86 21 0.00000000E+00 0.00000000E+00
87  1-8.43369118E-02-2.24282049E-01 7.56744022E-02 1.45124375E-01 0.00000000E+00
87  2 2.91432488E+00 6.67125443E-01 1.18687408E+00 0.00000000E+00 3.11029199E-01
87  3 4.01172841E-01-6.96717286E-01 7.14302300E-02 0.00000000E+00 0.00000000E+00
87  4 4.02115579E-02 1.06937862E-01 2.38720987E-01 4.77987580E-02 0.00000000E+00
87  5-1.38951299E+00 7.70590469E-01-3.04624486E-01 0.00000000E+00-3.82104727E-01
87  6 4.25290781E-02 3.32192753E-01 1.89931162E-01 0.00000000E+00 0.00000000E+00
87  7 4.41266270E-02 1.17362455E-01 8.55537184E-02-2.23601081E-01 0.00000000E+00
87  8-1.52486340E+00 7.12362992E-01-4.99338834E-01 0.00000000E+00-2.26138521E-01
87  9-1.46491388E-01 3.64526853E-01 2.97913668E-01 0.00000000E+00 0.00000000E+00
87 10-8.43379790E-02-2.24297580E-01-7.56725817E-02-1.45120648E-01 0.00000000E+00
87 11 2.91442048E+00-6.67145448E-01-1.18694063E+00 0.00000000E+00 3.11015782E-01
87 12 4.01183895E-01-6.96716868E-01 7.14341022E-02 0.00000000E+00 0.00000000E+00
87 13 4.02125861E-02 1.06955334E-01-2.38711857E-01-4.77977467E-02 0.00000000E+00
87 14-1.38962542E+00-7.70623084E-01 3.04695063E-01 0.00000000E+00-3.82100034E-01
87 15 4.25193315E-02 3.32196559E-01 1.89921035E-01 0.00000000E+00 0.00000000E+00
87 16 4.41246726E-02 1.17347220E-01-8.55534466E-02 2.23610248E-01 0.00000000E+00
87 17-1.52474274E+00-7.12292134E-01 4.99333553E-01 0.00000000E+00-2.26138327E-01
87 18-1.46484298E-01 3.64521967E-01 2.97914591E-01 0.00000000E+00 0.00000000E+00
87 19 1.26087157E-01-1.88032769E-01 1.38353623E-01-2.06350939E-01-2.64446229E-01
87 20 3.94389170E-01 1.38356609E-01-2.06333591E-01 1.26081465E-01-1.88052157E-01
87 21-2.64445307E-01 3.94373569E-01
88  1 2.25968429E-03 6.00867010E-03-2.29315070E-01 1.27332545E-01-0.00000000E+00
88  2-7.80899653E-02-5.25439032E-01 2.61240356E-01-0.00000000E+00-2.70576277E-01
88  3 2.51494948E-01 1.86652612E-02-1.76742854E-01-0.00000000E+00-0.00000000E+00
88  4-7.41678877E-02-1.97241559E-01 3.63904846E-02 1.87063819E-01-0.00000000E+00
88  5 2.56297783E+00-3.56843818E-01 1.17651050E+00-0.00000000E+00 1.54750836E-01
88  6 4.71575228E-01-6.12707970E-01 1.63647514E-02-0.00000000E+00-0.00000000E+00
88  7 7.19088812E-02 1.91232523E-01 1.39424530E-01 1.37216512E-01-0.00000000E+00
88  8-2.48489845E+00 1.16083387E+00 3.06409349E-01-0.00000000E+00-3.68509288E-01
88  9-2.38737077E-01 5.94043940E-01-1.82807074E-01-0.00000000E+00-0.00000000E+00
88 10 2.25912197E-03 6.00496966E-03 2.29318137E-01-1.27335902E-01-0.00000000E+00
88 11-7.80674255E-02 5.25430677E-01-2.61246450E-01-0.00000000E+00-2.70580286E-01
88 12 2.51500764E-01 1.86656321E-02-1.76752652E-01-0.00000000E+00-0.00000000E+00
88 13-7.41682001E-02-1.97238408E-01-3.63884314E-02-1.87069728E-01-0.00000000E+00
88 14 2.56297191E+00 3.56830650E-01-1.17650731E+00-0.00000000E+00 1.54751887E-01
88 15 4.71578396E-01-6.12710367E-01 1.63731107E-02-0.00000000E+00-0.00000000E+00
88 16 7.19083340E-02 1.91228464E-01-1.39427450E-01-1.37223014E-01-0.00000000E+00
88 17-2.48489505E+00-1.16082120E+00-3.06421529E-01-0.00000000E+00-3.68514047E-01
88 18-2.38733762E-01 5.94043021E-01-1.82819926E-01-0.00000000E+00-0.00000000E+00
88 19-2.32552524E-01 3.46827212E-01 2.25465584E-01-3.36262035E-01 7.08575442E-03
88 20-1.05618851E-02 2.25469352E-01-3.36258850E-01-2.32547588E-01 3.46822272E-01
88 21 7.08303861E-03-1.05643211E-02
89  1-0.00000000E+00-0.00000000E+00-0.00000000E+00-0.00000000E+00 1.57638718E-06
89  2-0.00000000E+00-0.00000000E+00-0.00000000E+00 1.27953326E-06-0.00000000E+00
89  3-0.00000000E+00-0.00000000E+00-0.00000000E+00-4.80585668E-01 2.77465764E-01
89  4-0.00000000E+00-0.00000000E+00-0.00000000E+00-0.00000000E+00 1.27015653E-07
89  5-0.00000000E+00-0.00000000E+00-0.00000000E+00-7.35816042E-07-0.00000000E+00
89  6-0.00000000E+00-0.00000000E+00-0.00000000E+00-4.80580296E-01-2.77465065E-01
89  7-0.00000000E+00-0.00000000E+00-0.00000000E+00-0.00000000E+00 3.41460361E-06
89  8-0.00000000E+00-0.00000000E+00-0.00000000E+00 2.11961457E-06-0.00000000E+00
89  9-0.00000000E+00-0.00000000E+00-0.00000000E+00 1.19226394E-07-5.54919177E-01
89 10-0.00000000E+00-0.00000000E+00-0.00000000E+00-0.00000000E+00-2.21473931E-06
89 11-0.00000000E+00-0.00000000E+00-0.00000000E+00-1.58373059E-06-0.00000000E+00
89 12-0.00000000E+00-0.00000000E+00-0.00000000E+00 4.80575462E-01-2.77453048E-01
89 13-0.00000000E+00-0.00000000E+00-0.00000000E+00-0.00000000E+00-2.54252738E-06
89 14-0.00000000E+00-0.00000000E+00-0.00000000E+00-3.46522010E-07-0.00000000E+00
89 15-0.00000000E+00-0.00000000E+00-0.00000000E+00 4.80578600E-01 2.77468313E-01
89 16-0.00000000E+00-0.00000000E+00-0.00000000E+00-0.00000000E+00-3.40621147E-07
89 17-0.00000000E+00-0.00000000E+00-0.00000000E+00-7.25071359E-07-0.00000000E+00
89 18-0.00000000E+00-0.00000000E+00-0.00000000E+00-5.98897185E-06 5.54934403E-01
89 19-0.00000000E+00-0.00000000E+00-0.00000000E+00-0.00000000E+00-0.00000000E+00
89 20-0.00000000E+00-0.00000000E+00-0.00000000E+00-0.00000000E+00-0.00000000E+00
89 21-0.00000000E+00-0.00000000E+00
90  1 2.54427580E-02-4.95043442E-02-2.99386596E-01 9.72132799E-02 0.00000000E+00
90  2-5.33987488E-01-1.94530029E-01-2.93362310E-01 0.00000000E+00-2.27898658E-01
90  3 1.31802237E-01 1.57347091E-01 4.34866806E-01 0.00000000E+00 0.00000000E+00
90  4-4.00170451E-02 7.80200434E-02-1.04762235E-01 5.87011524E-02 0.00000000E+00
90  5 8.40311078E-01-2.79794822E-01 4.76190616E-01 0.00000000E+00 3.97068395E-01
90  6-2.45737507E-01-2.47487369E-01 6.57991848E-01 0.00000000E+00 0.00000000E+00
90  7 1.45568312E-02-2.83060568E-02 3.74642071E-02 3.69284611E-01 0.00000000E+00
90  8-3.05617898E-01 2.01090224E-01 2.60857745E-02 0.00000000E+00 2.10580389E-01
90  9-2.65562300E-01 9.00264863E-02 4.51257039E-02 0.00000000E+00 0.00000000E+00
90 10 2.54435077E-02-4.96619109E-02 2.99161353E-01-9.69336641E-02 0.00000000E+00
90 11-5.33856011E-01 1.93524217E-01 2.93519743E-01 0.00000000E+00-2.27463832E-01
90 12 1.31267619E-01 1.57361619E-01 4.35241652E-01 0.00000000E+00 0.00000000E+00
90 13-3.99855631E-02 7.79046791E-02 1.04649855E-01-5.84526620E-02 0.00000000E+00
90 14 8.38501423E-01 2.79632729E-01-4.75718758E-01 0.00000000E+00 3.96919330E-01
90 15-2.45935053E-01-2.47292599E-01 6.57937225E-01 0.00000000E+00 0.00000000E+00
90 16 1.45573655E-02-2.84413591E-02-3.75592550E-02-3.68927207E-01 0.00000000E+00
90 17-3.05346357E-01-2.00721089E-01-2.50378177E-02 0.00000000E+00 2.10587801E-01
90 18-2.65629963E-01 9.00361729E-02 4.58659701E-02 0.00000000E+00 0.00000000E+00
90 19 3.24651231E-01 2.53172532E-03-1.18184066E-01-9.30278009E-04-2.06510715E-01
90 20-1.53505264E-03-1.18165443E-01-8.55935200E-04 3.24740304E-01 2.39139803E-03
90 21-2.06541932E-01-1.60408375E-03
91  1 3.14959024E-02-6.13074651E-02 1.74843494E-01-1.94578473E-01 0.00000000E+00
91  2-6.60867545E-01-2.02109729E-01-3.85419978E-01 0.00000000E+00-3.39780106E-01
91  3 2.20827315E-01 1.94785569E-01 4.99972261E-01 0.00000000E+00 0.00000000E+00
91  4 6.28321416E-03-1.22909500E-02-3.30119487E-01-2.09331601E-01 0.00000000E+00
91  5-1.31794483E-01 2.03894702E-02-8.82334982E-02 0.00000000E+00-9.97136136E-02
91  6 7.59452627E-02 3.88623913E-02-7.85011237E-02 0.00000000E+00 0.00000000E+00
91  7-3.77699314E-02 7.35631001E-02-9.72325755E-02 1.42262295E-01 0.00000000E+00
91  8 7.92098172E-01-5.21290809E-01 1.00039101E-02 0.00000000E+00-5.46601461E-01
91  9 6.89210022E-01-2.33584718E-01 1.74097624E-02 0.00000000E+00 0.00000000E+00
91 10 3.15052402E-02-6.14683427E-02-1.74474972E-01 1.94567966E-01 0.00000000E+00
91 11-6.61194919E-01 2.02791022E-01 3.84805817E-01 0.00000000E+00-3.40362399E-01
91 12 2.21245627E-01 1.94845658E-01 4.99697365E-01 0.00000000E+00 0.00000000E+00
91 13 6.28314629E-03-1.22028232E-02 3.30509139E-01 2.09480843E-01 0.00000000E+00
91 14-1.31925338E-01-1.94702939E-02 8.90148769E-02 0.00000000E+00-9.90446178E-02
91 15 7.53208916E-02 3.88589805E-02-7.88859964E-02 0.00000000E+00 0.00000000E+00
91 16-3.77993923E-02 7.37155207E-02 9.75095464E-02-1.42173995E-01 0.00000000E+00
91 17 7.93688318E-01 5.21624388E-01-9.71466852E-03 0.00000000E+00-5.46464168E-01
91 18 6.89416006E-01-2.33775149E-01 1.76086023E-02 0.00000000E+00 0.00000000E+00
91 19-5.10073638E-02-3.62062575E-04 3.06749129E-01 2.27602140E-03-2.55673770E-01
91 20-1.93313150E-03 3.06652231E-01 2.38027223E-03-5.10116237E-02-4.04705070E-04
91 21-2.55718104E-01-1.95808335E-03
92  1 1.75330205E-03-1.41001201E-02 3.60528958E-01-2.31340303E-01-0.00000000E+00
92  2-8.54524166E-02 1.05300923E+00-6.15286091E-01-0.00000000E+00 6.37692204E-01
92  3-6.60145594E-01 1.12694445E-02 4.37446164E-01-0.00000000E+00-0.00000000E+00
92  4 2.11441341E-02-1.70008348E-01 2.82550101E-01-1.16607759E-01-0.00000000E+00
92  5-1.03112045E+00 4.97969144E-01 1.98884701E-01-0.00000000E+00-4.40266134E-01
92  6 1.69425283E-01 1.35880745E-01 1.45355509E-01-0.00000000E+00-0.00000000E+00
92  7 1.94256739E-02-1.55990939E-01 2.22263514E-01-2.41707500E-01-0.00000000E+00
92  8-9.46264398E-01 7.08133661E-02-6.88886817E-01-0.00000000E+00-8.38617649E-02
92  9-1.64645594E-01 1.24824253E-01 4.90090248E-01-0.00000000E+00-0.00000000E+00
92 10-1.75318862E-03 1.40934724E-02 3.60891737E-01-2.31539624E-01-0.00000000E+00
92 11 8.54218898E-02 1.05304120E+00-6.15294601E-01-0.00000000E+00-6.37655524E-01
92 12 6.60097576E-01-1.12635472E-02-4.37434694E-01-0.00000000E+00-0.00000000E+00
92 13-2.11807429E-02 1.70082536E-01 2.82420442E-01-1.16789264E-01-0.00000000E+00
92 14 1.03187487E+00 4.98232656E-01 1.98461728E-01-0.00000000E+00 4.40673806E-01
92 15-1.69695847E-01-1.36106183E-01-1.44765841E-01-0.00000000E+00-0.00000000E+00
92 16-1.93883052E-02 1.55921988E-01 2.22179349E-01-2.41914681E-01-0.00000000E+00
92 17 9.45537544E-01 7.03205020E-02-6.88886792E-01-0.00000000E+00 8.44199573E-02
92 18 1.63963012E-01-1.24600686E-01-4.90061759E-01-0.00000000E+00-0.00000000E+00
92 19 7.54127420E-02-4.21267030E-02 6.88666313E-02-3.86211388E-02-6.23356853E-03
92 20 3.48308798E-03-6.91760995E-02 3.86264831E-02-7.51114246E-02 4.21280937E-02
92 21 6.24276802E-03-3.48854155E-03
93  1-2.34833272E-02 1.88004712E-01 1.61892975E-01 2.16337164E-01 0.00000000E+00
93  2 1.14512776E+00 1.22668080E-01 2.98148702E-02 0.00000000E+00 2.23124824E-01
93  3 7.70526417E-02-1.50868572E-01-1.61284187E-02 0.00000000E+00 0.00000000E+00
93  4-1.01427976E-02 8.21422862E-02 2.76789568E-01 2.94477785E-01 0.00000000E+00
93  5 4.93543817E-01 9.36613138E-01 5.81480819E-01 0.00000000E+00-5.12291164E-01
93  6 6.42490807E-01-6.52201155E-02 4.12921601E-01 0.00000000E+00 0.00000000E+00
93  7 1.31983264E-02-1.06593718E-01 1.51457699E-01 3.54591427E-01 0.00000000E+00
93  8-6.41971168E-01 4.65437506E-02 1.01053019E+00 0.00000000E+00-5.70018243E-02
93  9-1.12152980E-01 8.48508755E-02-7.18917219E-01 0.00000000E+00 0.00000000E+00
93 10 2.34501174E-02-1.87927774E-01 1.61884781E-01 2.16235351E-01 0.00000000E+00
93 11-1.14442657E+00 1.22434962E-01 2.94138546E-02 0.00000000E+00-2.22762513E-01
93 12-7.72828958E-02 1.50661420E-01 1.55460974E-02 0.00000000E+00 0.00000000E+00
93 13 1.01554779E-02-8.21741030E-02 2.76492881E-01 2.94348025E-01 0.00000000E+00
93 14-4.93788081E-01 9.36502961E-01 5.81613594E-01 0.00000000E+00 5.12178836E-01
93 15-6.42421769E-01 6.52962076E-02-4.13166219E-01 0.00000000E+00 0.00000000E+00
93 16-1.31760340E-02 1.06546872E-01 1.51399169E-01 3.54866446E-01 0.00000000E+00
93 17 6.41507763E-01 4.62427506E-02 1.01053222E+00 0.00000000E+00 5.73076422E-02
93 18 1.11761613E-01-8.47118952E-02 7.18877047E-01 0.00000000E+00 0.00000000E+00
93 19-3.62511242E-02 1.98972767E-02 4.69106284E-02-2.59425149E-02 8.35037863E-02
93 20-4.70209647E-02-4.70809708E-02 2.59388322E-02 3.61309375E-02-1.98888354E-02
93 21-8.32123175E-02 4.70190498E-02
94  1 9.64818135E-02 5.49948580E-01-7.04538054E-02-1.22080173E-01 0.00000000E+00
94  2-6.92903222E+00-1.90671014E+00-3.30267230E+00 0.00000000E+00-2.24920556E-01
94  3-3.58172311E-01 5.41913549E-01-1.33177966E-01 0.00000000E+00 0.00000000E+00
94  4-9.64988009E-02-5.49840016E-01-7.03919695E-02 1.22314162E-01 0.00000000E+00
94  5 6.92977457E+00-1.90640134E+00 3.30298188E+00 0.00000000E+00 2.24802177E-01
94  6 3.58489980E-01-5.42021958E-01-1.32985091E-01 0.00000000E+00 0.00000000E+00
94  7 9.65019840E-02 5.49814967E-01 1.41149954E-01 1.38734140E-04 0.00000000E+00
94  8-6.92988668E+00 3.81366580E+00 4.87623957E-04 0.00000000E+00-4.24766416E-01
94  9-1.58549477E-01 5.42039324E-01-3.25482321E-04 0.00000000E+00 0.00000000E+00
94 10-9.64880284E-02-5.49948532E-01-7.04710344E-02-1.22077983E-01 0.00000000E+00
94 11 6.92906456E+00-1.90675366E+00-3.30273995E+00 0.00000000E+00 2.24968513E-01
94 12 3.58141238E-01-5.41947643E-01 1.33093061E-01 0.00000000E+00 0.00000000E+00
94 13 9.65010120E-02 5.49825627E-01-7.04292032E-02 1.22307771E-01 0.00000000E+00
94 14-6.92985577E+00-1.90642798E+00 3.30298558E+00 0.00000000E+00-2.24835280E-01
94 15-3.58464265E-01 5.42034549E-01 1.32915380E-01 0.00000000E+00 0.00000000E+00
94 16-9.65012714E-02-5.49821528E-01 1.41146501E-01 1.85144826E-04 0.00000000E+00
94 17 6.92989968E+00 3.81368632E+00 4.82483945E-04 0.00000000E+00 4.24796747E-01
94 18 1.58521161E-01-5.42038627E-01 3.18238481E-04 0.00000000E+00 0.00000000E+00
94 19-1.27191568E-01 8.73293467E-01 1.27174207E-01-8.73277119E-01-1.27102409E-01
94 20 8.73257354E-01-1.27188467E-01 8.73292846E-01 1.27156274E-01-8.73269651E-01
94 21 1.27148887E-01-8.73244601E-01
95  1 9.76694441E-08 3.52317541E-06-3.68518759E-01 2.12765893E-01-0.00000000E+00
95  2 1.38241523E-05-1.46557191E+00 8.46138684E-01-0.00000000E+00-5.36641208E-01
95  3 5.36644729E-01-1.16835686E-06-3.57769217E-01-0.00000000E+00-0.00000000E+00
95  4-1.32250126E-07-4.78396842E-06-3.68517759E-01-2.12768152E-01-0.00000000E+00
95  5 9.20827540E-06-1.46554921E+00-8.46137917E-01-0.00000000E+00 5.36643818E-01
95  6-5.36647005E-01 1.83957372E-06-3.57765711E-01-0.00000000E+00-0.00000000E+00
95  7 4.30349471E-07 1.14066502E-05-7.10408300E-06-4.25522757E-01-0.00000000E+00
95  8 2.08037058E-05 1.25917423E-05-1.69226057E+00-0.00000000E+00-9.66333372E-06
95  9 2.01816775E-05-2.88762469E-06 7.15517425E-01-0.00000000E+00-0.00000000E+00
95 10-2.79804362E-07-5.89468619E-06 3.68510995E-01-2.12749882E-01-0.00000000E+00
95 11-1.58376165E-05 1.46554257E+00-8.46119639E-01-0.00000000E+00-5.36636620E-01
95 12 5.36630571E-01 1.32179629E-06-3.57762492E-01-0.00000000E+00-0.00000000E+00
95 13-2.99435652E-07-4.89364063E-06 3.68516722E-01 2.12773626E-01-0.00000000E+00
95 14-2.10672074E-05 1.46554818E+00 8.46148805E-01-0.00000000E+00 5.36644224E-01
95 15-5.36651020E-01 6.86268637E-07-3.57758206E-01-0.00000000E+00-0.00000000E+00
95 16 3.63079823E-08 2.27217209E-06-2.53527274E-06 4.25534530E-01-0.00000000E+00
95 17-7.71336421E-06-1.43278212E-05 1.69228871E+00-0.00000000E+00-1.39330849E-05
95 18 1.52061431E-05-5.11551313E-07 7.15535266E-01-0.00000000E+00-0.00000000E+00
95 19-1.43056776E-06 6.53223490E-07 4.61878132E-07-3.01805680E-07-4.86181586E-07
95 20 7.33352664E-07 2.07243588E-06-3.26408911E-07-5.49316703E-07 1.02019503E-07
95 21-2.19547226E-06 8.35865937E-07
96  1 7.09865031E-02 4.75801633E-02-5.42364842E-02-9.39477294E-02 0.00000000E+00
96  2-3.87976073E+00-1.08731651E+00-1.88332420E+00 0.00000000E+00-4.00284895E-01
96  3 1.87572160E-01 2.99642264E-01 5.87842613E-01 0.00000000E+00 0.00000000E+00
96  4-7.09850129E-02-4.75917581E-02-5.42426186E-02 9.39449696E-02 0.00000000E+00
96  5 3.87975045E+00-1.08733965E+00 1.88333416E+00 0.00000000E+00 4.00280992E-01
96  6-1.87558916E-01-2.99635235E-01 5.87836424E-01 0.00000000E+00 0.00000000E+00
96  7 7.09855344E-02 4.75917955E-02 1.08476135E-01 6.93876093E-06 0.00000000E+00
96  8-3.87974727E+00 2.17466198E+00 2.35380117E-05 0.00000000E+00 4.81477156E-01
96  9-6.94191201E-01 2.99636039E-01 1.47420064E-05 0.00000000E+00 0.00000000E+00
96 10-7.09859034E-02-4.75958176E-02-5.42426781E-02-9.39431789E-02 0.00000000E+00
96 11 3.87971787E+00-1.08732362E+00-1.88332350E+00 0.00000000E+00 4.00279687E-01
96 12-1.87563754E-01-2.99636314E-01-5.87829381E-01 0.00000000E+00 0.00000000E+00
96 13 7.09856549E-02 4.75851181E-02-5.42339134E-02 9.39462148E-02 0.00000000E+00
96 14-3.87976642E+00-1.08734346E+00 1.88330805E+00 0.00000000E+00-4.00270994E-01
96 15 1.87555194E-01 2.99638843E-01-5.87840668E-01 0.00000000E+00 0.00000000E+00
96 16-7.09855861E-02-4.75860187E-02 1.08480892E-01-2.11042156E-06 0.00000000E+00
96 17 3.87977122E+00 2.17468467E+00 1.89137581E-05 0.00000000E+00-4.81480890E-01
96 18 6.94202638E-01-2.99639236E-01-1.43277718E-05 0.00000000E+00 0.00000000E+00
96 19 2.65369900E-01 3.64059838E-01-2.65366375E-01-3.64049202E-01 2.65369674E-01
96 20 3.64058545E-01 2.65369741E-01 3.64056436E-01-2.65364716E-01-3.64045302E-01
96 21-2.65371608E-01-3.64049112E-01
97  1-1.88626496E-01 1.31514673E+00 2.74729545E-02 4.75776470E-02-0.00000000E+00
97  2 3.55981639E-01-3.00428593E-02-5.20320120E-02-0.00000000E+00-6.88061784E-01
97  3-7.25626074E-01-7.32382054E-01-3.75557395E-02-0.00000000E+00-0.00000000E+00
97  4-1.88639284E-01 1.31522090E+00-2.74599295E-02 4.75844732E-02-0.00000000E+00
97  5 3.56054733E-01 3.00202906E-02-5.20131153E-02-0.00000000E+00-6.88116569E-01
97  6-7.25662315E-01-7.32431372E-01 3.75606592E-02-0.00000000E+00-0.00000000E+00
97  7-1.88652567E-01 1.31530706E+00-5.49362124E-02 4.80696902E-06-0.00000000E+00
97  8 3.56060311E-01 6.00691377E-02-2.21251562E-06-0.00000000E+00-7.44497827E-01
97  9-6.69384798E-01-7.32483744E-01-7.86985623E-06-0.00000000E+00-0.00000000E+00
97 10-1.88655162E-01 1.31531866E+00-2.74650499E-02-4.75779035E-02-0.00000000E+00
97 11 3.56093859E-01 3.00253764E-02 5.20081437E-02-0.00000000E+00-6.88171935E-01
97 12-7.25727275E-01-7.32493310E-01-3.75622186E-02-0.00000000E+00-0.00000000E+00
97 13-1.88642938E-01 1.31524855E+00 2.74775986E-02-4.75722205E-02-0.00000000E+00
97 14 3.56034193E-01-3.00404788E-02 5.20213065E-02-0.00000000E+00-6.88120948E-01
97 15-7.25689185E-01-7.32446346E-01 3.75506072E-02-0.00000000E+00-0.00000000E+00
97 16-1.88629354E-01 1.31516045E+00 5.49407518E-02 7.36295061E-06-0.00000000E+00
97 17 3.56025632E-01-6.00592070E-02-5.91187397E-06-0.00000000E+00-7.44409163E-01
97 18-6.69295307E-01-7.32392745E-01 3.40489097E-06-0.00000000E+00-0.00000000E+00
97 19 8.69422898E-02-1.68393880E-01 8.69470747E-02-1.68406539E-01 8.69513557E-02
97 20-1.68406649E-01 8.69380019E-02-1.68388130E-01 8.69412822E-02-1.68399140E-01
97 21 8.69378864E-02-1.68393748E-01
98  1-2.77805695E-01 1.73876606E+00-3.06999524E-02-2.13687777E-02 0.00000000E+00
98  2 7.95667438E-01 5.51259286E-02 7.36008266E-02 0.00000000E+00-1.06006078E+00
98  3-1.04571831E+00-1.08232166E+00-8.97317989E-03 0.00000000E+00 0.00000000E+00
98  4-1.18845368E-01 7.43843117E-01-1.42654665E-01-9.90866772E-02 0.00000000E+00
98  5 3.40410900E-01 8.35936423E-02 9.33752949E-02 0.00000000E+00-3.54576546E-01
98  6-5.46275833E-01-4.63016870E-01-6.21021673E-02 0.00000000E+00 0.00000000E+00
98  7 1.58955241E-01-9.94870754E-01-1.93799768E-02-1.57181621E-01 0.00000000E+00
98  8-4.55311540E-01 5.22661123E-02 1.08142387E-01 0.00000000E+00 6.04238978E-01
98  9 6.00648089E-01 6.19283559E-01 1.15242028E-01 0.00000000E+00 0.00000000E+00
98 10 2.77787275E-01-1.73863755E+00-3.07036821E-02-2.13735820E-02 0.00000000E+00
98 11-7.95635957E-01 5.51296160E-02 7.36045309E-02 0.00000000E+00 1.05999476E+00
98 12 1.04564656E+00 1.08225083E+00 8.97426691E-03 0.00000000E+00 0.00000000E+00
98 13 1.18823227E-01-7.43691514E-01-1.42652018E-01-9.90903461E-02 0.00000000E+00
98 14-3.40358073E-01 8.35923315E-02 9.33808166E-02 0.00000000E+00 3.54495082E-01
98 15 5.46187685E-01 4.62930925E-01 6.21062669E-02 0.00000000E+00 0.00000000E+00
98 16-1.58973229E-01 9.95001781E-01-1.93715812E-02-1.57183316E-01 0.00000000E+00
98 17 4.55338070E-01 5.22563082E-02 1.08141936E-01 0.00000000E+00-6.04310081E-01
98 18-6.00711172E-01-6.19353952E-01-1.15239311E-01 0.00000000E+00 0.00000000E+00
98 19 4.81510589E-02-7.31295836E-02-6.44004918E-02 9.78037149E-02-1.12547227E-01
98 20 1.70929601E-01 6.44084663E-02-9.78205753E-02-4.81398767E-02 7.31087388E-02
98 21 1.12554358E-01-1.70944519E-01
99  1 2.31668144E-02-1.44995147E-01-1.63720630E-01 9.77862694E-02 0.00000000E+00
99  2-6.63573813E-02 1.09808809E-01-7.21911120E-02 0.00000000E+00-1.71739175E-02
99  3 1.92780579E-01 9.02568693E-02-6.96381173E-02 0.00000000E+00 0.00000000E+00
99  4 2.52160051E-01-1.57824485E+00-8.60063271E-02-1.41663516E-02 0.00000000E+00
99  5-7.22247420E-01 9.00457816E-02-4.37239932E-02 0.00000000E+00 9.99115590E-01
99  6 9.12268715E-01 9.82407525E-01-3.27540203E-02 0.00000000E+00 0.00000000E+00
99  7 2.28991256E-01-1.43323681E+00-2.79113048E-02 1.09110385E-01 0.00000000E+00
99  8-6.55873213E-01 7.52677312E-02-7.50695831E-02 0.00000000E+00 8.70474162E-01
99  9 8.65291557E-01 8.92143400E-01-7.99944540E-02 0.00000000E+00 0.00000000E+00
99 10-2.31707427E-02 1.45030314E-01-1.63721248E-01 9.77805622E-02 0.00000000E+00
99 11 6.63509231E-02 1.09809425E-01-7.21834825E-02 0.00000000E+00 1.71621199E-02
99 12-1.92797430E-01-9.02731676E-02 6.96376688E-02 0.00000000E+00 0.00000000E+00
99 13-2.52167688E-01 1.57829597E+00-8.60073111E-02-1.41668172E-02 0.00000000E+00
99 14 7.22267191E-01 9.00466138E-02-4.37242701E-02 0.00000000E+00-9.99147052E-01
99 15-9.12296377E-01-9.82437263E-01 3.27527883E-02 0.00000000E+00 0.00000000E+00
99 16-2.28997610E-01 1.43327769E+00-2.79112414E-02 1.09113542E-01 0.00000000E+00
99 17 6.55892531E-01 7.52678064E-02-7.50722884E-02 0.00000000E+00-8.70499928E-01
99 18-8.65313137E-01-8.92167183E-01 7.99967472E-02 0.00000000E+00 0.00000000E+00
99 19-1.02162710E-01 1.55159359E-01-9.27751467E-02 1.40904047E-01 9.38789444E-03
99 20-1.42596226E-02 9.27781879E-02-1.40909405E-01 1.02163765E-01-1.55163858E-01
99 21-9.38590543E-03 1.42548555E-02
 0  1 2.72528458E-02-1.62134219E-01 1.76772905E-01-8.39467152E-02-0.00000000E+00
 0  2-1.70691015E-01-1.82370796E-01 6.44265588E-02-0.00000000E+00 2.34197990E-01
 0  3 6.33879260E-03 1.01877255E-01 6.07800766E-02-0.00000000E+00-0.00000000E+00
 0  4-2.54969662E-01 1.51685618E+00 3.22394186E-03-1.67611365E-01-0.00000000E+00
 0  5 1.59697662E+00-9.71645956E-02 3.26234759E-01-0.00000000E+00-1.13349145E+00
 0  6-1.11691658E+00-9.53128599E-01-1.36454385E-01-0.00000000E+00-0.00000000E+00
 0  7 2.27716955E-01-1.35472628E+00-1.31078889E-01-1.14054409E-01-0.00000000E+00
 0  8-1.42628247E+00 2.95718178E-01 1.11182394E-01-0.00000000E+00 9.09830929E-01
 0  9 1.10004144E+00 8.51252650E-01 8.43821506E-02-0.00000000E+00-0.00000000E+00
 0 10 2.72504892E-02-1.62115469E-01-1.76770693E-01 8.39427120E-02-0.00000000E+00
 0 11-1.70684274E-01 1.82364641E-01-6.44248684E-02-0.00000000E+00 2.34190967E-01
 0 12 6.32897532E-03 1.01867306E-01 6.07803988E-02-0.00000000E+00-0.00000000E+00
 0 13-2.54969441E-01 1.51685534E+00-3.22384146E-03 1.67611915E-01-0.00000000E+00
 0 14 1.59696960E+00 9.71610437E-02-3.26233965E-01-0.00000000E+00-1.13349217E+00
 0 15-1.11691474E+00-9.53127911E-01-1.36457329E-01-0.00000000E+00-0.00000000E+00
 0 16 2.27719109E-01-1.35473825E+00 1.31080049E-01 1.14054212E-01-0.00000000E+00
 0 17-1.42629100E+00-2.95717205E-01-1.11181413E-01-0.00000000E+00 9.09838377E-01
 0 18 1.10005112E+00 8.51260263E-01 8.43805313E-02-0.00000000E+00-0.00000000E+00
 0 19 8.33132207E-02-1.47432925E-01-7.44080810E-02 1.31674193E-01-8.90431260E-03
 0 20 1.57580522E-02-7.44082951E-02 1.31676062E-01 8.33107541E-02-1.47431594E-01
 0 21-8.90523600E-03 1.57590056E-02
 1  1-2.78679628E-01 1.65791371E+00-6.36846819E-02-1.48459004E-01 0.00000000E+00
 1  2 1.74546980E+00 1.64842141E-01 3.22709394E-01 0.00000000E+00-1.27745115E+00
 1  3-1.18222736E+00-1.04176100E+00 1.23447583E-01 0.00000000E+00 0.00000000E+00
 1  4 1.15739143E-01-6.88553931E-01-1.87867675E-01-3.15381832E-02 0.00000000E+00
 1  5-7.24910184E-01 2.25810662E-01-4.31785818E-02 0.00000000E+00 6.33967640E-01
 1  6 3.87567500E-01 4.32656972E-01-1.76815091E-02 0.00000000E+00 0.00000000E+00
 1  7 1.62941637E-01-9.69372660E-01-9.37906065E-02 1.59386533E-01 0.00000000E+00
 1  8-1.02055655E+00 2.11601280E-01-1.55373247E-01 0.00000000E+00 6.51025094E-01
 1  9 7.87125307E-01 6.09110564E-01-1.17928366E-01 0.00000000E+00 0.00000000E+00
 1 10-2.78679475E-01 1.65791862E+00 6.36873150E-02 1.48455610E-01 0.00000000E+00
 1 11 1.74547314E+00-1.64845975E-01-3.22710517E-01 0.00000000E+00-1.27744945E+00
 1 12-1.18222777E+00-1.04176228E+00 1.23442860E-01 0.00000000E+00 0.00000000E+00
 1 13 1.15739211E-01-6.88552191E-01 1.87866521E-01 3.15381879E-02 0.00000000E+00
 1 14-7.24921427E-01-2.25816130E-01 4.31817360E-02 0.00000000E+00 6.33966740E-01
 1 15 3.87567134E-01 4.32657057E-01-1.76795786E-02 0.00000000E+00 0.00000000E+00
 1 16 1.62938997E-01-9.69350038E-01 9.37939297E-02-1.59393008E-01 0.00000000E+00
 1 17-1.02054921E+00-2.11597765E-01 1.55373984E-01 0.00000000E+00 6.51014967E-01
 1 18 7.87115889E-01 6.09098684E-01-1.17929385E-01 0.00000000E+00 0.00000000E+00
 1 19-3.78183311E-02 6.69246674E-02-5.32419514E-02 9.42172509E-02 9.10622335E-02
 1 20-1.61144055E-01-5.32409144E-02 9.42166393E-02-3.78176001E-02 6.69220007E-02
 1 21 9.10615544E-02-1.61143603E-01
 2  1 2.15277519E-01-1.02270807E+00 8.28498286E-02 1.43507373E-01 0.00000000E+00
 2  2-3.55256367E+00-7.50801572E-01-1.30045183E+00 0.00000000E+00 1.04826894E+00
 2  3 8.85611597E-01 7.36838487E-01-1.62655148E-01 0.00000000E+00 0.00000000E+00
 2  4-2.15276428E-01 1.02269278E+00 8.28537097E-02-1.43508219E-01 0.00000000E+00
 2  5 3.55256216E+00-7.50816382E-01 1.30046307E+00 0.00000000E+00-1.04825864E+00
 2  6-8.85605691E-01-7.36834101E-01-1.62654682E-01 0.00000000E+00 0.00000000E+00
 2  7 2.15275527E-01-1.02269694E+00-1.65704460E-01-7.54938279E-06 0.00000000E+00
 2  8-3.55254743E+00 1.50162366E+00 2.29844875E-05 0.00000000E+00 8.04276776E-01
 2  9 1.12958166E+00 7.36832282E-01-6.16552734E-07 0.00000000E+00 0.00000000E+00
 2 10-2.15276096E-01 1.02270048E+00 8.28542796E-02 1.43502288E-01 0.00000000E+00
 2 11 3.55252441E+00-7.50809498E-01-1.30044813E+00 0.00000000E+00-1.04825849E+00
 2 12-8.85602070E-01-7.36835453E-01 1.62649716E-01 0.00000000E+00 0.00000000E+00
 2 13 2.15275826E-01-1.02269440E+00 8.28515243E-02-1.43507710E-01 0.00000000E+00
 2 14-3.55256570E+00-7.50819988E-01 1.30044507E+00 0.00000000E+00 1.04825561E+00
 2 15 8.85606638E-01 7.36832113E-01 1.62657110E-01 0.00000000E+00 0.00000000E+00
 2 16-2.15277102E-01 1.02269474E+00-1.65709918E-01-1.03272683E-06 0.00000000E+00
 2 17 3.55257581E+00 1.50164319E+00 1.44204092E-05 0.00000000E+00-8.04279566E-01
 2 18-1.12959206E+00-7.36835850E-01 3.27536560E-06 0.00000000E+00 0.00000000E+00
 2 19 8.79215502E-02 1.36844303E-01-8.79204869E-02-1.36837384E-01 8.79225527E-02
 2 20 1.36841190E-01 8.79212013E-02 1.36842931E-01-8.79192549E-02-1.36837031E-01
 2 21-8.79223500E-02-1.36835592E-01
 $END   
 POPULATION ANALYSIS
C            6.19517  -0.19517   6.16099  -0.16099
C            6.19516  -0.19516   6.16099  -0.16099
C            6.19517  -0.19517   6.15753  -0.15753
C            6.19517  -0.19517   6.16099  -0.16099
C            6.19517  -0.19517   6.16098  -0.16098
C            6.19516  -0.19516   6.15753  -0.15753
H            0.80483   0.19517   0.83933   0.16067
H            0.80484   0.19516   0.84184   0.15816
H            0.80483   0.19517   0.83933   0.16067
H            0.80483   0.19517   0.84184   0.15816
H            0.80484   0.19516   0.83933   0.16067
H            0.80484   0.19516   0.83933   0.16067
 MOMENTS AT POINT    1 X,Y,Z=  1.317120  2.281347  0.000000
 DIPOLE       0.000001 -0.000005  0.000000
