$gus 
  51  52  52  51  52  52  52  52  52  52  52  52  52  16  16  16  16
# __  Orbital  :      1 gus----NAO=  51
 0.0000060000   1  0.0000370000   2 -0.0000200000   3 -0.0000160000   4 
-0.0000850000   6  0.0000350000   7  0.0001370000   8  0.0000230000  10 
-0.0000030000  11 -0.0000150000  13  0.0000150000  15 -0.0000010000  16 
 0.0000200000  18  0.0000060000  19 -0.0000410000  21 -0.0000220000  22 
 0.0000540000  23 -0.0000200000  25 -0.0000690000  26  0.0000050000  28 
-0.0000170000  30 -0.0000040000  31  0.0004470000  32  0.0000810000  33 
 0.0000440000  34 -0.0004000000  36  0.0006160000  37  0.0003360000  38 
-0.0006270000  40 -0.0003690000  41 -0.0002280000  43 -0.0000270000  45 
 0.9946710000  46  0.0209950000  47  0.0013530000  48  0.0007410000  49 
 0.0047860000  51  0.0000630000  52  0.0000240000  53 -0.0036760000  55 
 0.0001590000  56 -0.0038600000  58 -0.0042720000  60 -0.0000030000  61 
-0.0000680000  62  0.0000210000  63  0.0000060000  64 -0.0000020000  65 
-0.0000280000  66 -0.0000330000  67 -0.0001370000  68 
# __  Orbital  :      2 gus----NAO=  52
-0.0000490000   1 -0.0002520000   2  0.0000120000   3  0.0001460000   4 
-0.0000830000   6 -0.0000360000   7 -0.0007520000   8  0.0000820000  10 
 0.0000410000  11  0.0000310000  13 -0.0001240000  15  0.0046340000  16 
 0.0002500000  17 -0.0000920000  18  0.0001360000  19  0.0026710000  21 
 0.0005770000  22 -0.0011530000  23 -0.0002360000  25 -0.0000570000  26 
-0.0006160000  28 -0.0001490000  30  0.9956920000  31  0.0270410000  32 
-0.0007940000  33 -0.0002940000  34 -0.0072650000  36 -0.0028230000  37 
-0.0016590000  38 -0.0012380000  40  0.0006050000  41 -0.0016680000  43 
-0.0025380000  45 -0.0003110000  46  0.0006020000  47  0.0002340000  48 
 0.0001180000  49 -0.0029780000  51 -0.0016680000  52 -0.0008040000  53 
-0.0000960000  55 -0.0001270000  56  0.0001200000  58  0.0003920000  60 
 0.0000540000  61  0.0005010000  62 -0.0001300000  63 -0.0001270000  64 
-0.0000280000  65  0.0002870000  66  0.0000040000  67  0.0022850000  68 
# __  Orbital  :      3 gus----NAO=  52
 0.9827450000   1  0.0272290000   2 -0.0000660000   3 -0.0000880000   4 
-0.0104220000   6  0.0003530000   7  0.0002090000   8 -0.0017980000  10 
 0.0001990000  11 -0.0020210000  13 -0.0025440000  15  0.1587790000  16 
 0.0041810000  17 -0.0001790000  18 -0.0001090000  19  0.0018020000  21 
 0.0010520000  22  0.0008630000  23 -0.0005790000  25  0.0000210000  26 
-0.0005990000  28 -0.0004750000  30 -0.0008000000  31 -0.0001880000  32 
-0.0000180000  33 -0.0000170000  34  0.0004910000  36  0.0005640000  37 
 0.0003010000  38 -0.0000360000  40  0.0000510000  41 -0.0000160000  43 
-0.0000640000  45 -0.0000280000  46 -0.0001360000  47 -0.0000070000  48 
-0.0000130000  49  0.0007170000  51  0.0001200000  52  0.0001600000  53 
-0.0000940000  55  0.0000230000  56 -0.0000420000  58 -0.0000940000  60 
-0.0001480000  61  0.0019790000  62 -0.0001300000  63  0.0020180000  64 
-0.0000970000  65  0.0001500000  66 -0.0000680000  67 -0.0002320000  68 
# __  Orbital  :      4 gus----NAO=  51
-0.1594160000   1 -0.0047180000   2  0.0002200000   3  0.0001330000   4 
 0.0062910000   6 -0.0014120000   7 -0.0013960000   8 -0.0000910000  10 
-0.0000630000  11  0.0000680000  13  0.0003340000  15  0.9828540000  16 
 0.0276520000  17  0.0002830000  18 -0.0001890000  19 -0.0137040000  21 
-0.0014080000  22  0.0009880000  23 -0.0016110000  25  0.0002350000  26 
-0.0017920000  28 -0.0024090000  30 -0.0049320000  31 -0.0000500000  32 
 0.0000420000  33 -0.0000980000  34  0.0041980000  36  0.0001320000  37 
 0.0016230000  38 -0.0002160000  40 -0.0000180000  41 -0.0006370000  43 
-0.0001230000  45  0.0000230000  46  0.0000230000  47  0.0000240000  48 
-0.0000100000  49 -0.0005060000  51 -0.0000360000  52 -0.0002260000  53 
 0.0001220000  55  0.0000020000  56  0.0000900000  58 -0.0000150000  60 
-0.0001860000  62 -0.0000940000  63 -0.0006850000  64 -0.0001220000  65 
 0.0016540000  66 -0.0000970000  67 -0.0001250000  68 
# __  Orbital  :      5 gus----NAO=  52
-0.0030060000   1  0.0078370000   2 -0.0033760000   3 -0.0041170000   4 
 0.0059350000   6 -0.0022240000   7  0.0098900000   8 -0.0001110000  10 
 0.0001930000  11  0.0001180000  13  0.0003130000  15 -0.0169440000  16 
 0.0314960000  17 -0.0072010000  18 -0.0248720000  19  0.0189320000  21 
-0.0106210000  22 -0.0097770000  23  0.0000980000  25  0.0025570000  26 
 0.0074780000  28 -0.0016130000  30 -0.1112540000  31  0.2100390000  32 
-0.1532980000  33 -0.0777610000  34  0.0570600000  36  0.0301930000  37 
 0.0017630000  38  0.0218860000  40  0.0223150000  41 -0.0056520000  43 
-0.0163080000  45 -0.1971340000  46  0.4382110000  47  0.1195130000  48 
 0.0666410000  49  0.3991400000  51  0.0457060000  52  0.0285170000  53 
 0.0140380000  55  0.0105620000  56  0.0032140000  58 -0.0022120000  60 
-0.0000320000  61 -0.0056870000  62  0.0024030000  63  0.0024450000  64 
 0.0063680000  65 -0.0007790000  66  0.0254730000  67 -0.0112740000  68 
# __  Orbital  :      6 gus----NAO=  52
-0.1385700000   1  0.2623840000   2 -0.0924110000   3 -0.0533990000   4 
 0.2065490000   6 -0.0074750000   7 -0.0113680000   8  0.0140120000  10 
 0.0062340000  11  0.0069590000  13 -0.0113390000  15 -0.1590370000  16 
 0.3046790000  17  0.0876190000  18  0.0046890000  19  0.2151950000  21 
-0.0035160000  22  0.0040730000  23  0.0135700000  25  0.0036330000  26 
 0.0070510000  28 -0.0119550000  30 -0.0544870000  31  0.1106500000  32 
 0.0647760000  33  0.1105600000  34  0.0780000000  36  0.0264920000  37 
 0.0203380000  38 -0.0038290000  40 -0.0028220000  41  0.0152760000  43 
-0.0041570000  45  0.0375670000  46 -0.0872210000  47  0.0004740000  48 
 0.0175290000  49 -0.0838030000  51  0.0035750000  52  0.0078330000  53 
-0.0025290000  55  0.0011470000  56 -0.0003850000  58 -0.0003190000  60 
 0.0660740000  61  0.0127450000  62  0.0712960000  63  0.0107310000  64 
 0.0746270000  65  0.0063760000  66  0.0345730000  67  0.0036690000  68 
# __  Orbital  :      7 gus----NAO=  52
 0.1273680000   1 -0.2448650000   2 -0.0285060000   3 -0.0494680000   4 
-0.2355240000   6 -0.0197360000   7 -0.0188880000   8 -0.0084650000  10 
 0.0046000000  11 -0.0136200000  13  0.0106230000  15 -0.0463010000  16 
 0.0928160000  17 -0.1199540000  18 -0.1838610000  19  0.0854800000  21 
-0.0404920000  22 -0.0408290000  23 -0.0075580000  25 -0.0074490000  26 
 0.0191180000  28 -0.0042330000  30 -0.1204070000  31  0.2527210000  32 
 0.0893020000  33  0.1123280000  34  0.2142480000  36  0.0514200000  37 
 0.0255140000  38  0.0017690000  40 -0.0102190000  41  0.0136930000  43 
-0.0081620000  45  0.0683310000  46 -0.1584000000  47  0.0857830000  48 
 0.0741730000  49 -0.2021290000  51  0.0429180000  52  0.0394860000  53 
 0.0026990000  55  0.0062900000  56  0.0000930000  58 -0.0014890000  60 
-0.1237300000  61 -0.0475620000  62 -0.0984170000  63 -0.0354230000  64 
 0.0375730000  65  0.0063970000  66  0.1019970000  67  0.0280510000  68 
# __  Orbital  :      8 gus----NAO=  52
 0.0532010000   1 -0.1020500000   2 -0.1504510000   3  0.0089110000   4 
-0.1254000000   6 -0.0484200000   7  0.0044280000   8 -0.0008680000  10 
 0.0082100000  11 -0.0124550000  13  0.0049960000  15 -0.0937960000  16 
 0.1808180000  17 -0.1312100000  18  0.0930720000  19  0.2201300000  21 
-0.0472850000  22  0.0255700000  23  0.0125350000  25 -0.0072140000  26 
 0.0011450000  28 -0.0068630000  30  0.0821020000  31 -0.1684930000  32 
-0.1398570000  33  0.1614490000  34 -0.1760700000  36 -0.0777860000  37 
 0.0310960000  38 -0.0122950000  40  0.0052610000  41  0.0024280000  43 
 0.0066510000  45 -0.0400950000  46  0.0943920000  47 -0.1729580000  48 
 0.0536830000  49  0.1284660000  51 -0.0926940000  52  0.0275450000  53 
-0.0125290000  55 -0.0000320000  56  0.0091280000  58  0.0018410000  60 
-0.0532710000  61 -0.0260140000  62 -0.1165340000  63 -0.0634340000  64 
 0.1619850000  65  0.0799610000  66 -0.1697700000  67 -0.0874970000  68 
# __  Orbital  :      9 gus----NAO=  52
-0.0190090000   1  0.0381360000   2  0.1275220000   3  0.1947900000   4 
 0.0596010000   6  0.0483570000   7  0.0925920000   8 -0.0057090000  10 
-0.0060630000  11  0.0152150000  13 -0.0014040000  15  0.0255470000  16 
-0.0522310000  17 -0.1747620000  18  0.0148260000  19 -0.0291790000  21 
-0.0632790000  22  0.0115580000  23 -0.0011520000  25  0.0000030000  26 
 0.0059360000  28  0.0009650000  30 -0.0350370000  31  0.0871680000  32 
-0.2772570000  33 -0.0310550000  34  0.0069360000  36 -0.0526050000  37 
 0.0162050000  38  0.0057090000  40  0.0086040000  41 -0.0119850000  43 
-0.0054670000  45  0.0642060000  46 -0.1468970000  47  0.2880990000  48 
 0.2957520000  49 -0.2648910000  51  0.1619370000  52  0.1723980000  53 
 0.0131790000  55  0.0211080000  56  0.0063370000  58 -0.0059200000  60 
 0.1396010000  61  0.0845450000  62  0.0191650000  63  0.0130260000  64 
 0.0617900000  65  0.0352130000  66 -0.0836080000  67 -0.0651500000  68 
# __  Orbital  :     10 gus----NAO=  52
-0.0111970000   1  0.0186680000   2  0.2355590000   3 -0.1215010000   4 
 0.0373820000   6  0.0942480000   7 -0.0579090000   8  0.0038900000  10 
-0.0128200000  11  0.0043210000  13 -0.0019010000  15  0.0224710000  16 
-0.0429370000  17 -0.0059550000  18 -0.2650720000  19 -0.0480450000  21 
 0.0202880000  22 -0.1029280000  23 -0.0101260000  25  0.0033310000  26 
 0.0074000000  28  0.0010900000  30  0.0029880000  31 -0.0041760000  32 
-0.0591400000  33  0.2863530000  34 -0.0105660000  36 -0.0509840000  37 
 0.0965170000  38 -0.0041560000  40 -0.0014530000  41  0.0001070000  43 
 0.0020570000  45 -0.0167080000  46  0.0370000000  47 -0.2285520000  48 
 0.1931430000  49  0.0712510000  51 -0.1325010000  52  0.1202460000  53 
-0.0185370000  55  0.0061390000  56  0.0135210000  58  0.0006170000  60 
-0.0400000000  61 -0.0230970000  62  0.1629690000  63  0.1087260000  64 
-0.0991440000  65 -0.0514570000  66 -0.1007350000  67 -0.0612800000  68 
# __  Orbital  :     11 gus----NAO=  52
-0.0126020000   1  0.0304940000   2 -0.1962450000   3 -0.2847900000   4 
-0.0045040000   6 -0.0647910000   7 -0.1221610000   8  0.0114030000  10 
 0.0055510000  11 -0.0213460000  13  0.0008180000  15 -0.0142960000  16 
 0.0312370000  17  0.2852240000  18  0.0667890000  19  0.0106100000  21 
 0.1133350000  22  0.0224610000  23  0.0069170000  25  0.0154280000  26 
-0.0137890000  28  0.0002170000  30  0.0120460000  31 -0.0152540000  32 
-0.2324250000  33 -0.0782680000  34 -0.0921520000  36 -0.0656710000  37 
-0.0052530000  38  0.0037470000  40  0.0254830000  41 -0.0084450000  43 
-0.0030020000  45  0.0244970000  46 -0.0530840000  47  0.2492850000  48 
 0.1534170000  49 -0.1290160000  51  0.1500180000  52  0.0885140000  53 
 0.0119680000  55  0.0125640000  56  0.0019990000  58 -0.0033130000  60 
-0.1805870000  61 -0.1402960000  62  0.0035800000  63 -0.0088640000  64 
-0.1125680000  65 -0.0900460000  66 -0.1112860000  67 -0.0894320000  68 
# __  Orbital  :     12 gus----NAO=  52
 0.0110980000   1 -0.0248850000   2  0.2405570000   3 -0.2298900000   4 
-0.0161490000   6  0.1274670000   7 -0.1636530000   8  0.0186890000  10 
-0.0258320000  11 -0.0157680000  13  0.0001580000  15 -0.0155840000  16 
 0.0273840000  17 -0.2311630000  18  0.1136540000  19  0.0645600000  21 
-0.1277840000  22  0.1087200000  23  0.0197300000  25 -0.0238990000  26 
-0.0109310000  28 -0.0012040000  30  0.0251480000  31 -0.0536340000  32 
-0.0244830000  33 -0.1244410000  34 -0.0453630000  36 -0.0046570000  37 
-0.0399610000  38 -0.0056630000  40  0.0026870000  41  0.0058700000  43 
 0.0001200000  45  0.0038230000  46 -0.0060340000  47  0.1350620000  48 
-0.1661440000  49 -0.0292350000  51  0.0868910000  52 -0.1194470000  53 
 0.0110580000  55 -0.0054680000  56 -0.0073800000  58  0.0001900000  60 
-0.1518500000  61 -0.1060950000  62  0.2163580000  63  0.1726130000  64 
 0.1954760000  65  0.1347690000  66 -0.0011330000  67  0.0105270000  68 
# __  Orbital  :     13 gus----NAO=  52
-0.0055330000   1  0.0086190000   2 -0.0413190000   3 -0.0706490000   4 
 0.0902850000   6 -0.0535160000   7 -0.0835000000   8  0.0096210000  10 
-0.0054870000  11 -0.0097550000  13 -0.0006310000  15  0.0326010000  16 
-0.0608610000  17  0.0104400000  18  0.2515180000  19 -0.2386970000  21 
-0.0897060000  22  0.1499850000  23  0.0113530000  25 -0.0080610000  26 
-0.0122780000  28  0.0014060000  30  0.0036810000  31 -0.0221330000  32 
 0.0962670000  33 -0.1979880000  34  0.0250180000  36  0.0902510000  37 
-0.0263490000  38  0.0420190000  40 -0.0328110000  41 -0.0372090000  43 
-0.0016490000  45 -0.0001050000  46 -0.0076700000  47 -0.2456720000  48 
 0.4522840000  49  0.0401640000  51 -0.1879600000  52  0.3619670000  53 
-0.0148310000  55  0.0084690000  56  0.0102290000  58 -0.0024630000  60 
-0.0580070000  61 -0.0506300000  62  0.0267080000  63  0.0379400000  64 
 0.0658450000  65  0.0755080000  66  0.1901800000  67  0.2237480000  68 
# __  Orbital  :     14 gus----NAO=  16
 0.0873030000   5  0.0530110000   9 -0.0061110000  12 -0.0038570000  14 
 0.1461970000  20  0.0820880000  24  0.0029830000  27 -0.0079960000  29 
 0.3433970000  35  0.2053040000  39 -0.0252970000  42 -0.0081130000  44 
 0.4535070000  50  0.2920280000  54  0.0309810000  57  0.0173100000  59 
# __  Orbital  :     15 gus----NAO=  16
 0.3654410000   5  0.2821920000   9 -0.0183260000  12 -0.0095830000  14 
 0.3672370000  20  0.2755340000  24  0.0200980000  27  0.0066550000  29 
-0.0478200000  35 -0.0429900000  39  0.0159180000  42  0.0203500000  44 
-0.2345720000  50 -0.1724890000  54 -0.0124370000  57 -0.0062690000  59 
# __  Orbital  :     16 gus----NAO=  16
 0.4838220000   5  0.3553390000   9 -0.0017170000  12 -0.0006310000  14 
-0.3787600000  20 -0.2365230000  24  0.0111030000  27  0.0172270000  29 
-0.2936270000  35 -0.1885940000  39  0.0040180000  42 -0.0099870000  44 
 0.3957380000  50  0.1439230000  54 -0.0006280000  57  0.0000820000  59 
# __  Orbital  :     17 gus----NAO=  16
 0.3091830000   5  0.2006050000   9  0.0039540000  12  0.0013880000  14 
-0.4500220000  20 -0.3607120000  24 -0.0031590000  27 -0.0023540000  29 
 0.5033060000  35  0.3778940000  39 -0.0262770000  42 -0.0253690000  44 
-0.5011790000  50 -0.0913790000  54  0.0127550000  57  0.0071830000  59 
$end 
$gus 
  51  52  52  51  52  52  52  52  52  52  52  52  52  16  16  16  16
# __  Orbital  :      1 gus----NAO=  51
 0.0000060000   1  0.0000370000   2 -0.0000200000   3 -0.0000160000   4 
-0.0000850000   6  0.0000350000   7  0.0001370000   8  0.0000230000  10 
-0.0000030000  11 -0.0000150000  13  0.0000150000  15 -0.0000010000  16 
 0.0000200000  18  0.0000060000  19 -0.0000410000  21 -0.0000220000  22 
 0.0000540000  23 -0.0000200000  25 -0.0000690000  26  0.0000050000  28 
-0.0000170000  30 -0.0000040000  31  0.0004470000  32  0.0000810000  33 
 0.0000440000  34 -0.0004000000  36  0.0006160000  37  0.0003360000  38 
-0.0006270000  40 -0.0003690000  41 -0.0002280000  43 -0.0000270000  45 
 0.9946710000  46  0.0209950000  47  0.0013530000  48  0.0007410000  49 
 0.0047860000  51  0.0000630000  52  0.0000240000  53 -0.0036760000  55 
 0.0001590000  56 -0.0038600000  58 -0.0042720000  60 -0.0000030000  61 
-0.0000680000  62  0.0000210000  63  0.0000060000  64 -0.0000020000  65 
-0.0000280000  66 -0.0000330000  67 -0.0001370000  68 
# __  Orbital  :      2 gus----NAO=  52
-0.0000490000   1 -0.0002520000   2  0.0000120000   3  0.0001460000   4 
-0.0000830000   6 -0.0000360000   7 -0.0007520000   8  0.0000820000  10 
 0.0000410000  11  0.0000310000  13 -0.0001240000  15  0.0046340000  16 
 0.0002500000  17 -0.0000920000  18  0.0001360000  19  0.0026710000  21 
 0.0005770000  22 -0.0011530000  23 -0.0002360000  25 -0.0000570000  26 
-0.0006160000  28 -0.0001490000  30  0.9956920000  31  0.0270410000  32 
-0.0007940000  33 -0.0002940000  34 -0.0072650000  36 -0.0028230000  37 
-0.0016590000  38 -0.0012380000  40  0.0006050000  41 -0.0016680000  43 
-0.0025380000  45 -0.0003110000  46  0.0006020000  47  0.0002340000  48 
 0.0001180000  49 -0.0029780000  51 -0.0016680000  52 -0.0008040000  53 
-0.0000960000  55 -0.0001270000  56  0.0001200000  58  0.0003920000  60 
 0.0000540000  61  0.0005010000  62 -0.0001300000  63 -0.0001270000  64 
-0.0000280000  65  0.0002870000  66  0.0000040000  67  0.0022850000  68 
# __  Orbital  :      3 gus----NAO=  52
 0.9827450000   1  0.0272290000   2 -0.0000660000   3 -0.0000880000   4 
-0.0104220000   6  0.0003530000   7  0.0002090000   8 -0.0017980000  10 
 0.0001990000  11 -0.0020210000  13 -0.0025440000  15  0.1587790000  16 
 0.0041810000  17 -0.0001790000  18 -0.0001090000  19  0.0018020000  21 
 0.0010520000  22  0.0008630000  23 -0.0005790000  25  0.0000210000  26 
-0.0005990000  28 -0.0004750000  30 -0.0008000000  31 -0.0001880000  32 
-0.0000180000  33 -0.0000170000  34  0.0004910000  36  0.0005640000  37 
 0.0003010000  38 -0.0000360000  40  0.0000510000  41 -0.0000160000  43 
-0.0000640000  45 -0.0000280000  46 -0.0001360000  47 -0.0000070000  48 
-0.0000130000  49  0.0007170000  51  0.0001200000  52  0.0001600000  53 
-0.0000940000  55  0.0000230000  56 -0.0000420000  58 -0.0000940000  60 
-0.0001480000  61  0.0019790000  62 -0.0001300000  63  0.0020180000  64 
-0.0000970000  65  0.0001500000  66 -0.0000680000  67 -0.0002320000  68 
# __  Orbital  :      4 gus----NAO=  51
-0.1594160000   1 -0.0047180000   2  0.0002200000   3  0.0001330000   4 
 0.0062910000   6 -0.0014120000   7 -0.0013960000   8 -0.0000910000  10 
-0.0000630000  11  0.0000680000  13  0.0003340000  15  0.9828540000  16 
 0.0276520000  17  0.0002830000  18 -0.0001890000  19 -0.0137040000  21 
-0.0014080000  22  0.0009880000  23 -0.0016110000  25  0.0002350000  26 
-0.0017920000  28 -0.0024090000  30 -0.0049320000  31 -0.0000500000  32 
 0.0000420000  33 -0.0000980000  34  0.0041980000  36  0.0001320000  37 
 0.0016230000  38 -0.0002160000  40 -0.0000180000  41 -0.0006370000  43 
-0.0001230000  45  0.0000230000  46  0.0000230000  47  0.0000240000  48 
-0.0000100000  49 -0.0005060000  51 -0.0000360000  52 -0.0002260000  53 
 0.0001220000  55  0.0000020000  56  0.0000900000  58 -0.0000150000  60 
-0.0001860000  62 -0.0000940000  63 -0.0006850000  64 -0.0001220000  65 
 0.0016540000  66 -0.0000970000  67 -0.0001250000  68 
# __  Orbital  :      5 gus----NAO=  52
-0.0030060000   1  0.0078370000   2 -0.0033760000   3 -0.0041170000   4 
 0.0059350000   6 -0.0022240000   7  0.0098900000   8 -0.0001110000  10 
 0.0001930000  11  0.0001180000  13  0.0003130000  15 -0.0169440000  16 
 0.0314960000  17 -0.0072010000  18 -0.0248720000  19  0.0189320000  21 
-0.0106210000  22 -0.0097770000  23  0.0000980000  25  0.0025570000  26 
 0.0074780000  28 -0.0016130000  30 -0.1112540000  31  0.2100390000  32 
-0.1532980000  33 -0.0777610000  34  0.0570600000  36  0.0301930000  37 
 0.0017630000  38  0.0218860000  40  0.0223150000  41 -0.0056520000  43 
-0.0163080000  45 -0.1971340000  46  0.4382110000  47  0.1195130000  48 
 0.0666410000  49  0.3991400000  51  0.0457060000  52  0.0285170000  53 
 0.0140380000  55  0.0105620000  56  0.0032140000  58 -0.0022120000  60 
-0.0000320000  61 -0.0056870000  62  0.0024030000  63  0.0024450000  64 
 0.0063680000  65 -0.0007790000  66  0.0254730000  67 -0.0112740000  68 
# __  Orbital  :      6 gus----NAO=  52
-0.1385700000   1  0.2623840000   2 -0.0924110000   3 -0.0533990000   4 
 0.2065490000   6 -0.0074750000   7 -0.0113680000   8  0.0140120000  10 
 0.0062340000  11  0.0069590000  13 -0.0113390000  15 -0.1590370000  16 
 0.3046790000  17  0.0876190000  18  0.0046890000  19  0.2151950000  21 
-0.0035160000  22  0.0040730000  23  0.0135700000  25  0.0036330000  26 
 0.0070510000  28 -0.0119550000  30 -0.0544870000  31  0.1106500000  32 
 0.0647760000  33  0.1105600000  34  0.0780000000  36  0.0264920000  37 
 0.0203380000  38 -0.0038290000  40 -0.0028220000  41  0.0152760000  43 
-0.0041570000  45  0.0375670000  46 -0.0872210000  47  0.0004740000  48 
 0.0175290000  49 -0.0838030000  51  0.0035750000  52  0.0078330000  53 
-0.0025290000  55  0.0011470000  56 -0.0003850000  58 -0.0003190000  60 
 0.0660740000  61  0.0127450000  62  0.0712960000  63  0.0107310000  64 
 0.0746270000  65  0.0063760000  66  0.0345730000  67  0.0036690000  68 
# __  Orbital  :      7 gus----NAO=  52
 0.1273680000   1 -0.2448650000   2 -0.0285060000   3 -0.0494680000   4 
-0.2355240000   6 -0.0197360000   7 -0.0188880000   8 -0.0084650000  10 
 0.0046000000  11 -0.0136200000  13  0.0106230000  15 -0.0463010000  16 
 0.0928160000  17 -0.1199540000  18 -0.1838610000  19  0.0854800000  21 
-0.0404920000  22 -0.0408290000  23 -0.0075580000  25 -0.0074490000  26 
 0.0191180000  28 -0.0042330000  30 -0.1204070000  31  0.2527210000  32 
 0.0893020000  33  0.1123280000  34  0.2142480000  36  0.0514200000  37 
 0.0255140000  38  0.0017690000  40 -0.0102190000  41  0.0136930000  43 
-0.0081620000  45  0.0683310000  46 -0.1584000000  47  0.0857830000  48 
 0.0741730000  49 -0.2021290000  51  0.0429180000  52  0.0394860000  53 
 0.0026990000  55  0.0062900000  56  0.0000930000  58 -0.0014890000  60 
-0.1237300000  61 -0.0475620000  62 -0.0984170000  63 -0.0354230000  64 
 0.0375730000  65  0.0063970000  66  0.1019970000  67  0.0280510000  68 
# __  Orbital  :      8 gus----NAO=  52
 0.0532010000   1 -0.1020500000   2 -0.1504510000   3  0.0089110000   4 
-0.1254000000   6 -0.0484200000   7  0.0044280000   8 -0.0008680000  10 
 0.0082100000  11 -0.0124550000  13  0.0049960000  15 -0.0937960000  16 
 0.1808180000  17 -0.1312100000  18  0.0930720000  19  0.2201300000  21 
-0.0472850000  22  0.0255700000  23  0.0125350000  25 -0.0072140000  26 
 0.0011450000  28 -0.0068630000  30  0.0821020000  31 -0.1684930000  32 
-0.1398570000  33  0.1614490000  34 -0.1760700000  36 -0.0777860000  37 
 0.0310960000  38 -0.0122950000  40  0.0052610000  41  0.0024280000  43 
 0.0066510000  45 -0.0400950000  46  0.0943920000  47 -0.1729580000  48 
 0.0536830000  49  0.1284660000  51 -0.0926940000  52  0.0275450000  53 
-0.0125290000  55 -0.0000320000  56  0.0091280000  58  0.0018410000  60 
-0.0532710000  61 -0.0260140000  62 -0.1165340000  63 -0.0634340000  64 
 0.1619850000  65  0.0799610000  66 -0.1697700000  67 -0.0874970000  68 
# __  Orbital  :      9 gus----NAO=  52
-0.0190090000   1  0.0381360000   2  0.1275220000   3  0.1947900000   4 
 0.0596010000   6  0.0483570000   7  0.0925920000   8 -0.0057090000  10 
-0.0060630000  11  0.0152150000  13 -0.0014040000  15  0.0255470000  16 
-0.0522310000  17 -0.1747620000  18  0.0148260000  19 -0.0291790000  21 
-0.0632790000  22  0.0115580000  23 -0.0011520000  25  0.0000030000  26 
 0.0059360000  28  0.0009650000  30 -0.0350370000  31  0.0871680000  32 
-0.2772570000  33 -0.0310550000  34  0.0069360000  36 -0.0526050000  37 
 0.0162050000  38  0.0057090000  40  0.0086040000  41 -0.0119850000  43 
-0.0054670000  45  0.0642060000  46 -0.1468970000  47  0.2880990000  48 
 0.2957520000  49 -0.2648910000  51  0.1619370000  52  0.1723980000  53 
 0.0131790000  55  0.0211080000  56  0.0063370000  58 -0.0059200000  60 
 0.1396010000  61  0.0845450000  62  0.0191650000  63  0.0130260000  64 
 0.0617900000  65  0.0352130000  66 -0.0836080000  67 -0.0651500000  68 
# __  Orbital  :     10 gus----NAO=  52
-0.0111970000   1  0.0186680000   2  0.2355590000   3 -0.1215010000   4 
 0.0373820000   6  0.0942480000   7 -0.0579090000   8  0.0038900000  10 
-0.0128200000  11  0.0043210000  13 -0.0019010000  15  0.0224710000  16 
-0.0429370000  17 -0.0059550000  18 -0.2650720000  19 -0.0480450000  21 
 0.0202880000  22 -0.1029280000  23 -0.0101260000  25  0.0033310000  26 
 0.0074000000  28  0.0010900000  30  0.0029880000  31 -0.0041760000  32 
-0.0591400000  33  0.2863530000  34 -0.0105660000  36 -0.0509840000  37 
 0.0965170000  38 -0.0041560000  40 -0.0014530000  41  0.0001070000  43 
 0.0020570000  45 -0.0167080000  46  0.0370000000  47 -0.2285520000  48 
 0.1931430000  49  0.0712510000  51 -0.1325010000  52  0.1202460000  53 
-0.0185370000  55  0.0061390000  56  0.0135210000  58  0.0006170000  60 
-0.0400000000  61 -0.0230970000  62  0.1629690000  63  0.1087260000  64 
-0.0991440000  65 -0.0514570000  66 -0.1007350000  67 -0.0612800000  68 
# __  Orbital  :     11 gus----NAO=  52
-0.0126020000   1  0.0304940000   2 -0.1962450000   3 -0.2847900000   4 
-0.0045040000   6 -0.0647910000   7 -0.1221610000   8  0.0114030000  10 
 0.0055510000  11 -0.0213460000  13  0.0008180000  15 -0.0142960000  16 
 0.0312370000  17  0.2852240000  18  0.0667890000  19  0.0106100000  21 
 0.1133350000  22  0.0224610000  23  0.0069170000  25  0.0154280000  26 
-0.0137890000  28  0.0002170000  30  0.0120460000  31 -0.0152540000  32 
-0.2324250000  33 -0.0782680000  34 -0.0921520000  36 -0.0656710000  37 
-0.0052530000  38  0.0037470000  40  0.0254830000  41 -0.0084450000  43 
-0.0030020000  45  0.0244970000  46 -0.0530840000  47  0.2492850000  48 
 0.1534170000  49 -0.1290160000  51  0.1500180000  52  0.0885140000  53 
 0.0119680000  55  0.0125640000  56  0.0019990000  58 -0.0033130000  60 
-0.1805870000  61 -0.1402960000  62  0.0035800000  63 -0.0088640000  64 
-0.1125680000  65 -0.0900460000  66 -0.1112860000  67 -0.0894320000  68 
# __  Orbital  :     12 gus----NAO=  52
 0.0110980000   1 -0.0248850000   2  0.2405570000   3 -0.2298900000   4 
-0.0161490000   6  0.1274670000   7 -0.1636530000   8  0.0186890000  10 
-0.0258320000  11 -0.0157680000  13  0.0001580000  15 -0.0155840000  16 
 0.0273840000  17 -0.2311630000  18  0.1136540000  19  0.0645600000  21 
-0.1277840000  22  0.1087200000  23  0.0197300000  25 -0.0238990000  26 
-0.0109310000  28 -0.0012040000  30  0.0251480000  31 -0.0536340000  32 
-0.0244830000  33 -0.1244410000  34 -0.0453630000  36 -0.0046570000  37 
-0.0399610000  38 -0.0056630000  40  0.0026870000  41  0.0058700000  43 
 0.0001200000  45  0.0038230000  46 -0.0060340000  47  0.1350620000  48 
-0.1661440000  49 -0.0292350000  51  0.0868910000  52 -0.1194470000  53 
 0.0110580000  55 -0.0054680000  56 -0.0073800000  58  0.0001900000  60 
-0.1518500000  61 -0.1060950000  62  0.2163580000  63  0.1726130000  64 
 0.1954760000  65  0.1347690000  66 -0.0011330000  67  0.0105270000  68 
# __  Orbital  :     13 gus----NAO=  52
-0.0055330000   1  0.0086190000   2 -0.0413190000   3 -0.0706490000   4 
 0.0902850000   6 -0.0535160000   7 -0.0835000000   8  0.0096210000  10 
-0.0054870000  11 -0.0097550000  13 -0.0006310000  15  0.0326010000  16 
-0.0608610000  17  0.0104400000  18  0.2515180000  19 -0.2386970000  21 
-0.0897060000  22  0.1499850000  23  0.0113530000  25 -0.0080610000  26 
-0.0122780000  28  0.0014060000  30  0.0036810000  31 -0.0221330000  32 
 0.0962670000  33 -0.1979880000  34  0.0250180000  36  0.0902510000  37 
-0.0263490000  38  0.0420190000  40 -0.0328110000  41 -0.0372090000  43 
-0.0016490000  45 -0.0001050000  46 -0.0076700000  47 -0.2456720000  48 
 0.4522840000  49  0.0401640000  51 -0.1879600000  52  0.3619670000  53 
-0.0148310000  55  0.0084690000  56  0.0102290000  58 -0.0024630000  60 
-0.0580070000  61 -0.0506300000  62  0.0267080000  63  0.0379400000  64 
 0.0658450000  65  0.0755080000  66  0.1901800000  67  0.2237480000  68 
# __  Orbital  :     14 gus----NAO=  16
 0.0873030000   5  0.0530110000   9 -0.0061110000  12 -0.0038570000  14 
 0.1461970000  20  0.0820880000  24  0.0029830000  27 -0.0079960000  29 
 0.3433970000  35  0.2053040000  39 -0.0252970000  42 -0.0081130000  44 
 0.4535070000  50  0.2920280000  54  0.0309810000  57  0.0173100000  59 
# __  Orbital  :     15 gus----NAO=  16
 0.3654410000   5  0.2821920000   9 -0.0183260000  12 -0.0095830000  14 
 0.3672370000  20  0.2755340000  24  0.0200980000  27  0.0066550000  29 
-0.0478200000  35 -0.0429900000  39  0.0159180000  42  0.0203500000  44 
-0.2345720000  50 -0.1724890000  54 -0.0124370000  57 -0.0062690000  59 
# __  Orbital  :     16 gus----NAO=  16
 0.4838220000   5  0.3553390000   9 -0.0017170000  12 -0.0006310000  14 
-0.3787600000  20 -0.2365230000  24  0.0111030000  27  0.0172270000  29 
-0.2936270000  35 -0.1885940000  39  0.0040180000  42 -0.0099870000  44 
 0.3957380000  50  0.1439230000  54 -0.0006280000  57  0.0000820000  59 
# __  Orbital  :     17 gus----NAO=  16
 0.3091830000   5  0.2006050000   9  0.0039540000  12  0.0013880000  14 
-0.4500220000  20 -0.3607120000  24 -0.0031590000  27 -0.0023540000  29 
 0.5033060000  35  0.3778940000  39 -0.0262770000  42 -0.0253690000  44 
-0.5011790000  50 -0.0913790000  54  0.0127550000  57  0.0071830000  59 
$end 
$gus 
  54  54  54  54  54  52  54  54  54  54  54  54  54  52  54  54  54  54  12  12  12  12  12  12
# __  Orbital  :      1 gus----NAO=  54
 0.4058296750   1  0.0094257421   2 -0.0000282926   3 -0.0000494463   4 
-0.0028687385   6  0.0002332355   7  0.0004066278   8  0.4058129310  10 
 0.0094252358  11  0.0000283574  12 -0.0000494136  13 -0.0028667057  15 
-0.0002337228  16  0.0004073074  17  0.4064944380  19  0.0094421745  20 
 0.0000567387  21 -0.0000004069  22 -0.0028767649  24 -0.0004677948  25 
 0.0000025031  26  0.4071033230  28  0.0094568255  29  0.0000284718  30 
 0.0000488934  31 -0.0028804360  33 -0.0002357162  34 -0.0004051989  35 
 0.4073017930  37  0.0094621204  38 -0.0000283620  39  0.0000487930  40 
-0.0028865349  42  0.0002342540  43 -0.0004037782  44  0.4065009490  46 
 0.0094420686  47 -0.0000567684  48 -0.0000003859  49 -0.0028741938  51 
 0.0004691700  52  0.0000026412  53 -0.0001576176  55  0.0011642105  56 
-0.0001579547  57  0.0011653103  58 -0.0001581864  59  0.0011666732  60 
-0.0001579247  61  0.0011655768  62 -0.0001582626  63  0.0011667483  64 
-0.0001576601  65  0.0011642072  66 
# __  Orbital  :      2 gus----NAO=  54
 0.1918552270   1  0.0047264429   2 -0.0002017541   3  0.0001954852   4 
-0.0021812183   6  0.0013761947   7 -0.0010218420   8  0.5654135790  10 
 0.0139299937  11 -0.0001469756  12  0.0001484833  13 -0.0064298826  15 
 0.0005778676  16 -0.0003378257  17  0.3745965090  19  0.0092292218  20 
-0.0001339245  21  0.0002195107  22 -0.0042626997  24  0.0003861394  25 
-0.0013718355  26 -0.1907939780  28 -0.0047012776  29 -0.0002017971  30 
 0.0001955320  31  0.0021707729  33  0.0013779664  34 -0.0010228231  35 
-0.5652046840  37 -0.0139271983  38 -0.0001471989  39  0.0001489677  40 
 0.0064393012  42  0.0005798008  43 -0.0003424119  44 -0.3731918600  46 
-0.0091950738  47 -0.0001337302  48  0.0002195230  49  0.0042446760  51 
 0.0003843871  52 -0.0013733381  53 -0.0002430921  55  0.0010325763  56 
-0.0001609343  57  0.0006839829  58  0.0000820156  59 -0.0003478098  60 
 0.0001604500  61 -0.0006808447  62  0.0002429015  63 -0.0010305950  64 
-0.0000824427  65  0.0003506014  66 
# __  Orbital  :      3 gus----NAO=  54
 0.5424162240   1  0.0133636308   2  0.0001802583   3  0.0001198657   4 
-0.0061685765   6 -0.0007996973   7 -0.0001826092   8  0.1058254380  10 
 0.0026071053  11  0.0002271413  12  0.0001747038  13 -0.0012042251  15 
-0.0014830945  16 -0.0009821723  17 -0.4364070440  19 -0.0107528531  20 
 0.0001563579  21  0.0001879232  22  0.0049671156  24 -0.0004509832  25 
-0.0011751897  26 -0.5420502100  28 -0.0133561014  29  0.0001803942  30 
 0.0001201074  31  0.0061713578  33 -0.0008009542  34 -0.0001849353  35 
-0.1050190220  37 -0.0025880025  38  0.0002271453  39  0.0001747404  40 
 0.0011965543  42 -0.0014839579  43 -0.0009828408  44  0.4373115890  46 
 0.0107745120  47  0.0001563842  48  0.0001878937  49 -0.0049769737  51 
-0.0004513528  52 -0.0011744564  53 -0.0000454811  55  0.0001934270  56 
 0.0001876149  57 -0.0007960076  58  0.0002329800  59 -0.0009887402  60 
-0.0001879456  61  0.0007982478  62  0.0000451693  63 -0.0001912871  64 
-0.0002331662  65  0.0009903827  66 
# __  Orbital  :      4 gus----NAO=  54
-0.2162849640   1 -0.0056778552   2 -0.0001009930   3 -0.0000799620   4 
 0.0051538542   6  0.0021458542   7  0.0001922005   8  0.5697150540  10 
 0.0149570428  11 -0.0001517491  12  0.0002768187  13 -0.0135914880  15 
 0.0014123341  16 -0.0029653569  17 -0.3524161790  19 -0.0092523212  20 
 0.0001952378  21  0.0000404390  22  0.0084074752  24 -0.0020242802  25 
-0.0015014618  26 -0.2173225300  28 -0.0057067039  29  0.0001010731  30 
 0.0000807624  31  0.0052024172  33 -0.0021537758  34 -0.0002099461  35 
 0.5699063530  37  0.0149648564  38  0.0001519077  39 -0.0002771252  40 
-0.0136304087  42 -0.0014210506  43  0.0029816179  44 -0.3537967810  46 
-0.0092896231  47 -0.0001960164  48 -0.0000401602  49  0.0084597363  51 
 0.0020441602  52  0.0015000969  53 -0.0001596996  55  0.0006357613  56 
 0.0000986514  57 -0.0003937305  58  0.0000611001  59 -0.0002407257  60 
 0.0000994177  61 -0.0003926320  62 -0.0001598783  63  0.0006326233  64 
 0.0000605089  65 -0.0002421146  66 
# __  Orbital  :      5 gus----NAO=  54
 0.5327110420   1  0.0139857461   2  0.0001308774   3  0.0002651371   4 
-0.0127125666   6 -0.0009110485   7 -0.0030112130   8 -0.0782734531  10 
-0.0020546106  11  0.0000655362  12 -0.0000122334  13  0.0018612558  15 
-0.0018545456  16 -0.0005553298  17 -0.4545470280  19 -0.0119350137  20 
 0.0002518798  21 -0.0000312960  22  0.0108660374  24 -0.0026240197  25 
 0.0011666167  26  0.5330172620  28  0.0139956561  29 -0.0001310395  30 
-0.0002654757  31 -0.0127429655  33  0.0009179141  34  0.0030232484  35 
-0.0790792712  37 -0.0020769242  38 -0.0000656964  39  0.0000127124  40 
 0.0018976344  42  0.0018608592  43  0.0005425924  44 -0.4537228090  46 
-0.0119124565  47 -0.0002513945  48  0.0000314254  49  0.0108298013  51 
 0.0026097869  52 -0.0011675383  53  0.0000218235  55 -0.0000879434  56 
 0.0001275649  57 -0.0005049500  58 -0.0001495616  59  0.0005921810  60 
 0.0001271462  61 -0.0005060105  62  0.0000222752  63 -0.0000870529  64 
-0.0001493568  65  0.0005942405  66 
# __  Orbital  :      6 gus----NAO=  52
-0.4075658040   1 -0.0115456970   2 -0.0001406760   3 -0.0002435909   4 
 0.0218608149   6  0.0045169337   7  0.0078215119   8  0.4075708160  10 
 0.0115458213  11 -0.0001406489  12  0.0002436800  13 -0.0218603027  15 
 0.0045172151  16 -0.0078214644  17 -0.4069030340  19 -0.0115283691  20 
 0.0002810103  21  0.0000000508  22  0.0218449613  24 -0.0090282336  25 
-0.0000023224  26  0.4063265440  28  0.0115129523  29 -0.0001402345  30 
-0.0002429943  31 -0.0218296890  33  0.0045109584  34  0.0078160743  35 
-0.4061585300  37 -0.0115089260  38 -0.0001402457  39  0.0002430471  40 
 0.0218283476  42  0.0045111966  43 -0.0078161409  44  0.4069379300  46 
 0.0115291524  47  0.0002809712  48 -0.0000000493  49 -0.0218453846  51 
-0.0090283631  52  0.0000025661  53 -0.0002279449  55 -0.0009029046  56 
 0.0002277539  57  0.0009034257  58 -0.0002276058  59 -0.0009040834  60 
-0.0002277773  61 -0.0009033761  62  0.0002275705  63  0.0009044267  64 
 0.0002279686  65  0.0009027354  66 
# __  Orbital  :      7 gus----NAO=  54
-0.0926254406   1  0.1818388260   2  0.0314855493   3  0.0545368053   4 
 0.1087492070   6  0.0041060182   7  0.0071117781   8 -0.0926245650  10 
 0.1818377090  11 -0.0314871562  12  0.0545367053  13  0.1087450380  15 
-0.0041051100  16  0.0071093566  17 -0.0926238349  19  0.1818360080  20 
-0.0629729921  21 -0.0000019512  22  0.1087467350  24 -0.0082111382  25 
-0.0000004937  26 -0.0926237659  28  0.1818357080  29 -0.0314869862  30 
-0.0545354375  31  0.1087469420  33 -0.0041062276  34 -0.0071119439  35 
-0.0926251031  37  0.1818385910  38  0.0314861280  39 -0.0545373945  40 
 0.1087468730  42  0.0041050714  43 -0.0071100113  44 -0.0926258353  46 
 0.1818399420  47  0.0629742933  48  0.0000009078  49  0.1087485770  51 
 0.0082101406  52  0.0000002206  53  0.0356999502  55  0.0051285008  56 
 0.0356997621  57  0.0051289292  58  0.0357001448  59  0.0051295385  60 
 0.0357005356  61  0.0051281747  62  0.0357000133  63  0.0051284205  64 
 0.0357009211  65  0.0051290855  66 
# __  Orbital  :      8 gus----NAO=  54
-0.0135684803   1  0.0272042629   2  0.1010471870   3 -0.0542696042   4 
 0.0205555223   6  0.0079154659   7 -0.0049160825   8 -0.1179099940  10 
 0.2364039940  11  0.0252367166  12  0.0499359223  13  0.1786315670  15 
 0.0045931099  16 -0.0003502816  17 -0.1043414900  19  0.2091996430  20 
-0.0271021781  21 -0.0678216894  22  0.1580778870  24  0.0022998729  25 
-0.0055099439  26  0.0135680346  28 -0.0272032448  29  0.1010455430  30 
-0.0542685084  31 -0.0205554997  33  0.0079151652  34 -0.0049156384  35 
 0.1179085690  37 -0.2364010200  38  0.0252375226  39  0.0499361053  40 
-0.1786320920  42  0.0045939821  43 -0.0003491672  44  0.1043409650  46 
-0.2091987030  47 -0.0271017422  48 -0.0678206584  49 -0.1580746250  51 
 0.0023013350  52 -0.0055090278  53  0.0704255289  55  0.0150016263  56 
 0.0623213669  57  0.0132752824  58 -0.0081040873  59 -0.0017256759  60 
-0.0623210839  61 -0.0132748592  62 -0.0704242658  63 -0.0150011005  64 
 0.0081045298  65  0.0017258540  66 
# __  Orbital  :      9 gus----NAO=  54
 0.1283160020   1 -0.2572673950   2 -0.0061638752   3 -0.0349237856   4 
-0.1943988310   6  0.0022672886   7  0.0019577601   8  0.0524065268  10 
-0.1050726670  11  0.0980371917  12  0.0408845238  13 -0.0793958838  15 
 0.0068332409  16  0.0052793593  17 -0.0759083694  19  0.1521926240  20 
-0.0197169634  21  0.0932214087  22  0.1150012650  24  0.0016734727  25 
 0.0075726125  26 -0.1283167890  28  0.2572689010  29 -0.0061669683  30 
-0.0349233073  31  0.1944010680  33  0.0022670232  34  0.0019571030  35 
-0.0524085443  37  0.1050766060  38  0.0980385208  39  0.0408847596  40 
 0.0793985288  42  0.0068329843  43  0.0052804368  44  0.0759082719  46 
-0.1521924240  47 -0.0197168755  48  0.0932234497  49 -0.1150006320  51 
 0.0016744778  52  0.0075731603  53 -0.0313019640  55 -0.0066676632  56 
 0.0453392444  57  0.0096579274  58  0.0766429247  59  0.0163258429  60 
-0.0453391384  61 -0.0096573940  62  0.0313026263  63  0.0066674534  64 
-0.0766425839  65 -0.0163257784  66 
# __  Orbital  :     10 gus----NAO=  54
-0.0995599760   1  0.2024316850   2 -0.0003866521   3 -0.0682907886   4 
 0.1831249000   6 -0.0159249192   7 -0.0422079804   8  0.0356117438  10 
-0.0724082535  11 -0.1795708690  12 -0.0791712859  13 -0.0655004076  15 
-0.0445042913  16 -0.0073090803  17  0.0639480605  19 -0.1300235190  20 
-0.0381097301  21  0.1612873250  22 -0.1176216770  24 -0.0285926533  25 
 0.0348847956  26 -0.0995601463  28  0.2024320590  29  0.0003854116  30 
 0.0682913451  31  0.1831243130  33  0.0159248504  34  0.0422088353  35 
 0.0356119822  37 -0.0724087414  38  0.1795724350  39  0.0791725297  40 
-0.0655011015  42  0.0445057170  43  0.0073089417  44  0.0639478037  46 
-0.1300227610  47  0.0381099513  48 -0.1612894080  49 -0.1176223580  51 
 0.0285922150  52 -0.0348840953  53 -0.0404956544  55 -0.0140995542  56 
-0.0727187515  57 -0.0253179134  58  0.1132177850  59  0.0394169735  60 
-0.0727186508  61 -0.0253175483  62 -0.0404962303  63 -0.0140992934  64 
 0.1132175180  65  0.0394176689  66 
# __  Orbital  :     11 gus----NAO=  54
 0.0163595273   1 -0.0332630764   2  0.1830703270   3 -0.0944365965   4 
-0.0300918357   6  0.0421992720   7 -0.0159174818   8 -0.0944011615  10 
 0.1919423790  11 -0.0356106437  12 -0.0855223263  13  0.1736365270  15 
 0.0073186764  16 -0.0445124640  17  0.0780421042  19 -0.1586801210  20 
-0.0465093646  21 -0.1321607910  22 -0.1435473950  24 -0.0348933111  25 
-0.0285843379  26  0.0163601611  28 -0.0332645645  29 -0.1830693070  30 
 0.0944345143  31 -0.0300913233  33 -0.0421999308  34  0.0159160844  35 
-0.0944011788  37  0.1919424830  38  0.0356080192  39  0.0855198514  40 
 0.1736361960  42 -0.0073208583  43  0.0445131704  44  0.0780407780  46 
-0.1586772630  47  0.0465081411  48  0.1321630920  49 -0.1435434230  51 
 0.0348945417  52  0.0285837519  53  0.1073503040  55  0.0373756158  56 
-0.0887475113  57 -0.0308992023  58 -0.0186045728  59 -0.0064768095  60 
-0.0887457815  61 -0.0308976858  62  0.1073491810  63  0.0373745971  64 
-0.0186034023  65 -0.0064769242  66 
# __  Orbital  :     12 gus----NAO=  54
 0.0091782506   1 -0.0181199606   2  0.0963869278   3  0.1669508110   4 
-0.0373290444   6  0.0362627850   7  0.0628091102   8  0.0091804324  10 
-0.0181244101  11 -0.0963904268  12  0.1669496750  13 -0.0373327518  15 
-0.0362645165  16  0.0628111112  17  0.0091793271  19 -0.0181221923  20 
-0.1927751050  21 -0.0000002973  22 -0.0373308542  24 -0.0725262769  25 
-0.0000003718  26  0.0091796050  28 -0.0181227660  29 -0.0963873341  30 
-0.1669501540  31 -0.0373300559  33 -0.0362637249  34 -0.0628109216  35 
 0.0091795334  37 -0.0181222756  38  0.0963901820  39 -0.1669467140  40 
-0.0373326413  42  0.0362639386  43 -0.0628092592  44  0.0091802409  46 
-0.0181239096  47  0.1927786450  48 -0.0000007831  49 -0.0373312917  51 
 0.0725288601  52 -0.0000004379  53 -0.1111768200  55 -0.0640651551  56 
-0.1111742440  57 -0.0640643290  58 -0.1111757160  59 -0.0640642752  60 
-0.1111770820  61 -0.0640659608  62 -0.1111742520  63 -0.0640649339  64 
-0.1111747760  65 -0.0640652535  66 
# __  Orbital  :     13 gus----NAO=  54
-0.0563340071   1  0.1216707710   2 -0.0647386310   3 -0.1121383010   4 
 0.0256243159   6 -0.0796358572   7 -0.1379380620   8  0.0563346004  10 
-0.1216725640  11 -0.0647385666  12  0.1121263370  13 -0.0256261599  15 
-0.0796374419  16  0.1379337890  17 -0.0563342908  19  0.1216716390  20 
 0.1294785720  21  0.0000051112  22  0.0256243552  24  0.1592738530  25 
 0.0000017332  26  0.0563337617  28 -0.1216706540  29 -0.0647390499  30 
-0.1121347970  31 -0.0256245428  33 -0.0796346574  34 -0.1379370950  35 
-0.0563348497  37  0.1216725100  38 -0.0647387049  39  0.1121287340  40 
 0.0256278711  42 -0.0796374020  43  0.1379348970  44  0.0563345921  46 
-0.1216724960  47  0.1294745410  48  0.0000048227  49 -0.0256250947  51 
 0.1592740030  52  0.0000025260  53 -0.1404540050  55 -0.0559154075  56 
 0.1404564690  57  0.0559180657  58 -0.1404580460  59 -0.0559181432  60 
-0.1404545680  61 -0.0559156761  62  0.1404549500  63  0.0559168024  64 
 0.1404596780  65  0.0559191736  66 
# __  Orbital  :     14 gus----NAO=  52
 0.0000002872   1 -0.0000008216   2  0.2380122090   3 -0.1374151820   4 
 0.0000039094   6  0.0810753072   7 -0.0468042070   8 -0.0000000990  10 
 0.0000002164  11 -0.2380103750  12 -0.1374180360  13  0.0000009716  15 
-0.0810716745  16 -0.0468101355  17  0.0000006035  19 -0.0000014542  20 
-0.0000011838  21  0.2748325000  22 -0.0000002006  24 -0.0000023122  25 
 0.0936182600  26 -0.0000009502  28  0.0000018806  29  0.2380129710  30 
-0.1374127150  31  0.0000010377  33  0.0810784344  34 -0.0468049632  35 
 0.0000007673  37 -0.0000017924  38 -0.2380088990  39 -0.1374226810  40 
 0.0000021928  42 -0.0810714565  43 -0.0468138649  44 -0.0000004449  46 
 0.0000014991  47 -0.0000018704  48  0.2748335410  49 -0.0000048486  51 
-0.0000042570  52  0.0936177268  53  0.0000014676  55 -0.0000014354  56 
 0.0000000917  57  0.0000004449  58  0.0000018678  59 -0.0000021025  60 
 0.0000002018  61 -0.0000006138  62 -0.0000040946  63 -0.0000014750  64 
 0.0000002029  65  0.0000019439  66 
# __  Orbital  :     15 gus----NAO=  54
-0.0012278038   1  0.0029343628   2  0.0809934158   3 -0.0249757497   4 
 0.0024983284   6  0.0172033808   7 -0.0005538683   8 -0.0173618124  10 
 0.0414934554  11 -0.1015894120  12  0.2494942050  13  0.0353593096  15 
-0.0516068556  16  0.1028873130  17 -0.0161349532  19  0.0385610749  20 
-0.2479893570  21 -0.0458573798  22  0.0328605003  24 -0.1067773080  25 
-0.0084223673  26  0.0012277435  28 -0.0029342659  29  0.0809903137  30 
-0.0249710032  31 -0.0024968848  33  0.0171995926  34 -0.0005523815  35 
 0.0173620411  37 -0.0414938682  38 -0.1015872190  39  0.2494883920  40 
-0.0353632620  42 -0.0516077059  43  0.1028864500  44  0.0161347217  46 
-0.0385610699  47 -0.2479908630  48 -0.0458531116  49 -0.0328571314  51 
-0.1067777580  52 -0.0084208397  53 -0.1507164640  55 -0.1145070460  56 
-0.1400562030  57 -0.1064096800  58  0.0106565859  59  0.0080984964  60 
 0.1400574260  61  0.1064104570  62  0.1507120790  63  0.1145047810  64 
-0.0106549256  65 -0.0080955924  66 
# __  Orbital  :     16 gus----NAO=  54
-0.0193411657   1  0.0462233249   2  0.1440783800   3  0.2600455150   4 
 0.0393906815   6  0.0631562223   7  0.1113203170   8 -0.0086062422  10 
 0.0205683228  11 -0.1303821690  12  0.0774725837  13  0.0175319555  15 
-0.0402779894  16  0.0425188588  17  0.0107325971  19 -0.0256499346  20 
 0.1649656010  21 -0.0689339447  22 -0.0218620137  24  0.0710330250  25 
-0.0126590943  26  0.0193408025  28 -0.0462224334  29  0.1440827520  30 
 0.2600490480  31 -0.0393900624  33  0.0631592574  34  0.1113222260  35 
 0.0086060165  37 -0.0205679975  38 -0.1303877490  39  0.0774714376  40 
-0.0175303364  42 -0.0402790793  43  0.0425196982  44 -0.0107322746  46 
 0.0256494174  47  0.1649689710  48 -0.0689313332  49  0.0218600062  51 
 0.0710349432  52 -0.0126563535  53 -0.0747106611  55 -0.0567620293  56 
 0.0931675606  57  0.0707847508  58  0.1678768660  59  0.1275466940  60 
-0.0931701514  61 -0.0707861326  62  0.0747122464  63  0.0567630423  64 
-0.1678733840  65 -0.1275448980  66 
# __  Orbital  :     17 gus----NAO=  54
-0.0041749021   1  0.0104683099   2  0.1161655920   3  0.1909843500   4 
 0.0126349074   6  0.0813810516   7  0.1366917630   8  0.0020155639  10 
-0.0050543546  11 -0.1433204650  12 -0.2073783680  13 -0.0060929753  15 
-0.0440206693  16 -0.1141261020  17  0.0021587162  19 -0.0054128333  20 
 0.1155399370  21  0.2226982860  22 -0.0065313097  24  0.0822376637  25 
 0.0930565406  26 -0.0041742870  28  0.0104667799  29 -0.1161599270  30 
-0.1909805290  31  0.0126267564  33 -0.0813750064  34 -0.1366828860  35 
 0.0020163145  37 -0.0050568078  38  0.1433147910  39  0.2073816630  40 
-0.0060908384  42  0.0440222623  43  0.1141247470  44  0.0021584941  46 
-0.0054117296  47 -0.1155395440  48 -0.2226978590  49 -0.0065375470  51 
-0.0822427075  52 -0.0930528664  53  0.0819683657  55  0.0632998033  56 
 0.0877440749  57  0.0677631813  58 -0.1697113060  59 -0.1310678030  60 
 0.0877445646  61  0.0677627227  62  0.0819704279  63  0.0633056163  64 
-0.1697149760  65 -0.1310658840  66 
# __  Orbital  :     18 gus----NAO=  54
-0.0000820170   1  0.0002057209   2 -0.2230570760   3  0.1338479040   4 
 0.0002470267   6 -0.0925595514   7  0.0570438734   8  0.0036561880  10 
-0.0091675016  11  0.2066587240  12 -0.1066948230  13 -0.0110614889  15 
 0.1151158250  16 -0.0944054878  17 -0.0035747607  19  0.0089636070  20 
-0.1913452100  21  0.1344733890  22  0.0108161637  24 -0.1361933890  25 
 0.0561885259  26 -0.0000822058  28  0.0002058850  29  0.2230580700  30 
-0.1338520450  31  0.0002510962  33  0.0925579854  34 -0.0570485652  35 
 0.0036563713  37 -0.0091684687  38 -0.2066607930  39  0.1066970050  40 
-0.0110637238  42 -0.1151194870  43  0.0944087301  44 -0.0035736828  46 
 0.0089607782  47  0.1913393520  48 -0.1344721760  49  0.0108135076  51 
 0.1361928220  52 -0.0561871560  53  0.1486416410  55  0.1147937830  56 
-0.1453100560  57 -0.1122215880  58 -0.0033353175  59 -0.0025757173  60 
-0.1453072430  61 -0.1122174840  62  0.1486440730  63  0.1147957180  64 
-0.0033330697  65 -0.0025750551  66 
# __  Orbital  :     19 gus----NAO=  12
 0.2158086850   5  0.1341686700   9  0.2158081130  14  0.1341681590  18 
 0.2158063880  23  0.1341669340  27  0.2158058970  32  0.1341678230  36 
 0.2158090080  41  0.1341679200  45  0.2158097720  50  0.1341693410  54 
# __  Orbital  :     20 gus----NAO=  12
 0.0400304981   5  0.0318861712   9  0.3016879710  14  0.2403168000  18 
 0.2616566350  23  0.2084273960  27 -0.0400320052  32 -0.0318873257  36 
-0.3016852820  41 -0.2403141680  45 -0.2616553430  50 -0.2084252120  54 
# __  Orbital  :     21 gus----NAO=  12
-0.3252448830   5 -0.2590821140   9 -0.1279528210  14 -0.1019233980  18 
 0.1972899870  23  0.1571564340  27  0.3252466270  32  0.2590834280  36 
 0.1279561630  41  0.1019286330  45 -0.1972904780  50 -0.1571577620  54 
# __  Orbital  :     22 gus----NAO=  12
 0.4407570360   5  0.3590022250   9 -0.1515987130  14 -0.1234787990  18 
-0.2891576220  23 -0.2355188440  27  0.4407589630  32  0.3589995930  36 
-0.1516043370  41 -0.1234794960  45 -0.2891552280  50 -0.2355228220  54 
# __  Orbital  :     23 gus----NAO=  12
-0.0794163074   5 -0.0646821695   9  0.4214185030  14  0.3432431110  18 
-0.3420012250  23 -0.2785582950  27 -0.0794191748  32 -0.0646912422  36 
 0.4214143570  41  0.3432539500  45 -0.3419956680  50 -0.2785667960  54 
# __  Orbital  :     24 gus----NAO=  12
-0.3795252890   5 -0.2979543750   9  0.3795305000  14  0.2979501740  18 
-0.3795278230  23 -0.2979480940  27  0.3795215180  32  0.2979501600  36 
-0.3795316250  41 -0.2979437300  45  0.3795336380  50  0.2979461260  54 
$end 
$gus 
  54  54  54  54  54  52  54  54  54  54  54  54  54  52  54  54  54  54  12  12  12  12  12  12
# __  Orbital  :      1 gus----NAO=  54
 0.4058296750   1  0.0094257421   2 -0.0000282926   3 -0.0000494463   4 
-0.0028687385   6  0.0002332355   7  0.0004066278   8  0.4058129310  10 
 0.0094252358  11  0.0000283574  12 -0.0000494136  13 -0.0028667057  15 
-0.0002337228  16  0.0004073074  17  0.4064944380  19  0.0094421745  20 
 0.0000567387  21 -0.0000004069  22 -0.0028767649  24 -0.0004677948  25 
 0.0000025031  26  0.4071033230  28  0.0094568255  29  0.0000284718  30 
 0.0000488934  31 -0.0028804360  33 -0.0002357162  34 -0.0004051989  35 
 0.4073017930  37  0.0094621204  38 -0.0000283620  39  0.0000487930  40 
-0.0028865349  42  0.0002342540  43 -0.0004037782  44  0.4065009490  46 
 0.0094420686  47 -0.0000567684  48 -0.0000003859  49 -0.0028741938  51 
 0.0004691700  52  0.0000026412  53 -0.0001576176  55  0.0011642105  56 
-0.0001579547  57  0.0011653103  58 -0.0001581864  59  0.0011666732  60 
-0.0001579247  61  0.0011655768  62 -0.0001582626  63  0.0011667483  64 
-0.0001576601  65  0.0011642072  66 
# __  Orbital  :      2 gus----NAO=  54
 0.1918552270   1  0.0047264429   2 -0.0002017541   3  0.0001954852   4 
-0.0021812183   6  0.0013761947   7 -0.0010218420   8  0.5654135790  10 
 0.0139299937  11 -0.0001469756  12  0.0001484833  13 -0.0064298826  15 
 0.0005778676  16 -0.0003378257  17  0.3745965090  19  0.0092292218  20 
-0.0001339245  21  0.0002195107  22 -0.0042626997  24  0.0003861394  25 
-0.0013718355  26 -0.1907939780  28 -0.0047012776  29 -0.0002017971  30 
 0.0001955320  31  0.0021707729  33  0.0013779664  34 -0.0010228231  35 
-0.5652046840  37 -0.0139271983  38 -0.0001471989  39  0.0001489677  40 
 0.0064393012  42  0.0005798008  43 -0.0003424119  44 -0.3731918600  46 
-0.0091950738  47 -0.0001337302  48  0.0002195230  49  0.0042446760  51 
 0.0003843871  52 -0.0013733381  53 -0.0002430921  55  0.0010325763  56 
-0.0001609343  57  0.0006839829  58  0.0000820156  59 -0.0003478098  60 
 0.0001604500  61 -0.0006808447  62  0.0002429015  63 -0.0010305950  64 
-0.0000824427  65  0.0003506014  66 
# __  Orbital  :      3 gus----NAO=  54
 0.5424162240   1  0.0133636308   2  0.0001802583   3  0.0001198657   4 
-0.0061685765   6 -0.0007996973   7 -0.0001826092   8  0.1058254380  10 
 0.0026071053  11  0.0002271413  12  0.0001747038  13 -0.0012042251  15 
-0.0014830945  16 -0.0009821723  17 -0.4364070440  19 -0.0107528531  20 
 0.0001563579  21  0.0001879232  22  0.0049671156  24 -0.0004509832  25 
-0.0011751897  26 -0.5420502100  28 -0.0133561014  29  0.0001803942  30 
 0.0001201074  31  0.0061713578  33 -0.0008009542  34 -0.0001849353  35 
-0.1050190220  37 -0.0025880025  38  0.0002271453  39  0.0001747404  40 
 0.0011965543  42 -0.0014839579  43 -0.0009828408  44  0.4373115890  46 
 0.0107745120  47  0.0001563842  48  0.0001878937  49 -0.0049769737  51 
-0.0004513528  52 -0.0011744564  53 -0.0000454811  55  0.0001934270  56 
 0.0001876149  57 -0.0007960076  58  0.0002329800  59 -0.0009887402  60 
-0.0001879456  61  0.0007982478  62  0.0000451693  63 -0.0001912871  64 
-0.0002331662  65  0.0009903827  66 
# __  Orbital  :      4 gus----NAO=  54
-0.2162849640   1 -0.0056778552   2 -0.0001009930   3 -0.0000799620   4 
 0.0051538542   6  0.0021458542   7  0.0001922005   8  0.5697150540  10 
 0.0149570428  11 -0.0001517491  12  0.0002768187  13 -0.0135914880  15 
 0.0014123341  16 -0.0029653569  17 -0.3524161790  19 -0.0092523212  20 
 0.0001952378  21  0.0000404390  22  0.0084074752  24 -0.0020242802  25 
-0.0015014618  26 -0.2173225300  28 -0.0057067039  29  0.0001010731  30 
 0.0000807624  31  0.0052024172  33 -0.0021537758  34 -0.0002099461  35 
 0.5699063530  37  0.0149648564  38  0.0001519077  39 -0.0002771252  40 
-0.0136304087  42 -0.0014210506  43  0.0029816179  44 -0.3537967810  46 
-0.0092896231  47 -0.0001960164  48 -0.0000401602  49  0.0084597363  51 
 0.0020441602  52  0.0015000969  53 -0.0001596996  55  0.0006357613  56 
 0.0000986514  57 -0.0003937305  58  0.0000611001  59 -0.0002407257  60 
 0.0000994177  61 -0.0003926320  62 -0.0001598783  63  0.0006326233  64 
 0.0000605089  65 -0.0002421146  66 
# __  Orbital  :      5 gus----NAO=  54
 0.5327110420   1  0.0139857461   2  0.0001308774   3  0.0002651371   4 
-0.0127125666   6 -0.0009110485   7 -0.0030112130   8 -0.0782734531  10 
-0.0020546106  11  0.0000655362  12 -0.0000122334  13  0.0018612558  15 
-0.0018545456  16 -0.0005553298  17 -0.4545470280  19 -0.0119350137  20 
 0.0002518798  21 -0.0000312960  22  0.0108660374  24 -0.0026240197  25 
 0.0011666167  26  0.5330172620  28  0.0139956561  29 -0.0001310395  30 
-0.0002654757  31 -0.0127429655  33  0.0009179141  34  0.0030232484  35 
-0.0790792712  37 -0.0020769242  38 -0.0000656964  39  0.0000127124  40 
 0.0018976344  42  0.0018608592  43  0.0005425924  44 -0.4537228090  46 
-0.0119124565  47 -0.0002513945  48  0.0000314254  49  0.0108298013  51 
 0.0026097869  52 -0.0011675383  53  0.0000218235  55 -0.0000879434  56 
 0.0001275649  57 -0.0005049500  58 -0.0001495616  59  0.0005921810  60 
 0.0001271462  61 -0.0005060105  62  0.0000222752  63 -0.0000870529  64 
-0.0001493568  65  0.0005942405  66 
# __  Orbital  :      6 gus----NAO=  52
-0.4075658040   1 -0.0115456970   2 -0.0001406760   3 -0.0002435909   4 
 0.0218608149   6  0.0045169337   7  0.0078215119   8  0.4075708160  10 
 0.0115458213  11 -0.0001406489  12  0.0002436800  13 -0.0218603027  15 
 0.0045172151  16 -0.0078214644  17 -0.4069030340  19 -0.0115283691  20 
 0.0002810103  21  0.0000000508  22  0.0218449613  24 -0.0090282336  25 
-0.0000023224  26  0.4063265440  28  0.0115129523  29 -0.0001402345  30 
-0.0002429943  31 -0.0218296890  33  0.0045109584  34  0.0078160743  35 
-0.4061585300  37 -0.0115089260  38 -0.0001402457  39  0.0002430471  40 
 0.0218283476  42  0.0045111966  43 -0.0078161409  44  0.4069379300  46 
 0.0115291524  47  0.0002809712  48 -0.0000000493  49 -0.0218453846  51 
-0.0090283631  52  0.0000025661  53 -0.0002279449  55 -0.0009029046  56 
 0.0002277539  57  0.0009034257  58 -0.0002276058  59 -0.0009040834  60 
-0.0002277773  61 -0.0009033761  62  0.0002275705  63  0.0009044267  64 
 0.0002279686  65  0.0009027354  66 
# __  Orbital  :      7 gus----NAO=  54
-0.0926254406   1  0.1818388260   2  0.0314855493   3  0.0545368053   4 
 0.1087492070   6  0.0041060182   7  0.0071117781   8 -0.0926245650  10 
 0.1818377090  11 -0.0314871562  12  0.0545367053  13  0.1087450380  15 
-0.0041051100  16  0.0071093566  17 -0.0926238349  19  0.1818360080  20 
-0.0629729921  21 -0.0000019512  22  0.1087467350  24 -0.0082111382  25 
-0.0000004937  26 -0.0926237659  28  0.1818357080  29 -0.0314869862  30 
-0.0545354375  31  0.1087469420  33 -0.0041062276  34 -0.0071119439  35 
-0.0926251031  37  0.1818385910  38  0.0314861280  39 -0.0545373945  40 
 0.1087468730  42  0.0041050714  43 -0.0071100113  44 -0.0926258353  46 
 0.1818399420  47  0.0629742933  48  0.0000009078  49  0.1087485770  51 
 0.0082101406  52  0.0000002206  53  0.0356999502  55  0.0051285008  56 
 0.0356997621  57  0.0051289292  58  0.0357001448  59  0.0051295385  60 
 0.0357005356  61  0.0051281747  62  0.0357000133  63  0.0051284205  64 
 0.0357009211  65  0.0051290855  66 
# __  Orbital  :      8 gus----NAO=  54
-0.0135684803   1  0.0272042629   2  0.1010471870   3 -0.0542696042   4 
 0.0205555223   6  0.0079154659   7 -0.0049160825   8 -0.1179099940  10 
 0.2364039940  11  0.0252367166  12  0.0499359223  13  0.1786315670  15 
 0.0045931099  16 -0.0003502816  17 -0.1043414900  19  0.2091996430  20 
-0.0271021781  21 -0.0678216894  22  0.1580778870  24  0.0022998729  25 
-0.0055099439  26  0.0135680346  28 -0.0272032448  29  0.1010455430  30 
-0.0542685084  31 -0.0205554997  33  0.0079151652  34 -0.0049156384  35 
 0.1179085690  37 -0.2364010200  38  0.0252375226  39  0.0499361053  40 
-0.1786320920  42  0.0045939821  43 -0.0003491672  44  0.1043409650  46 
-0.2091987030  47 -0.0271017422  48 -0.0678206584  49 -0.1580746250  51 
 0.0023013350  52 -0.0055090278  53  0.0704255289  55  0.0150016263  56 
 0.0623213669  57  0.0132752824  58 -0.0081040873  59 -0.0017256759  60 
-0.0623210839  61 -0.0132748592  62 -0.0704242658  63 -0.0150011005  64 
 0.0081045298  65  0.0017258540  66 
# __  Orbital  :      9 gus----NAO=  54
 0.1283160020   1 -0.2572673950   2 -0.0061638752   3 -0.0349237856   4 
-0.1943988310   6  0.0022672886   7  0.0019577601   8  0.0524065268  10 
-0.1050726670  11  0.0980371917  12  0.0408845238  13 -0.0793958838  15 
 0.0068332409  16  0.0052793593  17 -0.0759083694  19  0.1521926240  20 
-0.0197169634  21  0.0932214087  22  0.1150012650  24  0.0016734727  25 
 0.0075726125  26 -0.1283167890  28  0.2572689010  29 -0.0061669683  30 
-0.0349233073  31  0.1944010680  33  0.0022670232  34  0.0019571030  35 
-0.0524085443  37  0.1050766060  38  0.0980385208  39  0.0408847596  40 
 0.0793985288  42  0.0068329843  43  0.0052804368  44  0.0759082719  46 
-0.1521924240  47 -0.0197168755  48  0.0932234497  49 -0.1150006320  51 
 0.0016744778  52  0.0075731603  53 -0.0313019640  55 -0.0066676632  56 
 0.0453392444  57  0.0096579274  58  0.0766429247  59  0.0163258429  60 
-0.0453391384  61 -0.0096573940  62  0.0313026263  63  0.0066674534  64 
-0.0766425839  65 -0.0163257784  66 
# __  Orbital  :     10 gus----NAO=  54
-0.0995599760   1  0.2024316850   2 -0.0003866521   3 -0.0682907886   4 
 0.1831249000   6 -0.0159249192   7 -0.0422079804   8  0.0356117438  10 
-0.0724082535  11 -0.1795708690  12 -0.0791712859  13 -0.0655004076  15 
-0.0445042913  16 -0.0073090803  17  0.0639480605  19 -0.1300235190  20 
-0.0381097301  21  0.1612873250  22 -0.1176216770  24 -0.0285926533  25 
 0.0348847956  26 -0.0995601463  28  0.2024320590  29  0.0003854116  30 
 0.0682913451  31  0.1831243130  33  0.0159248504  34  0.0422088353  35 
 0.0356119822  37 -0.0724087414  38  0.1795724350  39  0.0791725297  40 
-0.0655011015  42  0.0445057170  43  0.0073089417  44  0.0639478037  46 
-0.1300227610  47  0.0381099513  48 -0.1612894080  49 -0.1176223580  51 
 0.0285922150  52 -0.0348840953  53 -0.0404956544  55 -0.0140995542  56 
-0.0727187515  57 -0.0253179134  58  0.1132177850  59  0.0394169735  60 
-0.0727186508  61 -0.0253175483  62 -0.0404962303  63 -0.0140992934  64 
 0.1132175180  65  0.0394176689  66 
# __  Orbital  :     11 gus----NAO=  54
 0.0163595273   1 -0.0332630764   2  0.1830703270   3 -0.0944365965   4 
-0.0300918357   6  0.0421992720   7 -0.0159174818   8 -0.0944011615  10 
 0.1919423790  11 -0.0356106437  12 -0.0855223263  13  0.1736365270  15 
 0.0073186764  16 -0.0445124640  17  0.0780421042  19 -0.1586801210  20 
-0.0465093646  21 -0.1321607910  22 -0.1435473950  24 -0.0348933111  25 
-0.0285843379  26  0.0163601611  28 -0.0332645645  29 -0.1830693070  30 
 0.0944345143  31 -0.0300913233  33 -0.0421999308  34  0.0159160844  35 
-0.0944011788  37  0.1919424830  38  0.0356080192  39  0.0855198514  40 
 0.1736361960  42 -0.0073208583  43  0.0445131704  44  0.0780407780  46 
-0.1586772630  47  0.0465081411  48  0.1321630920  49 -0.1435434230  51 
 0.0348945417  52  0.0285837519  53  0.1073503040  55  0.0373756158  56 
-0.0887475113  57 -0.0308992023  58 -0.0186045728  59 -0.0064768095  60 
-0.0887457815  61 -0.0308976858  62  0.1073491810  63  0.0373745971  64 
-0.0186034023  65 -0.0064769242  66 
# __  Orbital  :     12 gus----NAO=  54
 0.0091782506   1 -0.0181199606   2  0.0963869278   3  0.1669508110   4 
-0.0373290444   6  0.0362627850   7  0.0628091102   8  0.0091804324  10 
-0.0181244101  11 -0.0963904268  12  0.1669496750  13 -0.0373327518  15 
-0.0362645165  16  0.0628111112  17  0.0091793271  19 -0.0181221923  20 
-0.1927751050  21 -0.0000002973  22 -0.0373308542  24 -0.0725262769  25 
-0.0000003718  26  0.0091796050  28 -0.0181227660  29 -0.0963873341  30 
-0.1669501540  31 -0.0373300559  33 -0.0362637249  34 -0.0628109216  35 
 0.0091795334  37 -0.0181222756  38  0.0963901820  39 -0.1669467140  40 
-0.0373326413  42  0.0362639386  43 -0.0628092592  44  0.0091802409  46 
-0.0181239096  47  0.1927786450  48 -0.0000007831  49 -0.0373312917  51 
 0.0725288601  52 -0.0000004379  53 -0.1111768200  55 -0.0640651551  56 
-0.1111742440  57 -0.0640643290  58 -0.1111757160  59 -0.0640642752  60 
-0.1111770820  61 -0.0640659608  62 -0.1111742520  63 -0.0640649339  64 
-0.1111747760  65 -0.0640652535  66 
# __  Orbital  :     13 gus----NAO=  54
-0.0563340071   1  0.1216707710   2 -0.0647386310   3 -0.1121383010   4 
 0.0256243159   6 -0.0796358572   7 -0.1379380620   8  0.0563346004  10 
-0.1216725640  11 -0.0647385666  12  0.1121263370  13 -0.0256261599  15 
-0.0796374419  16  0.1379337890  17 -0.0563342908  19  0.1216716390  20 
 0.1294785720  21  0.0000051112  22  0.0256243552  24  0.1592738530  25 
 0.0000017332  26  0.0563337617  28 -0.1216706540  29 -0.0647390499  30 
-0.1121347970  31 -0.0256245428  33 -0.0796346574  34 -0.1379370950  35 
-0.0563348497  37  0.1216725100  38 -0.0647387049  39  0.1121287340  40 
 0.0256278711  42 -0.0796374020  43  0.1379348970  44  0.0563345921  46 
-0.1216724960  47  0.1294745410  48  0.0000048227  49 -0.0256250947  51 
 0.1592740030  52  0.0000025260  53 -0.1404540050  55 -0.0559154075  56 
 0.1404564690  57  0.0559180657  58 -0.1404580460  59 -0.0559181432  60 
-0.1404545680  61 -0.0559156761  62  0.1404549500  63  0.0559168024  64 
 0.1404596780  65  0.0559191736  66 
# __  Orbital  :     14 gus----NAO=  52
 0.0000002872   1 -0.0000008216   2  0.2380122090   3 -0.1374151820   4 
 0.0000039094   6  0.0810753072   7 -0.0468042070   8 -0.0000000990  10 
 0.0000002164  11 -0.2380103750  12 -0.1374180360  13  0.0000009716  15 
-0.0810716745  16 -0.0468101355  17  0.0000006035  19 -0.0000014542  20 
-0.0000011838  21  0.2748325000  22 -0.0000002006  24 -0.0000023122  25 
 0.0936182600  26 -0.0000009502  28  0.0000018806  29  0.2380129710  30 
-0.1374127150  31  0.0000010377  33  0.0810784344  34 -0.0468049632  35 
 0.0000007673  37 -0.0000017924  38 -0.2380088990  39 -0.1374226810  40 
 0.0000021928  42 -0.0810714565  43 -0.0468138649  44 -0.0000004449  46 
 0.0000014991  47 -0.0000018704  48  0.2748335410  49 -0.0000048486  51 
-0.0000042570  52  0.0936177268  53  0.0000014676  55 -0.0000014354  56 
 0.0000000917  57  0.0000004449  58  0.0000018678  59 -0.0000021025  60 
 0.0000002018  61 -0.0000006138  62 -0.0000040946  63 -0.0000014750  64 
 0.0000002029  65  0.0000019439  66 
# __  Orbital  :     15 gus----NAO=  54
-0.0012278038   1  0.0029343628   2  0.0809934158   3 -0.0249757497   4 
 0.0024983284   6  0.0172033808   7 -0.0005538683   8 -0.0173618124  10 
 0.0414934554  11 -0.1015894120  12  0.2494942050  13  0.0353593096  15 
-0.0516068556  16  0.1028873130  17 -0.0161349532  19  0.0385610749  20 
-0.2479893570  21 -0.0458573798  22  0.0328605003  24 -0.1067773080  25 
-0.0084223673  26  0.0012277435  28 -0.0029342659  29  0.0809903137  30 
-0.0249710032  31 -0.0024968848  33  0.0171995926  34 -0.0005523815  35 
 0.0173620411  37 -0.0414938682  38 -0.1015872190  39  0.2494883920  40 
-0.0353632620  42 -0.0516077059  43  0.1028864500  44  0.0161347217  46 
-0.0385610699  47 -0.2479908630  48 -0.0458531116  49 -0.0328571314  51 
-0.1067777580  52 -0.0084208397  53 -0.1507164640  55 -0.1145070460  56 
-0.1400562030  57 -0.1064096800  58  0.0106565859  59  0.0080984964  60 
 0.1400574260  61  0.1064104570  62  0.1507120790  63  0.1145047810  64 
-0.0106549256  65 -0.0080955924  66 
# __  Orbital  :     16 gus----NAO=  54
-0.0193411657   1  0.0462233249   2  0.1440783800   3  0.2600455150   4 
 0.0393906815   6  0.0631562223   7  0.1113203170   8 -0.0086062422  10 
 0.0205683228  11 -0.1303821690  12  0.0774725837  13  0.0175319555  15 
-0.0402779894  16  0.0425188588  17  0.0107325971  19 -0.0256499346  20 
 0.1649656010  21 -0.0689339447  22 -0.0218620137  24  0.0710330250  25 
-0.0126590943  26  0.0193408025  28 -0.0462224334  29  0.1440827520  30 
 0.2600490480  31 -0.0393900624  33  0.0631592574  34  0.1113222260  35 
 0.0086060165  37 -0.0205679975  38 -0.1303877490  39  0.0774714376  40 
-0.0175303364  42 -0.0402790793  43  0.0425196982  44 -0.0107322746  46 
 0.0256494174  47  0.1649689710  48 -0.0689313332  49  0.0218600062  51 
 0.0710349432  52 -0.0126563535  53 -0.0747106611  55 -0.0567620293  56 
 0.0931675606  57  0.0707847508  58  0.1678768660  59  0.1275466940  60 
-0.0931701514  61 -0.0707861326  62  0.0747122464  63  0.0567630423  64 
-0.1678733840  65 -0.1275448980  66 
# __  Orbital  :     17 gus----NAO=  54
-0.0041749021   1  0.0104683099   2  0.1161655920   3  0.1909843500   4 
 0.0126349074   6  0.0813810516   7  0.1366917630   8  0.0020155639  10 
-0.0050543546  11 -0.1433204650  12 -0.2073783680  13 -0.0060929753  15 
-0.0440206693  16 -0.1141261020  17  0.0021587162  19 -0.0054128333  20 
 0.1155399370  21  0.2226982860  22 -0.0065313097  24  0.0822376637  25 
 0.0930565406  26 -0.0041742870  28  0.0104667799  29 -0.1161599270  30 
-0.1909805290  31  0.0126267564  33 -0.0813750064  34 -0.1366828860  35 
 0.0020163145  37 -0.0050568078  38  0.1433147910  39  0.2073816630  40 
-0.0060908384  42  0.0440222623  43  0.1141247470  44  0.0021584941  46 
-0.0054117296  47 -0.1155395440  48 -0.2226978590  49 -0.0065375470  51 
-0.0822427075  52 -0.0930528664  53  0.0819683657  55  0.0632998033  56 
 0.0877440749  57  0.0677631813  58 -0.1697113060  59 -0.1310678030  60 
 0.0877445646  61  0.0677627227  62  0.0819704279  63  0.0633056163  64 
-0.1697149760  65 -0.1310658840  66 
# __  Orbital  :     18 gus----NAO=  54
-0.0000820170   1  0.0002057209   2 -0.2230570760   3  0.1338479040   4 
 0.0002470267   6 -0.0925595514   7  0.0570438734   8  0.0036561880  10 
-0.0091675016  11  0.2066587240  12 -0.1066948230  13 -0.0110614889  15 
 0.1151158250  16 -0.0944054878  17 -0.0035747607  19  0.0089636070  20 
-0.1913452100  21  0.1344733890  22  0.0108161637  24 -0.1361933890  25 
 0.0561885259  26 -0.0000822058  28  0.0002058850  29  0.2230580700  30 
-0.1338520450  31  0.0002510962  33  0.0925579854  34 -0.0570485652  35 
 0.0036563713  37 -0.0091684687  38 -0.2066607930  39  0.1066970050  40 
-0.0110637238  42 -0.1151194870  43  0.0944087301  44 -0.0035736828  46 
 0.0089607782  47  0.1913393520  48 -0.1344721760  49  0.0108135076  51 
 0.1361928220  52 -0.0561871560  53  0.1486416410  55  0.1147937830  56 
-0.1453100560  57 -0.1122215880  58 -0.0033353175  59 -0.0025757173  60 
-0.1453072430  61 -0.1122174840  62  0.1486440730  63  0.1147957180  64 
-0.0033330697  65 -0.0025750551  66 
# __  Orbital  :     19 gus----NAO=  12
 0.2158086850   5  0.1341686700   9  0.2158081130  14  0.1341681590  18 
 0.2158063880  23  0.1341669340  27  0.2158058970  32  0.1341678230  36 
 0.2158090080  41  0.1341679200  45  0.2158097720  50  0.1341693410  54 
# __  Orbital  :     20 gus----NAO=  12
 0.0400304981   5  0.0318861712   9  0.3016879710  14  0.2403168000  18 
 0.2616566350  23  0.2084273960  27 -0.0400320052  32 -0.0318873257  36 
-0.3016852820  41 -0.2403141680  45 -0.2616553430  50 -0.2084252120  54 
# __  Orbital  :     21 gus----NAO=  12
-0.3252448830   5 -0.2590821140   9 -0.1279528210  14 -0.1019233980  18 
 0.1972899870  23  0.1571564340  27  0.3252466270  32  0.2590834280  36 
 0.1279561630  41  0.1019286330  45 -0.1972904780  50 -0.1571577620  54 
# __  Orbital  :     22 gus----NAO=  12
 0.4407570360   5  0.3590022250   9 -0.1515987130  14 -0.1234787990  18 
-0.2891576220  23 -0.2355188440  27  0.4407589630  32  0.3589995930  36 
-0.1516043370  41 -0.1234794960  45 -0.2891552280  50 -0.2355228220  54 
# __  Orbital  :     23 gus----NAO=  12
-0.0794163074   5 -0.0646821695   9  0.4214185030  14  0.3432431110  18 
-0.3420012250  23 -0.2785582950  27 -0.0794191748  32 -0.0646912422  36 
 0.4214143570  41  0.3432539500  45 -0.3419956680  50 -0.2785667960  54 
# __  Orbital  :     24 gus----NAO=  12
-0.3795252890   5 -0.2979543750   9  0.3795305000  14  0.2979501740  18 
-0.3795278230  23 -0.2979480940  27  0.3795215180  32  0.2979501600  36 
-0.3795316250  41 -0.2979437300  45  0.3795336380  50  0.2979461260  54 
$end 
$gus 
  54  54  54  54  54  52  54  54  54  54  54  54  54  52  54  54  54  54  12  12  12  12  12  12
# __  Orbital  :      1 gus----NAO=  54
 0.4058296750   1  0.0094257421   2 -0.0000282926   3 -0.0000494463   4 
-0.0028687385   6  0.0002332355   7  0.0004066278   8  0.4058129310  10 
 0.0094252358  11  0.0000283574  12 -0.0000494136  13 -0.0028667057  15 
-0.0002337228  16  0.0004073074  17  0.4064944380  19  0.0094421745  20 
 0.0000567387  21 -0.0000004069  22 -0.0028767649  24 -0.0004677948  25 
 0.0000025031  26  0.4071033230  28  0.0094568255  29  0.0000284718  30 
 0.0000488934  31 -0.0028804360  33 -0.0002357162  34 -0.0004051989  35 
 0.4073017930  37  0.0094621204  38 -0.0000283620  39  0.0000487930  40 
-0.0028865349  42  0.0002342540  43 -0.0004037782  44  0.4065009490  46 
 0.0094420686  47 -0.0000567684  48 -0.0000003859  49 -0.0028741938  51 
 0.0004691700  52  0.0000026412  53 -0.0001576176  55  0.0011642105  56 
-0.0001579547  57  0.0011653103  58 -0.0001581864  59  0.0011666732  60 
-0.0001579247  61  0.0011655768  62 -0.0001582626  63  0.0011667483  64 
-0.0001576601  65  0.0011642072  66 
# __  Orbital  :      2 gus----NAO=  54
 0.1918552270   1  0.0047264429   2 -0.0002017541   3  0.0001954852   4 
-0.0021812183   6  0.0013761947   7 -0.0010218420   8  0.5654135790  10 
 0.0139299937  11 -0.0001469756  12  0.0001484833  13 -0.0064298826  15 
 0.0005778676  16 -0.0003378257  17  0.3745965090  19  0.0092292218  20 
-0.0001339245  21  0.0002195107  22 -0.0042626997  24  0.0003861394  25 
-0.0013718355  26 -0.1907939780  28 -0.0047012776  29 -0.0002017971  30 
 0.0001955320  31  0.0021707729  33  0.0013779664  34 -0.0010228231  35 
-0.5652046840  37 -0.0139271983  38 -0.0001471989  39  0.0001489677  40 
 0.0064393012  42  0.0005798008  43 -0.0003424119  44 -0.3731918600  46 
-0.0091950738  47 -0.0001337302  48  0.0002195230  49  0.0042446760  51 
 0.0003843871  52 -0.0013733381  53 -0.0002430921  55  0.0010325763  56 
-0.0001609343  57  0.0006839829  58  0.0000820156  59 -0.0003478098  60 
 0.0001604500  61 -0.0006808447  62  0.0002429015  63 -0.0010305950  64 
-0.0000824427  65  0.0003506014  66 
# __  Orbital  :      3 gus----NAO=  54
 0.5424162240   1  0.0133636308   2  0.0001802583   3  0.0001198657   4 
-0.0061685765   6 -0.0007996973   7 -0.0001826092   8  0.1058254380  10 
 0.0026071053  11  0.0002271413  12  0.0001747038  13 -0.0012042251  15 
-0.0014830945  16 -0.0009821723  17 -0.4364070440  19 -0.0107528531  20 
 0.0001563579  21  0.0001879232  22  0.0049671156  24 -0.0004509832  25 
-0.0011751897  26 -0.5420502100  28 -0.0133561014  29  0.0001803942  30 
 0.0001201074  31  0.0061713578  33 -0.0008009542  34 -0.0001849353  35 
-0.1050190220  37 -0.0025880025  38  0.0002271453  39  0.0001747404  40 
 0.0011965543  42 -0.0014839579  43 -0.0009828408  44  0.4373115890  46 
 0.0107745120  47  0.0001563842  48  0.0001878937  49 -0.0049769737  51 
-0.0004513528  52 -0.0011744564  53 -0.0000454811  55  0.0001934270  56 
 0.0001876149  57 -0.0007960076  58  0.0002329800  59 -0.0009887402  60 
-0.0001879456  61  0.0007982478  62  0.0000451693  63 -0.0001912871  64 
-0.0002331662  65  0.0009903827  66 
# __  Orbital  :      4 gus----NAO=  54
-0.2162849640   1 -0.0056778552   2 -0.0001009930   3 -0.0000799620   4 
 0.0051538542   6  0.0021458542   7  0.0001922005   8  0.5697150540  10 
 0.0149570428  11 -0.0001517491  12  0.0002768187  13 -0.0135914880  15 
 0.0014123341  16 -0.0029653569  17 -0.3524161790  19 -0.0092523212  20 
 0.0001952378  21  0.0000404390  22  0.0084074752  24 -0.0020242802  25 
-0.0015014618  26 -0.2173225300  28 -0.0057067039  29  0.0001010731  30 
 0.0000807624  31  0.0052024172  33 -0.0021537758  34 -0.0002099461  35 
 0.5699063530  37  0.0149648564  38  0.0001519077  39 -0.0002771252  40 
-0.0136304087  42 -0.0014210506  43  0.0029816179  44 -0.3537967810  46 
-0.0092896231  47 -0.0001960164  48 -0.0000401602  49  0.0084597363  51 
 0.0020441602  52  0.0015000969  53 -0.0001596996  55  0.0006357613  56 
 0.0000986514  57 -0.0003937305  58  0.0000611001  59 -0.0002407257  60 
 0.0000994177  61 -0.0003926320  62 -0.0001598783  63  0.0006326233  64 
 0.0000605089  65 -0.0002421146  66 
# __  Orbital  :      5 gus----NAO=  54
 0.5327110420   1  0.0139857461   2  0.0001308774   3  0.0002651371   4 
-0.0127125666   6 -0.0009110485   7 -0.0030112130   8 -0.0782734531  10 
-0.0020546106  11  0.0000655362  12 -0.0000122334  13  0.0018612558  15 
-0.0018545456  16 -0.0005553298  17 -0.4545470280  19 -0.0119350137  20 
 0.0002518798  21 -0.0000312960  22  0.0108660374  24 -0.0026240197  25 
 0.0011666167  26  0.5330172620  28  0.0139956561  29 -0.0001310395  30 
-0.0002654757  31 -0.0127429655  33  0.0009179141  34  0.0030232484  35 
-0.0790792712  37 -0.0020769242  38 -0.0000656964  39  0.0000127124  40 
 0.0018976344  42  0.0018608592  43  0.0005425924  44 -0.4537228090  46 
-0.0119124565  47 -0.0002513945  48  0.0000314254  49  0.0108298013  51 
 0.0026097869  52 -0.0011675383  53  0.0000218235  55 -0.0000879434  56 
 0.0001275649  57 -0.0005049500  58 -0.0001495616  59  0.0005921810  60 
 0.0001271462  61 -0.0005060105  62  0.0000222752  63 -0.0000870529  64 
-0.0001493568  65  0.0005942405  66 
# __  Orbital  :      6 gus----NAO=  52
-0.4075658040   1 -0.0115456970   2 -0.0001406760   3 -0.0002435909   4 
 0.0218608149   6  0.0045169337   7  0.0078215119   8  0.4075708160  10 
 0.0115458213  11 -0.0001406489  12  0.0002436800  13 -0.0218603027  15 
 0.0045172151  16 -0.0078214644  17 -0.4069030340  19 -0.0115283691  20 
 0.0002810103  21  0.0000000508  22  0.0218449613  24 -0.0090282336  25 
-0.0000023224  26  0.4063265440  28  0.0115129523  29 -0.0001402345  30 
-0.0002429943  31 -0.0218296890  33  0.0045109584  34  0.0078160743  35 
-0.4061585300  37 -0.0115089260  38 -0.0001402457  39  0.0002430471  40 
 0.0218283476  42  0.0045111966  43 -0.0078161409  44  0.4069379300  46 
 0.0115291524  47  0.0002809712  48 -0.0000000493  49 -0.0218453846  51 
-0.0090283631  52  0.0000025661  53 -0.0002279449  55 -0.0009029046  56 
 0.0002277539  57  0.0009034257  58 -0.0002276058  59 -0.0009040834  60 
-0.0002277773  61 -0.0009033761  62  0.0002275705  63  0.0009044267  64 
 0.0002279686  65  0.0009027354  66 
# __  Orbital  :      7 gus----NAO=  54
-0.0926254406   1  0.1818388260   2  0.0314855493   3  0.0545368053   4 
 0.1087492070   6  0.0041060182   7  0.0071117781   8 -0.0926245650  10 
 0.1818377090  11 -0.0314871562  12  0.0545367053  13  0.1087450380  15 
-0.0041051100  16  0.0071093566  17 -0.0926238349  19  0.1818360080  20 
-0.0629729921  21 -0.0000019512  22  0.1087467350  24 -0.0082111382  25 
-0.0000004937  26 -0.0926237659  28  0.1818357080  29 -0.0314869862  30 
-0.0545354375  31  0.1087469420  33 -0.0041062276  34 -0.0071119439  35 
-0.0926251031  37  0.1818385910  38  0.0314861280  39 -0.0545373945  40 
 0.1087468730  42  0.0041050714  43 -0.0071100113  44 -0.0926258353  46 
 0.1818399420  47  0.0629742933  48  0.0000009078  49  0.1087485770  51 
 0.0082101406  52  0.0000002206  53  0.0356999502  55  0.0051285008  56 
 0.0356997621  57  0.0051289292  58  0.0357001448  59  0.0051295385  60 
 0.0357005356  61  0.0051281747  62  0.0357000133  63  0.0051284205  64 
 0.0357009211  65  0.0051290855  66 
# __  Orbital  :      8 gus----NAO=  54
-0.0135684803   1  0.0272042629   2  0.1010471870   3 -0.0542696042   4 
 0.0205555223   6  0.0079154659   7 -0.0049160825   8 -0.1179099940  10 
 0.2364039940  11  0.0252367166  12  0.0499359223  13  0.1786315670  15 
 0.0045931099  16 -0.0003502816  17 -0.1043414900  19  0.2091996430  20 
-0.0271021781  21 -0.0678216894  22  0.1580778870  24  0.0022998729  25 
-0.0055099439  26  0.0135680346  28 -0.0272032448  29  0.1010455430  30 
-0.0542685084  31 -0.0205554997  33  0.0079151652  34 -0.0049156384  35 
 0.1179085690  37 -0.2364010200  38  0.0252375226  39  0.0499361053  40 
-0.1786320920  42  0.0045939821  43 -0.0003491672  44  0.1043409650  46 
-0.2091987030  47 -0.0271017422  48 -0.0678206584  49 -0.1580746250  51 
 0.0023013350  52 -0.0055090278  53  0.0704255289  55  0.0150016263  56 
 0.0623213669  57  0.0132752824  58 -0.0081040873  59 -0.0017256759  60 
-0.0623210839  61 -0.0132748592  62 -0.0704242658  63 -0.0150011005  64 
 0.0081045298  65  0.0017258540  66 
# __  Orbital  :      9 gus----NAO=  54
 0.1283160020   1 -0.2572673950   2 -0.0061638752   3 -0.0349237856   4 
-0.1943988310   6  0.0022672886   7  0.0019577601   8  0.0524065268  10 
-0.1050726670  11  0.0980371917  12  0.0408845238  13 -0.0793958838  15 
 0.0068332409  16  0.0052793593  17 -0.0759083694  19  0.1521926240  20 
-0.0197169634  21  0.0932214087  22  0.1150012650  24  0.0016734727  25 
 0.0075726125  26 -0.1283167890  28  0.2572689010  29 -0.0061669683  30 
-0.0349233073  31  0.1944010680  33  0.0022670232  34  0.0019571030  35 
-0.0524085443  37  0.1050766060  38  0.0980385208  39  0.0408847596  40 
 0.0793985288  42  0.0068329843  43  0.0052804368  44  0.0759082719  46 
-0.1521924240  47 -0.0197168755  48  0.0932234497  49 -0.1150006320  51 
 0.0016744778  52  0.0075731603  53 -0.0313019640  55 -0.0066676632  56 
 0.0453392444  57  0.0096579274  58  0.0766429247  59  0.0163258429  60 
-0.0453391384  61 -0.0096573940  62  0.0313026263  63  0.0066674534  64 
-0.0766425839  65 -0.0163257784  66 
# __  Orbital  :     10 gus----NAO=  54
-0.0995599760   1  0.2024316850   2 -0.0003866521   3 -0.0682907886   4 
 0.1831249000   6 -0.0159249192   7 -0.0422079804   8  0.0356117438  10 
-0.0724082535  11 -0.1795708690  12 -0.0791712859  13 -0.0655004076  15 
-0.0445042913  16 -0.0073090803  17  0.0639480605  19 -0.1300235190  20 
-0.0381097301  21  0.1612873250  22 -0.1176216770  24 -0.0285926533  25 
 0.0348847956  26 -0.0995601463  28  0.2024320590  29  0.0003854116  30 
 0.0682913451  31  0.1831243130  33  0.0159248504  34  0.0422088353  35 
 0.0356119822  37 -0.0724087414  38  0.1795724350  39  0.0791725297  40 
-0.0655011015  42  0.0445057170  43  0.0073089417  44  0.0639478037  46 
-0.1300227610  47  0.0381099513  48 -0.1612894080  49 -0.1176223580  51 
 0.0285922150  52 -0.0348840953  53 -0.0404956544  55 -0.0140995542  56 
-0.0727187515  57 -0.0253179134  58  0.1132177850  59  0.0394169735  60 
-0.0727186508  61 -0.0253175483  62 -0.0404962303  63 -0.0140992934  64 
 0.1132175180  65  0.0394176689  66 
# __  Orbital  :     11 gus----NAO=  54
 0.0163595273   1 -0.0332630764   2  0.1830703270   3 -0.0944365965   4 
-0.0300918357   6  0.0421992720   7 -0.0159174818   8 -0.0944011615  10 
 0.1919423790  11 -0.0356106437  12 -0.0855223263  13  0.1736365270  15 
 0.0073186764  16 -0.0445124640  17  0.0780421042  19 -0.1586801210  20 
-0.0465093646  21 -0.1321607910  22 -0.1435473950  24 -0.0348933111  25 
-0.0285843379  26  0.0163601611  28 -0.0332645645  29 -0.1830693070  30 
 0.0944345143  31 -0.0300913233  33 -0.0421999308  34  0.0159160844  35 
-0.0944011788  37  0.1919424830  38  0.0356080192  39  0.0855198514  40 
 0.1736361960  42 -0.0073208583  43  0.0445131704  44  0.0780407780  46 
-0.1586772630  47  0.0465081411  48  0.1321630920  49 -0.1435434230  51 
 0.0348945417  52  0.0285837519  53  0.1073503040  55  0.0373756158  56 
-0.0887475113  57 -0.0308992023  58 -0.0186045728  59 -0.0064768095  60 
-0.0887457815  61 -0.0308976858  62  0.1073491810  63  0.0373745971  64 
-0.0186034023  65 -0.0064769242  66 
# __  Orbital  :     12 gus----NAO=  54
 0.0091782506   1 -0.0181199606   2  0.0963869278   3  0.1669508110   4 
-0.0373290444   6  0.0362627850   7  0.0628091102   8  0.0091804324  10 
-0.0181244101  11 -0.0963904268  12  0.1669496750  13 -0.0373327518  15 
-0.0362645165  16  0.0628111112  17  0.0091793271  19 -0.0181221923  20 
-0.1927751050  21 -0.0000002973  22 -0.0373308542  24 -0.0725262769  25 
-0.0000003718  26  0.0091796050  28 -0.0181227660  29 -0.0963873341  30 
-0.1669501540  31 -0.0373300559  33 -0.0362637249  34 -0.0628109216  35 
 0.0091795334  37 -0.0181222756  38  0.0963901820  39 -0.1669467140  40 
-0.0373326413  42  0.0362639386  43 -0.0628092592  44  0.0091802409  46 
-0.0181239096  47  0.1927786450  48 -0.0000007831  49 -0.0373312917  51 
 0.0725288601  52 -0.0000004379  53 -0.1111768200  55 -0.0640651551  56 
-0.1111742440  57 -0.0640643290  58 -0.1111757160  59 -0.0640642752  60 
-0.1111770820  61 -0.0640659608  62 -0.1111742520  63 -0.0640649339  64 
-0.1111747760  65 -0.0640652535  66 
# __  Orbital  :     13 gus----NAO=  54
-0.0563340071   1  0.1216707710   2 -0.0647386310   3 -0.1121383010   4 
 0.0256243159   6 -0.0796358572   7 -0.1379380620   8  0.0563346004  10 
-0.1216725640  11 -0.0647385666  12  0.1121263370  13 -0.0256261599  15 
-0.0796374419  16  0.1379337890  17 -0.0563342908  19  0.1216716390  20 
 0.1294785720  21  0.0000051112  22  0.0256243552  24  0.1592738530  25 
 0.0000017332  26  0.0563337617  28 -0.1216706540  29 -0.0647390499  30 
-0.1121347970  31 -0.0256245428  33 -0.0796346574  34 -0.1379370950  35 
-0.0563348497  37  0.1216725100  38 -0.0647387049  39  0.1121287340  40 
 0.0256278711  42 -0.0796374020  43  0.1379348970  44  0.0563345921  46 
-0.1216724960  47  0.1294745410  48  0.0000048227  49 -0.0256250947  51 
 0.1592740030  52  0.0000025260  53 -0.1404540050  55 -0.0559154075  56 
 0.1404564690  57  0.0559180657  58 -0.1404580460  59 -0.0559181432  60 
-0.1404545680  61 -0.0559156761  62  0.1404549500  63  0.0559168024  64 
 0.1404596780  65  0.0559191736  66 
# __  Orbital  :     14 gus----NAO=  52
 0.0000002872   1 -0.0000008216   2  0.2380122090   3 -0.1374151820   4 
 0.0000039094   6  0.0810753072   7 -0.0468042070   8 -0.0000000990  10 
 0.0000002164  11 -0.2380103750  12 -0.1374180360  13  0.0000009716  15 
-0.0810716745  16 -0.0468101355  17  0.0000006035  19 -0.0000014542  20 
-0.0000011838  21  0.2748325000  22 -0.0000002006  24 -0.0000023122  25 
 0.0936182600  26 -0.0000009502  28  0.0000018806  29  0.2380129710  30 
-0.1374127150  31  0.0000010377  33  0.0810784344  34 -0.0468049632  35 
 0.0000007673  37 -0.0000017924  38 -0.2380088990  39 -0.1374226810  40 
 0.0000021928  42 -0.0810714565  43 -0.0468138649  44 -0.0000004449  46 
 0.0000014991  47 -0.0000018704  48  0.2748335410  49 -0.0000048486  51 
-0.0000042570  52  0.0936177268  53  0.0000014676  55 -0.0000014354  56 
 0.0000000917  57  0.0000004449  58  0.0000018678  59 -0.0000021025  60 
 0.0000002018  61 -0.0000006138  62 -0.0000040946  63 -0.0000014750  64 
 0.0000002029  65  0.0000019439  66 
# __  Orbital  :     15 gus----NAO=  54
-0.0012278038   1  0.0029343628   2  0.0809934158   3 -0.0249757497   4 
 0.0024983284   6  0.0172033808   7 -0.0005538683   8 -0.0173618124  10 
 0.0414934554  11 -0.1015894120  12  0.2494942050  13  0.0353593096  15 
-0.0516068556  16  0.1028873130  17 -0.0161349532  19  0.0385610749  20 
-0.2479893570  21 -0.0458573798  22  0.0328605003  24 -0.1067773080  25 
-0.0084223673  26  0.0012277435  28 -0.0029342659  29  0.0809903137  30 
-0.0249710032  31 -0.0024968848  33  0.0171995926  34 -0.0005523815  35 
 0.0173620411  37 -0.0414938682  38 -0.1015872190  39  0.2494883920  40 
-0.0353632620  42 -0.0516077059  43  0.1028864500  44  0.0161347217  46 
-0.0385610699  47 -0.2479908630  48 -0.0458531116  49 -0.0328571314  51 
-0.1067777580  52 -0.0084208397  53 -0.1507164640  55 -0.1145070460  56 
-0.1400562030  57 -0.1064096800  58  0.0106565859  59  0.0080984964  60 
 0.1400574260  61  0.1064104570  62  0.1507120790  63  0.1145047810  64 
-0.0106549256  65 -0.0080955924  66 
# __  Orbital  :     16 gus----NAO=  54
-0.0193411657   1  0.0462233249   2  0.1440783800   3  0.2600455150   4 
 0.0393906815   6  0.0631562223   7  0.1113203170   8 -0.0086062422  10 
 0.0205683228  11 -0.1303821690  12  0.0774725837  13  0.0175319555  15 
-0.0402779894  16  0.0425188588  17  0.0107325971  19 -0.0256499346  20 
 0.1649656010  21 -0.0689339447  22 -0.0218620137  24  0.0710330250  25 
-0.0126590943  26  0.0193408025  28 -0.0462224334  29  0.1440827520  30 
 0.2600490480  31 -0.0393900624  33  0.0631592574  34  0.1113222260  35 
 0.0086060165  37 -0.0205679975  38 -0.1303877490  39  0.0774714376  40 
-0.0175303364  42 -0.0402790793  43  0.0425196982  44 -0.0107322746  46 
 0.0256494174  47  0.1649689710  48 -0.0689313332  49  0.0218600062  51 
 0.0710349432  52 -0.0126563535  53 -0.0747106611  55 -0.0567620293  56 
 0.0931675606  57  0.0707847508  58  0.1678768660  59  0.1275466940  60 
-0.0931701514  61 -0.0707861326  62  0.0747122464  63  0.0567630423  64 
-0.1678733840  65 -0.1275448980  66 
# __  Orbital  :     17 gus----NAO=  54
-0.0041749021   1  0.0104683099   2  0.1161655920   3  0.1909843500   4 
 0.0126349074   6  0.0813810516   7  0.1366917630   8  0.0020155639  10 
-0.0050543546  11 -0.1433204650  12 -0.2073783680  13 -0.0060929753  15 
-0.0440206693  16 -0.1141261020  17  0.0021587162  19 -0.0054128333  20 
 0.1155399370  21  0.2226982860  22 -0.0065313097  24  0.0822376637  25 
 0.0930565406  26 -0.0041742870  28  0.0104667799  29 -0.1161599270  30 
-0.1909805290  31  0.0126267564  33 -0.0813750064  34 -0.1366828860  35 
 0.0020163145  37 -0.0050568078  38  0.1433147910  39  0.2073816630  40 
-0.0060908384  42  0.0440222623  43  0.1141247470  44  0.0021584941  46 
-0.0054117296  47 -0.1155395440  48 -0.2226978590  49 -0.0065375470  51 
-0.0822427075  52 -0.0930528664  53  0.0819683657  55  0.0632998033  56 
 0.0877440749  57  0.0677631813  58 -0.1697113060  59 -0.1310678030  60 
 0.0877445646  61  0.0677627227  62  0.0819704279  63  0.0633056163  64 
-0.1697149760  65 -0.1310658840  66 
# __  Orbital  :     18 gus----NAO=  54
-0.0000820170   1  0.0002057209   2 -0.2230570760   3  0.1338479040   4 
 0.0002470267   6 -0.0925595514   7  0.0570438734   8  0.0036561880  10 
-0.0091675016  11  0.2066587240  12 -0.1066948230  13 -0.0110614889  15 
 0.1151158250  16 -0.0944054878  17 -0.0035747607  19  0.0089636070  20 
-0.1913452100  21  0.1344733890  22  0.0108161637  24 -0.1361933890  25 
 0.0561885259  26 -0.0000822058  28  0.0002058850  29  0.2230580700  30 
-0.1338520450  31  0.0002510962  33  0.0925579854  34 -0.0570485652  35 
 0.0036563713  37 -0.0091684687  38 -0.2066607930  39  0.1066970050  40 
-0.0110637238  42 -0.1151194870  43  0.0944087301  44 -0.0035736828  46 
 0.0089607782  47  0.1913393520  48 -0.1344721760  49  0.0108135076  51 
 0.1361928220  52 -0.0561871560  53  0.1486416410  55  0.1147937830  56 
-0.1453100560  57 -0.1122215880  58 -0.0033353175  59 -0.0025757173  60 
-0.1453072430  61 -0.1122174840  62  0.1486440730  63  0.1147957180  64 
-0.0033330697  65 -0.0025750551  66 
# __  Orbital  :     19 gus----NAO=  12
 0.2158086850   5  0.1341686700   9  0.2158081130  14  0.1341681590  18 
 0.2158063880  23  0.1341669340  27  0.2158058970  32  0.1341678230  36 
 0.2158090080  41  0.1341679200  45  0.2158097720  50  0.1341693410  54 
# __  Orbital  :     20 gus----NAO=  12
 0.0400304981   5  0.0318861712   9  0.3016879710  14  0.2403168000  18 
 0.2616566350  23  0.2084273960  27 -0.0400320052  32 -0.0318873257  36 
-0.3016852820  41 -0.2403141680  45 -0.2616553430  50 -0.2084252120  54 
# __  Orbital  :     21 gus----NAO=  12
-0.3252448830   5 -0.2590821140   9 -0.1279528210  14 -0.1019233980  18 
 0.1972899870  23  0.1571564340  27  0.3252466270  32  0.2590834280  36 
 0.1279561630  41  0.1019286330  45 -0.1972904780  50 -0.1571577620  54 
# __  Orbital  :     22 gus----NAO=  12
 0.4407570360   5  0.3590022250   9 -0.1515987130  14 -0.1234787990  18 
-0.2891576220  23 -0.2355188440  27  0.4407589630  32  0.3589995930  36 
-0.1516043370  41 -0.1234794960  45 -0.2891552280  50 -0.2355228220  54 
# __  Orbital  :     23 gus----NAO=  12
-0.0794163074   5 -0.0646821695   9  0.4214185030  14  0.3432431110  18 
-0.3420012250  23 -0.2785582950  27 -0.0794191748  32 -0.0646912422  36 
 0.4214143570  41  0.3432539500  45 -0.3419956680  50 -0.2785667960  54 
# __  Orbital  :     24 gus----NAO=  12
-0.3795252890   5 -0.2979543750   9  0.3795305000  14  0.2979501740  18 
-0.3795278230  23 -0.2979480940  27  0.3795215180  32  0.2979501600  36 
-0.3795316250  41 -0.2979437300  45  0.3795336380  50  0.2979461260  54 
$end 
$gus 
  74  78  78  78  78  74  76  78  78  78  78  75  76  68  78  78  78  78  23  24  24  24  24  22
# __  Orbital  :      1 gus----NAO=  74
 0.4057396090   1  0.0111478913   2 -0.0000160550   3 -0.0000277380   4 
-0.0021901752   6  0.0001608506   7  0.0002779582   8 -0.0009710346  10 
 0.0000243851  11 -0.0009466191  13 -0.0011060679  15  0.4061847080  16 
 0.0111603973  17  0.0000158755  18 -0.0000277367  19 -0.0021947847  21 
-0.0001594217  22  0.0002782937  23 -0.0009718872  25 -0.0000243644  26 
-0.0009475861  28 -0.0011071653  30  0.4066130020  31  0.0111723969  32 
 0.0000318865  33 -0.0000000635  34 -0.0021984642  36 -0.0003205218  37 
 0.0000005343  38 -0.0009363506  40  0.0000000134  41 -0.0009850114  43 
-0.0011082282  45  0.4066226330  46  0.0111726503  47  0.0000159271  48 
 0.0000276473  49 -0.0021976258  51 -0.0001601898  52 -0.0002779781  53 
-0.0009729586  55  0.0000243662  56 -0.0009486106  58 -0.0011082707  60 
 0.4064005800  61  0.0111664461  62 -0.0000160446  63  0.0000275896  64 
-0.0021968294  66  0.0001610191  67 -0.0002771710  68 -0.0009723746  70 
-0.0000243213  71 -0.0009480183  73 -0.0011076974  75  0.4059219060  76 
 0.0111530099  77 -0.0000320062  78 -0.0000000868  79 -0.0021923023  81 
 0.0003209039  82  0.0000008161  83 -0.0009348075  85 -0.0000000288  86 
-0.0009835372  88 -0.0011065101  90 -0.0001054198  91  0.0008288568  92 
-0.0001055194  93  0.0008295275  94 -0.0001055316  95  0.0008295761  96 
-0.0001053603  97  0.0008284490  98 -0.0001054662  99  0.0008291815 100 
-0.0001053263 101  0.0008281764 102 
# __  Orbital  :      2 gus----NAO=  78
-0.0633943184   1 -0.0017788557   2  0.0001132641   3 -0.0000776659   4 
 0.0005473067   6 -0.0010395737   7  0.0006319123   8  0.0001607248  10 
 0.0000180549  11  0.0001186810  13  0.0001584696  15 -0.5262517290  16 
-0.0147666177  17  0.0000920337  18 -0.0000487827  19  0.0045492299  21 
-0.0005406811  22 -0.0000462490  23  0.0011374691  25 -0.0000191686  26 
 0.0011809845  28  0.0013154549  30 -0.4629562860  31 -0.0129905630  32 
 0.0000776913  33 -0.0000816678  34  0.0040034117  36 -0.0002028910  37 
 0.0007254453  38  0.0010419026  40  0.0000179331  41  0.0009973686  43 
 0.0011572052  45  0.0636486064  46  0.0017859320  47  0.0001133026  48 
-0.0000777313  49 -0.0005501658  51 -0.0010399910  52  0.0006324692  53 
-0.0001612452  55 -0.0000181264  56 -0.0001191067  58 -0.0001591112  60 
 0.5265776690  61  0.0147757186  62  0.0000920180  63 -0.0000488710  64 
-0.0045533145  66 -0.0005404376  67 -0.0000455304  68 -0.0011380675  70 
 0.0000192525  71 -0.0011815407  73 -0.0013162610  75  0.4627454550  76 
 0.0129845313  77  0.0000775608  78 -0.0000816742  79 -0.0039984587  81 
-0.0002018216  82  0.0007255344  83 -0.0010416248  85 -0.0000179453  86 
-0.0009972867  88 -0.0011567647  90  0.0001199034  91 -0.0008294817  92 
 0.0001054567  93 -0.0007297342  94 -0.0000144951  95  0.0001003824  96 
-0.0001054401  97  0.0007295010  98 -0.0001199612  99  0.0008300188 100 
 0.0000144450 101 -0.0000999367 102 
# __  Orbital  :      3 gus----NAO=  78
 0.5713020210   1  0.0160304620   2  0.0000610330   3  0.0000752659   4 
-0.0049355678   6 -0.0002414548   7 -0.0001478017   8 -0.0012424536  10 
-0.0000256910  11 -0.0012748009  13 -0.0014281908  15  0.2310372080  16 
 0.0064827663  17  0.0000899437  18  0.0000966290  19 -0.0019984637  21 
-0.0009200895  22 -0.0006484747  23 -0.0005240503  25  0.0000249495  26 
-0.0004935681  28 -0.0005775509  30 -0.3403039010  31 -0.0095491323  32 
 0.0000571689  33  0.0001110207  34  0.0029440772  36 -0.0001498257  37 
-0.0009862173  38  0.0007658728  40 -0.0000244305  41  0.0007331153  43 
 0.0008505554  45 -0.5709198120  46 -0.0160201397  47  0.0000611259  48 
 0.0000753806  49  0.0049365542  51 -0.0002423181  52 -0.0001487872  53 
 0.0012412192  55  0.0000257712  56  0.0012737256  58  0.0014270366  60 
-0.2301520000  61 -0.0064582509  62  0.0000899931  63  0.0000966142  64 
 0.0019909366  66 -0.0009204970  67 -0.0006485031  68  0.0005222191  70 
-0.0000249503  71  0.0004916594  73  0.0005752278  75  0.3409787260  76 
 0.0095676966  77  0.0000571281  78  0.0001109636  79 -0.0029480364  81 
-0.0001493881  82 -0.0009856044  83 -0.0007674112  85  0.0000243497  86 
-0.0007347090  88 -0.0008523870  90 -0.0000526431  91  0.0003642290  92 
 0.0000775284  93 -0.0005361770  94  0.0001300494  95 -0.0008998608  96 
-0.0000776983  97  0.0005375400  98  0.0000524393  99 -0.0003625587 100 
-0.0001301753 101  0.0009007928 102 
# __  Orbital  :      4 gus----NAO=  78
-0.0636489040   1 -0.0017983130   2 -0.0001161542   3  0.0000400425   4 
 0.0010781061   6  0.0011422467   7 -0.0004432381   8 -0.0000221185  10 
-0.0000522104  11  0.0002031899  13  0.0001491341  15  0.5267970660  16 
 0.0148838473  17 -0.0000547334  18  0.0001921077  19 -0.0089183763  21 
 0.0003502286  22 -0.0015835340  23 -0.0007201349  25  0.0001702182  26 
-0.0007783172  28 -0.0012343894  30 -0.4630504060  31 -0.0130827930  32 
 0.0001703304  33  0.0000719036  34  0.0078410986  36 -0.0013599560  37 
-0.0007218324  38  0.0007834315  40 -0.0000827346  41  0.0005333325  43 
 0.0010849794  45 -0.0634032320  46 -0.0017913165  47  0.0001160444  48 
-0.0000400800  49  0.0010723044  51 -0.0011407675  52  0.0004444434  53 
-0.0000224359  55 -0.0000522573  56  0.0002028060  58  0.0001485893  60 
 0.5264593930  61  0.0148742476  62  0.0000546283  63 -0.0001920494  64 
-0.0089117461  66 -0.0003488384  67  0.0015822193  68 -0.0007196091  70 
 0.0001701771  71 -0.0007777267  73 -0.0012336090  75 -0.4632464290  76 
-0.0130882022  77 -0.0001703173  78 -0.0000718924  79  0.0078391228  81 
 0.0013583601  82  0.0007217111  83  0.0007840288  85 -0.0000827251  86 
 0.0005339804  88  0.0010855435  90 -0.0000759766  91  0.0007637102  92 
 0.0000667662  93 -0.0006712638  94  0.0000091252  95 -0.0000920633  96 
 0.0000667934  97 -0.0006718444  98 -0.0000758790  99  0.0007634420 100 
 0.0000091968 101 -0.0000921812 102 
# __  Orbital  :      5 gus----NAO=  78
 0.5713023520   1  0.0161409703   2  0.0000933780   3  0.0001885712   4 
-0.0096629060   6 -0.0007197078   7 -0.0015159479   8 -0.0007473452  10 
-0.0001618895  11 -0.0008783847  13 -0.0013388533  15 -0.2302275850  16 
-0.0065045564  17  0.0001385792  18 -0.0000177459  19  0.0038922977  21 
-0.0013026277  22  0.0000247233  23  0.0002005081  25  0.0000017556  26 
 0.0004544996  28  0.0005395583  30 -0.3410119100  31 -0.0096349690  32 
 0.0001254845  33 -0.0000976807  34  0.0057797315  36 -0.0010043529  37 
 0.0009807220  38  0.0005768231  40  0.0001124453  41  0.0003926150  43 
 0.0007989218  45  0.5716834270  46  0.0161521723  47 -0.0000935597  48 
-0.0001888160  49 -0.0096847222  51  0.0007242720  52  0.0015232547  53 
-0.0007471239  55 -0.0001620830  56 -0.0008783770  58 -0.0013394484  60 
-0.2311260620  61 -0.0065303141  62 -0.0001387417  63  0.0000181051  64 
 0.0039186160  66  0.0013067667  67 -0.0000325468  68  0.0002014327  70 
 0.0000015198  71  0.0004556450  73  0.0005414578  75 -0.3403487550  76 
-0.0096158357  77 -0.0001251370  78  0.0000977555  79  0.0057554947  81 
 0.0009956253  82 -0.0009813527  83  0.0005760916  85  0.0001124575  86 
 0.0003923243  88  0.0007976147  90  0.0000331111  91 -0.0003344117  92 
 0.0000492312  93 -0.0004937863  94 -0.0000824925  95  0.0008282955  96 
 0.0000489985  97 -0.0004940947  98  0.0000333970  99 -0.0003344660 100 
-0.0000823221 101  0.0008290438 102 
# __  Orbital  :      6 gus----NAO=  74
 0.4072366510   1  0.0117712641   2  0.0001099884   3  0.0001905745   4 
-0.0151712693   6 -0.0027392776   7 -0.0047453067   8 -0.0002331936  10 
-0.0001373693  11 -0.0003704950  13 -0.0008012901  15 -0.4067969340  16 
-0.0117588616  17  0.0001100409  18 -0.0001903839  19  0.0151645901  21 
-0.0027400082  22  0.0047437388  23  0.0002324370  25 -0.0001371995  26 
 0.0003698602  28  0.0008002420  30  0.4063674870  31  0.0117467012  32 
-0.0002197335  33 -0.0000000586  34 -0.0151571747  36  0.0054768459  37 
 0.0000006177  38 -0.0004376798  40  0.0000000734  41 -0.0001634116  43 
-0.0007992334  45 -0.4063548750  46 -0.0117463215  47  0.0001098784  48 
 0.0001902591  49  0.0151561262  51 -0.0027385130  52 -0.0047427399  53 
 0.0002320133  55  0.0001370905  56  0.0003691757  58  0.0007992145  60 
 0.4065889420  61  0.0117529722  62  0.0001098361  63 -0.0001904167  64 
-0.0151611809  66 -0.0027380520  67  0.0047441407  68 -0.0002323253  70 
 0.0001372610  71 -0.0003693609  73 -0.0007997508  75 -0.4070648030  76 
-0.0117664306  77 -0.0002199939  78  0.0000000761  79  0.0151689767  81 
 0.0054789342  82 -0.0000007358  83  0.0004388714  85  0.0000000807  86 
 0.0001642242  88  0.0008008737  90  0.0001441077  91  0.0002063181  92 
-0.0001440423  93 -0.0002069157  94  0.0001440529  95  0.0002069336  96 
 0.0001441467  97  0.0002059240  98 -0.0001440702  99 -0.0002065972 100 
-0.0001441758 101 -0.0002056398 102 
# __  Orbital  :      7 gus----NAO=  76
-0.0923026489   1  0.1744964030   2  0.0298288350   3  0.0516667059   4 
 0.1114979140   6  0.0035931832   7  0.0062236284   8  0.0077477048  10 
-0.0013412814  11  0.0064065048  13 -0.0082317679  15 -0.0923020517  16 
 0.1744956330  17 -0.0298300315  18  0.0516666921  19  0.1114955350  21 
-0.0035924624  22  0.0062220297  23  0.0077475622  25  0.0013411391  26 
 0.0064063652  28 -0.0082316829  30 -0.0923011113  31  0.1744936760  32 
-0.0596589903  33 -0.0000019857  34  0.1114955670  36 -0.0071854529  37 
-0.0000001566  38  0.0057357838  40  0.0000001405  41  0.0084181979  43 
-0.0082316019  45 -0.0923007459  46  0.1744930250  47 -0.0298296529  48 
-0.0516655523  49  0.1114950130  51 -0.0035928611  52 -0.0062232914  53 
 0.0077476429  55 -0.0013410978  56  0.0064063678  58 -0.0082315995  60 
-0.0923019119  61  0.1744953100  62  0.0298290176  63 -0.0516673214  64 
 0.1114964620  66  0.0035926391  67 -0.0062227015  68  0.0077474695  70 
 0.0013413305  71  0.0064064576  73 -0.0082317009  75 -0.0923026834  76 
 0.1744967170  77  0.0596599482  78  0.0000004375  79  0.1114962360  81 
 0.0071845553  82 -0.0000000258  83  0.0057358355  85 -0.0000000164  86 
 0.0084181939  88 -0.0082317093  90  0.0350122195  91  0.0041485216  92 
 0.0350119449  93  0.0041486798  94  0.0350121238  95  0.0041490500  96 
 0.0350124650  97  0.0041484439  98  0.0350118773  99  0.0041486609 100 
 0.0350129484 101  0.0041492059 102 
# __  Orbital  :      8 gus----NAO=  78
-0.0131307281   1  0.0252333602   2  0.1000421890   3 -0.0544928671   4 
 0.0196557087   6  0.0146692728   7 -0.0089870647   8  0.0097980141  10 
 0.0057414189  11 -0.0079650814  13 -0.0010163161  15 -0.1169881030  16 
 0.2248164310  17  0.0279171059  18  0.0452178865  19  0.1751205140  21 
 0.0081172245  22  0.0000702285  23  0.0051441828  25  0.0036149654  26 
 0.0111853045  28 -0.0090547462  30 -0.1038567870  31  0.1995819920  32 
-0.0223718902  33 -0.0671009177  34  0.1554649560  36  0.0035485305  37 
-0.0101323965  38  0.0061820002  40  0.0069243407  41  0.0083146077  43 
-0.0080384086  45  0.0131309429  46 -0.0252337505  47  0.1000403350  48 
-0.0544913672  49 -0.0196560383  51  0.0146688782  52 -0.0089868871  53 
-0.0097978114  55 -0.0057414505  56  0.0079650777  58  0.0010163180  60 
 0.1169868000  61 -0.2248137840  62  0.0279172263  63  0.0452182769  64 
-0.1751189730  66  0.0081171206  67  0.0000705896  68 -0.0051441925  70 
-0.0036150591  71 -0.0111851542  73  0.0090546419  75  0.1038568770  76 
-0.1995819910  77 -0.0223718653  78 -0.0670992852  79 -0.1554645590  81 
 0.0035488601  82 -0.0101324119  83 -0.0061820006  85 -0.0069242100  86 
-0.0083145697  88  0.0080384214  90  0.0695440564  91  0.0142007933  92 
 0.0617380518  93  0.0126069979  94 -0.0078058285  95 -0.0015939712  96 
-0.0617380528  97 -0.0126069015  98 -0.0695426483  99 -0.0142006483 100 
 0.0078058351 101  0.0015940538 102 
# __  Orbital  :      9 gus----NAO=  78
 0.1275040100   1 -0.2450248850   2 -0.0035740255   3 -0.0296486541   4 
-0.1908623660   6  0.0037123728   7  0.0028879116   8 -0.0086454299  10 
 0.0019141804  11 -0.0091520043  13  0.0098686524  15  0.0523794352  16 
-0.1006577070  17  0.0961329484  18  0.0424746356  19 -0.0784076440  21 
 0.0127703581  22  0.0094395336  23 -0.0120117200  25  0.0048536262  26 
 0.0047002751  28  0.0040541194  30 -0.0751237349  31  0.1443655960  32 
-0.0161826893  33  0.0927616513  34  0.1124540670  36  0.0025667215  37 
 0.0140081205  38  0.0044719576  40 -0.0095724855  41  0.0060142429  43 
-0.0058145034  45 -0.1275048660  46  0.2450265070  47 -0.0035765642  48 
-0.0296485453  49  0.1908645280  51  0.0037119211  52  0.0028874675  53 
 0.0086456754  55 -0.0019139668  56  0.0091520769  58 -0.0098687254  60 
-0.0523813756  61  0.1006615910  62  0.0961337446  63  0.0424744956  64 
 0.0784101452  66  0.0127699886  67  0.0094400899  68  0.0120118537  70 
-0.0048535102  71 -0.0047003691  73 -0.0040542494  75  0.0751233394  76 
-0.1443648050  77 -0.0161826519  78  0.0927633707  79 -0.1124530340  81 
 0.0025673505  82  0.0140081887  83 -0.0044718611  85  0.0095726204  86 
-0.0060140164  88  0.0058144500  90 -0.0311376087  91 -0.0063585590  92 
 0.0446580772  93  0.0091194584  94  0.0757972218  95  0.0154780866  96 
-0.0446577520  97 -0.0091190931  98  0.0311381672  99  0.0063584506 100 
-0.0757968888 101 -0.0154778720 102 
# __  Orbital  :     10 gus----NAO=  78
-0.0987998375   1  0.1961246510   2 -0.0026350075   3 -0.0712892139   4 
 0.1673306260   6 -0.0207996946   7 -0.0531020065   8  0.0048595358  10 
 0.0059171209  11  0.0067606300  13 -0.0067089079  15  0.0352670170  16 
-0.0700075574  17 -0.1771878000  18 -0.0763119483  19 -0.0597293790  21 
-0.0525269151  22 -0.0070855925  23  0.0074530071  25 -0.0040129145  26 
-0.0116006991  28  0.0023947355  30  0.0635325879  31 -0.1261168040  32 
-0.0405465819  33  0.1582419990  34 -0.1076000950  36 -0.0362599988  37 
 0.0404945573  38 -0.0068951575  40 -0.0095251044  41 -0.0005768837  43 
 0.0043140678  45 -0.0988000209  46  0.1961251680  47  0.0026346247  48 
 0.0712892637  49  0.1673307060  51  0.0207997256  52  0.0531022621  53 
 0.0048595397  55  0.0059172478  56  0.0067606411  58 -0.0067089020  60 
 0.0352674205  61 -0.0700084363  62  0.1771884090  63  0.0763130308  64 
-0.0597297747  66  0.0525276455  67  0.0070854441  68  0.0074529006  70 
-0.0040127937  71 -0.0116007435  73  0.0023947924  75  0.0635325703  76 
-0.1261166860  77  0.0405466485  78 -0.1582431470  79 -0.1076004580  81 
 0.0362596621  82 -0.0404945332  83 -0.0068952303  85 -0.0095251573  86 
-0.0005769941  88  0.0043140899  90 -0.0396879721  91 -0.0127086085  92 
-0.0714974198  93 -0.0228942593  94  0.1111886370  95  0.0356042453  96 
-0.0714974702  97 -0.0228944118  98 -0.0396885360  99 -0.0127086950 100 
 0.1111883860 101  0.0356042048 102 
# __  Orbital  :     11 gus----NAO=  78
 0.0163189940   1 -0.0323943410   2  0.1801327750   3 -0.0919724515   4 
-0.0276386151   6  0.0494210518   7 -0.0177785322   8  0.0085644906  10 
 0.0052675171  11 -0.0104836908  13  0.0011081063  15 -0.0937223877  16 
 0.1860454700  17 -0.0325343318  18 -0.0878514409  19  0.1587316080  21 
 0.0107658426  22 -0.0555492670  23  0.0064361904  25 -0.0068306013  26 
 0.0045869095  28 -0.0063640831  30  0.0774042635  31 -0.1536528980  32 
-0.0493994380  33 -0.1298846160  34 -0.1310952240  36 -0.0441761483  37 
-0.0332385926  38 -0.0084012558  40  0.0078179645  41 -0.0007027461  43 
 0.0052560280  45  0.0163190915  46 -0.0323945143  47 -0.1801320480  48 
 0.0919708688  49 -0.0276383874  51 -0.0494212534  52  0.0177781676  53 
 0.0085644667  55  0.0052676392  56 -0.0104839940  58  0.0011081174  60 
-0.0937226346  61  0.1860459250  62  0.0325320703  63  0.0878487295  64 
 0.1587317900  66 -0.0107672872  67  0.0555486298  68  0.0064362928  70 
-0.0068303782  71  0.0045868051  73 -0.0063640441  75  0.0774028144  76 
-0.1536499050  77  0.0493980208  78  0.1298873230  79 -0.1310918690  81 
 0.0441762051  82  0.0332386715  83 -0.0084009976  85  0.0078181538  86 
-0.0007026598  88  0.0052559038  90  0.1054737560  91  0.0337745592  92 
-0.0871098067  93 -0.0278944025  94 -0.0183655812  95 -0.0058810530  96 
-0.0871078654  97 -0.0278932292  98  0.1054725960  99  0.0337741560 100 
-0.0183649476 101 -0.0058807119 102 
# __  Orbital  :     12 gus----NAO=  75
 0.0077309339   1 -0.0134766115   2  0.0963556946   3  0.1668962020   4 
-0.0336787569   6  0.0359125624   7  0.0622035395   8 -0.0012454027  10 
-0.0026492852  11 -0.0038947956  13  0.0005045462  15  0.0077332858  16 
-0.0134811458  17 -0.0963591672  18  0.1668959080  19 -0.0336831450  21 
-0.0359145132  22  0.0622053053  23 -0.0012454584  25  0.0026493635  26 
-0.0038950908  28  0.0005046745  30  0.0077319738  31 -0.0134785572  32 
-0.1927120710  33 -0.0000004274  34 -0.0336815742  36 -0.0718260655  37 
-0.0000000127  38 -0.0052193604  40 -0.0000000499  41  0.0000790375  43 
 0.0005045891  45  0.0077326079  46 -0.0134799262  47 -0.0963555731  48 
-0.1668959180  49 -0.0336813758  51 -0.0359131399  52 -0.0622044509  53 
-0.0012452982  55 -0.0026495139  56 -0.0038949668  58  0.0005046490  60 
 0.0077322268  61 -0.0134789210  62  0.0963580552  63 -0.1668914160  64 
-0.0336823796  66  0.0359140363  67 -0.0622029192  68 -0.0012457535  70 
 0.0026491265  71 -0.0038946855  73  0.0005045726  75  0.0077332567  76 
-0.0134810754  77  0.1927155590  78 -0.0000008328  79 -0.0336835462  81 
 0.0718283612  82  0.0000000197  83 -0.0052197113  85 -0.0000002376  86 
 0.0000791508  88  0.0005046644  90 -0.1110877130  91 -0.0668436995  92 
-0.1110844750  93 -0.0668422171  94 -0.1110863690  95 -0.0668428880  96 
-0.1110875920  97 -0.0668436642  98 -0.1110840630  99 -0.0668419672 100 
-0.1110849470 101 -0.0668425801 102 
# __  Orbital  :     13 gus----NAO=  76
-0.0560173603   1  0.1144916420   2 -0.0653129085   3 -0.1131334160   4 
 0.0596521502   6 -0.0645934624   7 -0.1118839120   8 -0.0046834466  10 
 0.0156486585  11  0.0109655137  13 -0.0032432831  15  0.0560178444  16 
-0.1144929400  17 -0.0653129750  18  0.1131210060  19 -0.0596537207  21 
-0.0645945713  22  0.1118796270  23  0.0046832472  25  0.0156484023  26 
-0.0109651320  28  0.0032432275  30 -0.0560176025  31  0.1144920830  32 
 0.1306283660  33  0.0000046240  34  0.0596531063  36  0.1291898000  37 
 0.0000020169  38  0.0187895451  40  0.0000000894  41 -0.0125075189  43 
-0.0032432242  45  0.0560171595  46 -0.1144916420  47 -0.0653139570  48 
-0.1131285260  49 -0.0596520903  51 -0.0645939209  52 -0.1118822550  53 
 0.0046836098  55 -0.0156485240  56 -0.0109655507  58  0.0032432469  60 
-0.0560183119  61  0.1144935150  62 -0.0653130337  63  0.1131244170  64 
 0.0596548539  66 -0.0645954208  67  0.1118804300  68 -0.0046828276  70 
-0.0156485303  71  0.0109648471  73 -0.0032432527  75  0.0560179954  76 
-0.1144931690  77  0.1306232250  78  0.0000049596  79 -0.0596533388  81 
 0.1291888450  82  0.0000019865  83 -0.0187893488  85 -0.0000000308  86 
 0.0125074076  88  0.0032432110  90 -0.1361838600  91 -0.0678334274  92 
 0.1361870360  93  0.0678360089  94 -0.1361873810  95 -0.0678356352  96 
-0.1361844110  97 -0.0678336835  98  0.1361855680  99  0.0678352634 100 
 0.1361896280 101  0.0678375059 102 
# __  Orbital  :     14 gus----NAO=  68
 0.0000005115   1 -0.0000011489   2  0.2351455100   3 -0.1357602690   4 
-0.0000002133   6  0.0838593648   7 -0.0484148773   8  0.0073515502  10 
 0.0049011038  11 -0.0073514198  13  0.0000000386  15  0.0000001004  16 
-0.0000001277  17 -0.2351444250  18 -0.1357635430  19 -0.0000008674  21 
-0.0838584689  22 -0.0484177961  23  0.0073518785  25 -0.0049014116  26 
-0.0073517350  28  0.0000000049  30  0.0000003927  31 -0.0000009119  32 
-0.0000010398  33  0.2715226870  34  0.0000011838  36 -0.0000015671  37 
 0.0968318758  38  0.0000003830  40 -0.0098023901  41 -0.0000000868  43 
 0.0000000291  45 -0.0000006588  46  0.0000013011  47  0.2351454200  48 
-0.1357587290  49  0.0000014731  51  0.0838598958  52 -0.0484148360  53 
-0.0073516269  55 -0.0049010255  56  0.0073517964  58 -0.0000000214  60 
 0.0000006571  61 -0.0000012106  62 -0.2351421910  63 -0.1357674170  64 
-0.0000012802  66 -0.0838571787  67 -0.0484189741  68 -0.0073518131  70 
 0.0049015008  71  0.0073514666  73 -0.0000000029  75 -0.0000006191  76 
 0.0000013418  77 -0.0000023140  78  0.2715233960  79  0.0000005543  81 
-0.0000016877  82  0.0968321147  83 -0.0000000971  85  0.0098025865  86 
 0.0000000399  88 -0.0000000580  90  0.0000014704  91  0.0000008956  92 
 0.0000006327  93  0.0000009861  94  0.0000009955  95  0.0000005344  96 
 0.0000005263  97  0.0000000773  98 -0.0000038565  99 -0.0000027061 100 
 0.0000001004 101  0.0000003313 102 
# __  Orbital  :     15 gus----NAO=  78
-0.0014571666   1  0.0032350292   2  0.0842090279   3 -0.0247316968   4 
 0.0021638045   6  0.0303435260   7 -0.0068486293   8  0.0111332688  10 
 0.0064320866  11 -0.0116596646  13 -0.0000084293  15 -0.0185031487  16 
 0.0410798594  17 -0.0989895563  18  0.2462521770  19  0.0274751549  21 
-0.0474120272  22  0.1081674000  23 -0.0025960739  25  0.0143105829  26 
-0.0040911530  28 -0.0001066902  30 -0.0170468322  31  0.0378464833  32 
-0.2420612180  33 -0.0478896999  34  0.0253121859  36 -0.1081355990  37 
-0.0166771130  38 -0.0133121267  40  0.0082042559  41  0.0071517108  43 
-0.0000983308  45  0.0014571260  46 -0.0032350745  47  0.0842059591  48 
-0.0247249654  49 -0.0021624355  51  0.0303422748  52 -0.0068464247  53 
-0.0111329358  55 -0.0064315958  56  0.0116594919  58  0.0000084079  60 
 0.0185031508  61 -0.0410798870  62 -0.0989878728  63  0.2462462520  64 
-0.0274754612  66 -0.0474118710  67  0.1081650720  68  0.0025964310  70 
-0.0143101625  71  0.0040906071  73  0.0001067448  75  0.0170467727  76 
-0.0378464574  77 -0.2420638360  78 -0.0478838614  79 -0.0253116839  81 
-0.1081368750  82 -0.0166751542  83  0.0133123761  85 -0.0082038594  86 
-0.0071517833  88  0.0000983258  90 -0.1480212030  91 -0.1155573810  92 
-0.1363623340  93 -0.1064560400  94  0.0116553857  95  0.0090995137  96 
 0.1363641750  97  0.1064574220  98  0.1480169970  99  0.1155544950 100 
-0.0116526259 101 -0.0090971916 102 
# __  Orbital  :     16 gus----NAO=  78
-0.0205263956   1  0.0455712306   2  0.1404815580   3  0.2554320120   4 
 0.0304804077   6  0.0632728531   7  0.1138094870   8  0.0016733687  10 
-0.0128381458  11 -0.0090906890  13 -0.0001183889  15 -0.0090003819  16 
 0.0199822025  17 -0.1304928760  18  0.0722437417  19  0.0133671631  21 
-0.0517382157  22  0.0360620994  23  0.0109547970  25 -0.0011837168  26 
-0.0142075813  28 -0.0000518895  30  0.0115239260  31 -0.0255847651  32 
 0.1636450360  33 -0.0708350059  34 -0.0171149479  36  0.0731077823  37 
-0.0246676284  38  0.0089996007  40  0.0121361519  41 -0.0048349051  43 
 0.0000664398  45  0.0205261132  46 -0.0455707375  47  0.1404851650  48 
 0.2554366120  49 -0.0304796860  51  0.0632743680  52  0.1138119320  53 
-0.0016736519  55  0.0128384390  56  0.0090909960  58  0.0001183489  60 
 0.0090002014  61 -0.0199819330  62 -0.1304981270  63  0.0722421563  64 
-0.0133662297  66 -0.0517402637  67  0.0360615779  68 -0.0109549235  70 
 0.0011837111  71  0.0142079272  73  0.0000518832  75 -0.0115236823  76 
 0.0255844082  77  0.1636477970  78 -0.0708313193  79  0.0171131904  81 
 0.0731088151  82 -0.0246659947  83 -0.0089998751  85 -0.0121360169  86 
 0.0048349274  88 -0.0000664193  90 -0.0720018642  91 -0.0562101004  92 
 0.0921879023  93  0.0719691541  94  0.1641885660  95  0.1281797960  96 
-0.0921899181  97 -0.0719706170  98  0.0720030341  99  0.0562112424 100 
-0.1641846790 101 -0.1281771650 102 
# __  Orbital  :     17 gus----NAO=  78
 0.0049740646   1 -0.0159097915   2 -0.1218014220   3 -0.1851712390   4 
 0.0035464329   6 -0.0702399766   7 -0.1102683820   8 -0.0077594678  10 
 0.0220718369  11  0.0158969184  13 -0.0008200503  15 -0.0022687905  16 
 0.0072576319  17  0.1465658890  18  0.2011830100  19 -0.0016211733  21 
 0.0572201581  22  0.1018448270  23 -0.0072070778  25  0.0172347645  26 
 0.0034944486  28  0.0003741110  30 -0.0027048295  31  0.0086515552  32 
-0.1203104660  33 -0.2146230770  34 -0.0019287296  36 -0.0710211394  37 
-0.0947810430  38 -0.0144295945  40  0.0131756804  41  0.0100047320  43 
 0.0004458457  45  0.0049734678  46 -0.0159083901  47  0.1217966290  48 
 0.1851667740  49  0.0035474495  51  0.0702373844  52  0.1102661340  53 
-0.0077592307  55  0.0220715507  56  0.0158963733  58 -0.0008200549  60 
-0.0022696917  61  0.0072596284  62 -0.1465604880  63 -0.2011879140  64 
-0.0016180748  66 -0.0572175661  67 -0.1018480880  68 -0.0072070446  70 
 0.0172348300  71  0.0034942737  73  0.0003740595  75 -0.0027045123  76 
 0.0086508739  77  0.1203107850  78  0.2146239880  79 -0.0019301988  81 
 0.0710212206  82  0.0947808217  83 -0.0144296640  85  0.0131761033  86 
 0.0100049155  88  0.0004458662  90 -0.0741997679  91 -0.0662758878  92 
-0.0884332823  93 -0.0789896193  94  0.1626318320  95  0.1452633170  96 
-0.0884338664  97 -0.0789901608  98 -0.0742026403  99 -0.0662790043 100 
 0.1626358160 101  0.1452674890 102 
# __  Orbital  :     18 gus----NAO=  78
-0.0002514275   1  0.0008041060   2 -0.2154814990   3  0.1373137470   4 
-0.0001794401   6 -0.0943291550   7  0.0620791569   8 -0.0113914758  10 
-0.0089708614  11  0.0109802699  13  0.0000414093  15  0.0044329615  16 
-0.0141795070  17  0.1994642650  18 -0.1125504720  19  0.0031625491  21 
 0.1027494480  22 -0.0751005299  23 -0.0117489219  25 -0.0164499867  26 
 0.0190014870  28 -0.0007308471  30 -0.0041822945  31  0.0133771203  32 
-0.1860310970  33  0.1388044390  34 -0.0029802412  36 -0.1098179250  37 
 0.0612988137  38 -0.0223108195  40 -0.0085219646  41  0.0154692802  43 
 0.0006894254  45 -0.0002513145  46  0.0008038204  47  0.2154833620  48 
-0.1373175170  49 -0.0001780417  51  0.0943291044  52 -0.0620817907  53 
-0.0113916346  55 -0.0089713268  56  0.0109805533  58  0.0000414399  60 
 0.0044332350  61 -0.0141803259  62 -0.1994679910  63  0.1125539730  64 
 0.0031609200  66 -0.1027523220  67  0.0751033774  68 -0.0117485815  70 
-0.0164506542  71  0.0190014545  73 -0.0007308267  75 -0.0041811606  76 
 0.0133747232  77  0.1860254740  78 -0.1388028660  79 -0.0029843581  81 
 0.1098155030  82 -0.0612971541  83 -0.0223106142  85 -0.0085220311  86 
 0.0154690381  88  0.0006894094  90  0.1449519760  91  0.1294723700  92 
-0.1367377850  93 -0.1221355960  94 -0.0082178710  95 -0.0073399420  96 
-0.1367351870  97 -0.1221327510  98  0.1449557280  99  0.1294760840 100 
-0.0082162009 101 -0.0073387398 102 
# __  Orbital  :     19 gus----NAO=  23
 0.2142415960   5  0.1338432360   9  0.0055491870  12  0.0096117788  14 
 0.2142409940  20  0.1338427110  24 -0.0055493820  27  0.0096117927  29 
 0.2142395960  35  0.1338419720  39 -0.0110986512  42 -0.0000003045  44 
 0.2142388850  50  0.1338417340  54 -0.0055493498  57 -0.0096115998  59 
 0.2142410270  65  0.1338426930  69  0.0055493010  72 -0.0096118563  74 
 0.2142422920  80  0.1338433620  84  0.0110987838  87  0.0000000776  89 
# __  Orbital  :     20 gus----NAO=  24
 0.0290177095   5  0.0230626746   9  0.0176849325  12 -0.0093628665  14 
 0.2945045590  20  0.2340657060  24  0.0035887572  27  0.0106725583  29 
 0.2654860930  35  0.2110022390  39 -0.0067142498  42 -0.0115530742  44 
-0.0290193717  50 -0.0230638554  54  0.0176847939  57 -0.0093627478  59 
-0.2945023240  65 -0.2340636090  69  0.0035886552  72  0.0106724799  74 
-0.2654844830  80 -0.2110009060  84 -0.0067142475  87 -0.0115528554  89 
# __  Orbital  :     21 gus----NAO=  24
-0.3233089530   5 -0.2569595450   9 -0.0025336823  12 -0.0079784859  14 
-0.1365218890  20 -0.1085050030  24  0.0175011870  27  0.0061175144  29 
 0.1867848520  35  0.1484532860  39 -0.0047239770  42  0.0164203252  44 
 0.3233108450  50  0.2569613380  54 -0.0025340513  57 -0.0079784437  59 
 0.1365255930  65  0.1085082970  69  0.0175013359  72  0.0061175861  74 
-0.1867855180  80 -0.1484535880  84 -0.0047240033  87  0.0164205422  89 
# __  Orbital  :     22 gus----NAO=  24
 0.4421806260   5  0.3494667780   9  0.0028081096  12 -0.0009881164  14 
-0.1797681360  20 -0.1420759770  24 -0.0214935529  27 -0.0126669827  29 
-0.2624098230  35 -0.2073895790  39  0.0003254175  42  0.0220213963  44 
 0.4421826280  50  0.3494677160  54 -0.0028081118  57  0.0009881953  59 
-0.1797739700  65 -0.1420796680  69  0.0214934863  72  0.0126670634  74 
-0.2624092500  80 -0.2073885780  84 -0.0003253782  87 -0.0220215454  89 
# __  Orbital  :     23 gus----NAO=  24
-0.0477106600   5 -0.0377073900   9  0.0234549896  12 -0.0136098872  14 
 0.4067974630  20  0.3215021600  24 -0.0098000983  27 -0.0050753284  29 
-0.3590871040  35 -0.2837951450  39  0.0004455324  42 -0.0160926519  44 
-0.0477123854  50 -0.0377076962  54 -0.0234549092  57  0.0136097704  59 
 0.4067954370  65  0.3215008410  69  0.0098000282  72  0.0050752322  74 
-0.3590836050  80 -0.2837926860  84 -0.0004456156  87  0.0160928135  89 
# __  Orbital  :     24 gus----NAO=  22
-0.3810875260   5 -0.2904364420   9  0.0013028842  12  0.0022569736  14 
 0.3810866780  20  0.2904357420  24  0.0013032876  27 -0.0022566040  29 
-0.3810842290  35 -0.2904329170  39 -0.0026058261  42 -0.0000000742  44 
 0.3810833550  50  0.2904325960  54  0.0013031671  57  0.0022569177  59 
-0.3810864250  65 -0.2904357320  69  0.0013026731  72 -0.0022568294  74 
 0.3810890490  80  0.2904372910  84 -0.0026058851  87  0.0000000534  89 
$end 
