 $DATA  
anthracene opt C2H gaussian                                                     
C1       0
C           6.0      0.0000000000      0.0000000000      0.0000000000
   N31     6
   D       1
     1              0.8000000000  1.00000000
        
C           6.0      1.3940000000      0.0000000000      0.0000000000
   N31     6
   D       1
     1              0.8000000000  1.00000000
        
C           6.0      2.0909900000      1.2072400000     -0.0000000000
   N31     6
   D       1
     1              0.8000000000  1.00000000
        
C           6.0      1.3939800000      2.4144800000     -0.0000000000
   N31     6
   D       1
     1              0.8000000000  1.00000000
        
C           6.0     -0.0000200000      2.4144700000      0.0000000000
   N31     6
   D       1
     1              0.8000000000  1.00000000
        
C           6.0     -0.6970100000      1.2072300000      0.0000000000
   N31     6
   D       1
     1              0.8000000000  1.00000000
        
H           1.0      1.9367500000     -0.9400700000     -0.0000000000
   N31     6
        
H           1.0      3.1764900000      1.2072500000     -0.0000000000
   N31     6
        
H           1.0      1.9367200000      3.3545500000     -0.0000000000
   N31     6
        
H           1.0     -1.7825100000      1.2072200000      0.0000000000
   N31     6
        
H           1.0     -0.5427800000      3.3545400000      0.0000000000
   N31     6
        
H           1.0     -0.5427400000     -0.9400700000      0.0000000000
   N31     6
        
 $END      
--- NATURAL ORBITALS OF MCSCF --- GENERATED AT 17:42:21 20-JAN-2025    
anthracene opt C2H gaussian                                                     
E(MCSCF)=     -230.7023279994, E(NUC)=      203.5533822373
 $VEC   
 1  1 4.05734864E-01 1.10430416E-02-1.86876761E-05-3.23096730E-05-0.00000000E+00
 1  2-2.18674133E-03 1.62143241E-04 2.80278404E-04-0.00000000E+00-9.35643231E-04
 1  3-9.11567322E-04-1.08319752E-03 2.40512943E-05-0.00000000E+00-0.00000000E+00
 1  4 4.06144020E-01 1.10544005E-02 1.85207217E-05-3.23333073E-05-0.00000000E+00
 1  5-2.19002961E-03-1.60944780E-04 2.81041033E-04-0.00000000E+00-9.36442188E-04
 1  6-9.12464379E-04-1.08420384E-03-2.40419658E-05-0.00000000E+00-0.00000000E+00
 1  7 4.06648847E-01 1.10684471E-02 3.71716627E-05-7.50609642E-08-0.00000000E+00
 1  8-2.19534114E-03-3.23205103E-04 6.38643067E-07-0.00000000E+00-9.01479477E-04
 1  9-9.49464081E-04-1.08541630E-03 1.64713346E-08-0.00000000E+00-0.00000000E+00
 1 10 4.06664419E-01 1.10688354E-02 1.85768703E-05 3.22326508E-05-0.00000000E+00
 1 11-2.19364838E-03-1.61764662E-04-2.80642015E-04-0.00000000E+00-9.37642889E-04
 1 12-9.13623646E-04-1.08548887E-03 2.40374727E-05-0.00000000E+00-0.00000000E+00
 1 13 4.06462286E-01 1.10632679E-02-1.86899105E-05 3.21585799E-05-0.00000000E+00
 1 14-2.19389261E-03 1.62408287E-04-2.79460483E-04-0.00000000E+00-9.37074581E-04
 1 15-9.13053320E-04-1.08495845E-03-2.39836476E-05-0.00000000E+00-0.00000000E+00
 1 16 4.05916799E-01 1.10480810E-02-3.72968981E-05-9.82927829E-08-0.00000000E+00
 1 17-2.18789597E-03 3.24008433E-04 8.98893486E-07-0.00000000E+00-8.99946633E-04
 1 18-9.48023310E-04-1.08365114E-03-2.96800623E-08-0.00000000E+00-0.00000000E+00
 1 19-1.06720552E-04 8.29701570E-04-1.06842242E-04 8.30430835E-04-1.06851927E-04
 1 20 8.30556337E-04-1.06668768E-04 8.29344191E-04-1.06795517E-04 8.30123679E-04
 1 21-1.06638684E-04 8.28997456E-04
 2  1-5.48967086E-02-1.52601009E-03 1.15103918E-04-7.59384122E-05 0.00000000E+00
 2  2 4.73514008E-04-1.04748734E-03 6.30179847E-04 0.00000000E+00 1.36909652E-04
 2  3 9.55958338E-05 1.34503665E-04 1.73157660E-05 0.00000000E+00 0.00000000E+00
 2  4-5.22725673E-01-1.45305317E-02 8.88302903E-05-3.90294761E-05 0.00000000E+00
 2  5 4.51375867E-03-5.47320211E-04-7.16874371E-05 0.00000000E+00 1.08465067E-03
 2  6 1.12844835E-03 1.28071813E-03-1.92554251E-05 0.00000000E+00 0.00000000E+00
 2  7-4.68058360E-01-1.30109509E-02 7.01026939E-05-8.03034728E-05 0.00000000E+00
 2  8 4.04397745E-03-1.90050156E-04 7.13048920E-04 0.00000000E+00 1.01338601E-03
 2  9 9.67768750E-04 1.14673341E-03 1.71096795E-05 0.00000000E+00 0.00000000E+00
 2 10 5.51084017E-02 1.53184384E-03 1.15168367E-04-7.60080683E-05 0.00000000E+00
 2 11-4.75891026E-04-1.04814273E-03 6.30819247E-04 0.00000000E+00-1.37353886E-04
 2 12-9.58992139E-05-1.35026548E-04-1.73965399E-05 0.00000000E+00 0.00000000E+00
 2 13 5.23142789E-01 1.45421188E-02 8.88246978E-05-3.91554800E-05 0.00000000E+00
 2 14-4.51961539E-03-5.47168019E-04-7.06406645E-05 0.00000000E+00-1.08531419E-03
 2 15-1.12908589E-03-1.28171149E-03 1.93759477E-05 0.00000000E+00 0.00000000E+00
 2 16 4.67736975E-01 1.30019009E-02 6.99453994E-05-8.03286992E-05 0.00000000E+00
 2 17-4.03739425E-03-1.88748064E-04 7.13301895E-04 0.00000000E+00-1.01294064E-03
 2 18-9.67564696E-04-1.14604050E-03-1.71421600E-05 0.00000000E+00 0.00000000E+00
 2 19 1.19718027E-04-8.32484608E-04 1.07164216E-04-7.45420186E-04-1.26148371E-05
 2 20 8.78108836E-05-1.07130145E-04 7.45006753E-04-1.19787176E-04 8.33147324E-04
 2 21 1.25725651E-05-8.74400368E-05
 3  1 5.72264145E-01 1.59073338E-02 5.42217962E-05 6.74518564E-05-0.00000000E+00
 3  2-4.93927751E-03-2.17044491E-04-1.41009691E-04-0.00000000E+00-1.19552087E-03
 3  3-1.22748656E-03-1.40220115E-03-2.63522296E-05-0.00000000E+00-0.00000000E+00
 3  4 2.38875417E-01 6.64002501E-03 9.11451916E-05 9.38489790E-05-0.00000000E+00
 3  5-2.06391224E-03-9.19244783E-04-6.42875154E-04-0.00000000E+00-5.19872126E-04
 3  6-4.91224774E-04-5.85300540E-04 2.50247028E-05-0.00000000E+00-0.00000000E+00
 3  7-3.33361035E-01-9.26688036E-03 4.99902668E-05 1.12652868E-04-0.00000000E+00
 3  8 2.88136161E-03-1.35980957E-04-1.00032453E-03-0.00000000E+00 7.21771457E-04
 3  9 6.89262109E-04 8.16657823E-04-2.40607638E-05-0.00000000E+00-0.00000000E+00
 3 10-5.71770608E-01-1.58940348E-02 5.43104665E-05 6.75579147E-05-0.00000000E+00
 3 11 4.93897140E-03-2.17831134E-04-1.41880464E-04-0.00000000E+00 1.19412949E-03
 3 12 1.22623910E-03 1.40079693E-03 2.64200050E-05-0.00000000E+00-0.00000000E+00
 3 13-2.37973817E-01-6.61531800E-03 9.11718263E-05 9.38552954E-05-0.00000000E+00
 3 14 2.05670674E-03-9.19482530E-04-6.42989708E-04-0.00000000E+00 5.18034531E-04
 3 15 4.89339251E-04 5.82967581E-04-2.50311536E-05-0.00000000E+00-0.00000000E+00
 3 16 3.34061597E-01 9.28595967E-03 4.99276278E-05 1.12605691E-04-0.00000000E+00
 3 17-2.88516170E-03-1.35426798E-04-9.99827811E-04-0.00000000E+00-7.23327869E-04
 3 18-6.90891653E-04-8.18532035E-04 2.39932134E-05-0.00000000E+00-0.00000000E+00
 3 19-5.47114708E-05 3.80501993E-04 7.63347821E-05-5.30678365E-04 1.30914816E-04
 3 20-9.10537537E-04-7.65163458E-05 5.32108553E-04 5.44970877E-05-3.78770346E-04
 3 21-1.31065680E-04 9.11660310E-04
 4  1-5.41229611E-02-1.51533922E-03-1.15452701E-04 4.46599618E-05-0.00000000E+00
 4  2 9.15914201E-04 1.13031056E-03-4.71408782E-04-0.00000000E+00-3.94537933E-05
 4  3 1.83612257E-04 1.24449060E-04-5.48841241E-05-0.00000000E+00-0.00000000E+00
 4  4 5.22960494E-01 1.46417613E-02-4.77973418E-05 1.85000416E-04-0.00000000E+00
 4  5-8.84421812E-03 3.16575530E-04-1.56339365E-03-0.00000000E+00-6.69431026E-04
 4  6-7.23438737E-04-1.20256967E-03 1.70254308E-04-0.00000000E+00-0.00000000E+00
 4  7-4.68609689E-01-1.31200930E-02 1.65038915E-04 7.11390383E-05-0.00000000E+00
 4  8 7.92778859E-03-1.35590038E-03-7.06411708E-04-0.00000000E+00 7.50383873E-04
 4  9 4.97201971E-04 1.07753507E-03-8.08423615E-05-0.00000000E+00-0.00000000E+00
 4 10-5.39171904E-02-1.50952871E-03 1.15326504E-04-4.46684906E-05-0.00000000E+00
 4 11 9.10965837E-04-1.12874319E-03 4.72268927E-04-0.00000000E+00-3.96906963E-05
 4 12 1.83306932E-04 1.24003569E-04-5.49210505E-05-0.00000000E+00-0.00000000E+00
 4 13 5.22528371E-01 1.46296389E-02 4.76827170E-05-1.84946437E-04-0.00000000E+00
 4 14-8.83728708E-03-3.15213085E-04 1.56229926E-03-0.00000000E+00-6.68710402E-04
 4 15-7.22650977E-04-1.20156394E-03 1.70214241E-04-0.00000000E+00-0.00000000E+00
 4 16-4.68913685E-01-1.31284745E-02-1.65045048E-04-7.11080166E-05-0.00000000E+00
 4 17 7.92725034E-03 1.35457291E-03 7.06125728E-04-0.00000000E+00 7.51181377E-04
 4 18 4.98027570E-04 1.07834687E-03-8.08285781E-05-0.00000000E+00-0.00000000E+00
 4 19-7.58372232E-05 7.69074924E-04 6.79294499E-05-6.89103762E-04 7.80234012E-06
 4 20-7.94149518E-05 6.79838931E-05-6.89822060E-04-7.57188761E-05 7.68613359E-04
 4 21 7.86296321E-06-7.95110103E-05
 5  1 5.72243058E-01 1.60212717E-02 9.06835119E-05 1.80170466E-04 0.00000000E+00
 5  2-9.66923654E-03-7.25852506E-04-1.48659607E-03 0.00000000E+00-6.94941733E-04
 5  3-8.29743951E-04-1.31606661E-03-1.61029662E-04 0.00000000E+00 0.00000000E+00
 5  4-2.38951156E-01-6.68992745E-03 1.38758291E-04-1.70112609E-05 0.00000000E+00
 5  5 4.03536526E-03-1.30407718E-03 4.10485413E-05 0.00000000E+00 1.90843482E-04
 5  6 4.45739454E-04 5.49576533E-04-1.09358406E-06 0.00000000E+00 0.00000000E+00
 5  7-3.33296665E-01-9.33181552E-03 1.17429627E-04-1.00079626E-04 0.00000000E+00
 5  8 5.64429506E-03-9.67502302E-04 9.93905159E-04 0.00000000E+00 5.33564866E-04
 5  9 3.53471535E-04 7.66276072E-04 1.13786067E-04 0.00000000E+00 0.00000000E+00
 5 10 5.72735372E-01 1.60355180E-02-9.08829542E-05-1.80444565E-04 0.00000000E+00
 5 11-9.69349078E-03 7.30766184E-04 1.49452609E-03 0.00000000E+00-6.94833088E-04
 5 12-8.29868797E-04-1.31689274E-03-1.61244698E-04 0.00000000E+00 0.00000000E+00
 5 13-2.39865065E-01-6.71593032E-03-1.38935288E-04 1.73718469E-05 0.00000000E+00
 5 14 4.06329603E-03 1.30863361E-03-4.93863666E-05 0.00000000E+00 1.91631956E-04
 5 15 4.46770552E-04 5.51446224E-04-1.34517214E-06 0.00000000E+00 0.00000000E+00
 5 16-3.32607142E-01-9.31208002E-03-1.17067503E-04 1.00143022E-04 0.00000000E+00
 5 17 5.61835807E-03 9.58107005E-04-9.94423189E-04 0.00000000E+00 5.32901318E-04
 5 18 3.53281537E-04 7.64961847E-04 1.13795348E-04 0.00000000E+00 0.00000000E+00
 5 19 3.45524185E-05-3.52100519E-04 4.83857763E-05-4.89494408E-04-8.31011836E-05
 5 20 8.41708618E-04 4.81389753E-05-4.89860200E-04 3.48496042E-05-3.52085515E-04
 5 21-8.28981252E-05 8.42384884E-04
 6  1 4.07272476E-01 1.16702263E-02 1.07197629E-04 1.85733996E-04 0.00000000E+00
 6  2-1.51800447E-02-2.73631490E-03-4.74009069E-03 0.00000000E+00-1.94822476E-04
 6  3-3.32637230E-04-7.83553777E-04-1.37874492E-04 0.00000000E+00 0.00000000E+00
 6  4-4.06867394E-01-1.16588795E-02 1.07255033E-04-1.85543744E-04 0.00000000E+00
 6  5 1.51735239E-02-2.73704572E-03 4.73850021E-03 0.00000000E+00 1.94188332E-04
 6  6 3.32124784E-04 7.82617780E-04-1.37699998E-04 0.00000000E+00 0.00000000E+00
 6  7 4.06361635E-01 1.16447218E-02-2.14144318E-04-6.96876407E-08 0.00000000E+00
 6  8-1.51652358E-02 5.47076184E-03 7.17454784E-07 0.00000000E+00-4.00087305E-04
 6  9-1.24829057E-04-7.81442367E-04 8.45034589E-08 0.00000000E+00 0.00000000E+00
 6 10-4.06344184E-01-1.16441826E-02 1.07076215E-04 1.85406456E-04 0.00000000E+00
 6 11 1.51637619E-02-2.73538612E-03-4.73737900E-03 0.00000000E+00 1.93708431E-04
 6 12 3.31350123E-04 7.81421829E-04 1.37576131E-04 0.00000000E+00 0.00000000E+00
 6 13 4.06559126E-01 1.16502608E-02 1.07029699E-04-1.85568336E-04 0.00000000E+00
 6 14-1.51687931E-02-2.73491327E-03 4.73882029E-03 0.00000000E+00-1.93948683E-04
 6 15-3.31463520E-04-7.81893642E-04 1.37751193E-04 0.00000000E+00 0.00000000E+00
 6 16-4.07101867E-01-1.16654554E-02-2.14394567E-04 8.65053374E-08 0.00000000E+00
 6 17 1.51773777E-02 5.47282161E-03-8.17596712E-07 0.00000000E+00 4.01307281E-04
 6 18 1.25665485E-04 7.83163955E-04 9.13524831E-08 0.00000000E+00 0.00000000E+00
 6 19 1.44993325E-04 2.01229158E-04-1.44913157E-04-2.01968580E-04 1.44926439E-04
 6 20 2.01977369E-04 1.45027900E-04 2.00880445E-04-1.44937472E-04-2.01680286E-04
 6 21-1.45052383E-04-2.00612322E-04
 7  1-9.23553069E-02 1.75210579E-01 2.97715482E-02 5.15674646E-02-0.00000000E+00
 7  2 1.11715525E-01 3.37470361E-03 5.84510953E-03-0.00000000E+00 7.64546432E-03
 7  3 6.23834164E-03-8.35010742E-03-1.40720503E-03-0.00000000E+00-0.00000000E+00
 7  4-9.23546744E-02 1.75209657E-01-2.97727158E-02 5.15674668E-02-0.00000000E+00
 7  5 1.11712837E-01-3.37379978E-03 5.84330241E-03-0.00000000E+00 7.64534358E-03
 7  6 6.23822131E-03-8.34999525E-03 1.40706002E-03-0.00000000E+00-0.00000000E+00
 7  7-9.23537976E-02 1.75207879E-01-5.95443855E-02-1.98119395E-06-0.00000000E+00
 7  8 1.11713436E-01-6.74869074E-03-1.22201882E-07-0.00000000E+00 5.53465684E-03
 7  9 8.34892385E-03-8.34994332E-03 1.32003196E-07-0.00000000E+00-0.00000000E+00
 7 10-9.23534187E-02 1.75207202E-01-2.97723881E-02-5.15663095E-02-0.00000000E+00
 7 11 1.11712354E-01-3.37430459E-03-5.84463885E-03-0.00000000E+00 7.64541450E-03
 7 12 6.23820543E-03-8.34993226E-03-1.40701899E-03-0.00000000E+00-0.00000000E+00
 7 13-9.23545994E-02 1.75209450E-01 2.97717725E-02-5.15680735E-02-0.00000000E+00
 7 14 1.11714013E-01 3.37412422E-03-5.84402228E-03-0.00000000E+00 7.64525710E-03
 7 15 6.23831384E-03-8.35001952E-03 1.40723949E-03-0.00000000E+00-0.00000000E+00
 7 16-9.23553692E-02 1.75210864E-01 5.95453857E-02 5.17340798E-07-0.00000000E+00
 7 17 1.11714027E-01 6.74767211E-03 4.68703163E-08-0.00000000E+00 5.53471616E-03
 7 18 8.34893433E-03-8.35004404E-03-1.79961730E-08-0.00000000E+00-0.00000000E+00
 7 19 3.50297987E-02 3.68637133E-03 3.50294813E-02 3.68683286E-03 3.50297140E-02
 7 20 3.68698457E-03 3.50300453E-02 3.68650708E-03 3.50294706E-02 3.68657261E-03
 7 21 3.50305155E-02 3.68718664E-03
 8  1-1.31844211E-02 2.54202242E-02 1.00350615E-01-5.46884456E-02 0.00000000E+00
 8  2 1.97546482E-02 1.43791811E-02-8.85071955E-03 0.00000000E+00 9.80340759E-03
 8  3-8.00632810E-03-1.04767771E-03 5.74687063E-03 0.00000000E+00 0.00000000E+00
 8  4-1.17050169E-01 2.25678912E-01 2.81257846E-02 4.50796067E-02 0.00000000E+00
 8  5 1.75378972E-01 8.11057519E-03-1.92056789E-04 0.00000000E+00 4.98242282E-03
 8  6 1.09707439E-02-9.30126413E-03 3.68126162E-03 0.00000000E+00 0.00000000E+00
 8  7-1.03865210E-01 2.00257721E-01-2.21629886E-02-6.73542921E-02 0.00000000E+00
 8  8 1.55624168E-01 3.74571479E-03-9.94988797E-03 0.00000000E+00 5.95643024E-03
 8  9 8.19976254E-03-8.25353245E-03 6.94365759E-03 0.00000000E+00 0.00000000E+00
 8 10 1.31845944E-02-2.54206078E-02 1.00348824E-01-5.46869595E-02 0.00000000E+00
 8 11-1.97548546E-02 1.43788177E-02-8.85053145E-03 0.00000000E+00-9.80322025E-03
 8 12 8.00632792E-03 1.04767891E-03-5.74690431E-03 0.00000000E+00 0.00000000E+00
 8 13 1.17048887E-01-2.25676483E-01 2.81259558E-02 4.50800154E-02 0.00000000E+00
 8 14-1.75377338E-01 8.11052222E-03-1.91741222E-04 0.00000000E+00-4.98244021E-03
 8 15-1.09706092E-02 9.30117711E-03-3.68135129E-03 0.00000000E+00 0.00000000E+00
 8 16 1.03865223E-01-2.00257577E-01-2.21629784E-02-6.73527704E-02 0.00000000E+00
 8 17-1.55623585E-01 3.74601760E-03-9.94981878E-03 0.00000000E+00-5.95643831E-03
 8 18-8.19975292E-03 8.25352477E-03-6.94351850E-03 0.00000000E+00 0.00000000E+00
 8 19 6.94415071E-02 1.36114405E-02 6.16193733E-02 1.20783666E-02-7.82202112E-03
 8 20-1.53320807E-03-6.16193634E-02-1.20782819E-02-6.94402211E-02-1.36113175E-02
 8 21 7.82204732E-03 1.53326773E-03
 9  1 1.27544729E-01-2.45913022E-01-3.37798422E-03-2.94731312E-02 0.00000000E+00
 9  2-1.91104040E-01 3.81085362E-03 3.11125639E-03 0.00000000E+00-8.46723155E-03
 9  3-8.91637923E-03 1.01351993E-02 1.98609679E-03 0.00000000E+00 0.00000000E+00
 9  4 5.23532890E-02-1.00939892E-01 9.63861715E-02 4.27499279E-02 0.00000000E+00
 9  5-7.84419425E-02 1.24700718E-02 9.38020385E-03 0.00000000E+00-1.19572527E-02
 9  6 4.82163325E-03 4.16018103E-03 4.83911411E-03 0.00000000E+00 0.00000000E+00
 9  7-7.51905335E-02 1.44971431E-01-1.60445165E-02 9.30366902E-02 0.00000000E+00
 9  8 1.12659643E-01 2.71192760E-03 1.37446980E-02 0.00000000E+00 4.31227461E-03
 9  9 5.93598785E-03-5.97492003E-03-9.59143352E-03 0.00000000E+00 0.00000000E+00
 9 10-1.27545561E-01 2.45914713E-01-3.38053679E-03-2.94729720E-02 0.00000000E+00
 9 11 1.91106077E-01 3.81042557E-03 3.11064062E-03 0.00000000E+00 8.46744191E-03
 9 12 8.91643247E-03-1.01352856E-02-1.98589164E-03 0.00000000E+00 0.00000000E+00
 9 13-5.23552029E-02 1.00943692E-01 9.63870464E-02 4.27498517E-02 0.00000000E+00
 9 14 7.84444186E-02 1.24696982E-02 9.38092870E-03 0.00000000E+00 1.19574156E-02
 9 15-4.82171077E-03-4.16029715E-03-4.83900923E-03 0.00000000E+00 0.00000000E+00
 9 16 7.51901533E-02-1.44970615E-01-1.60445164E-02 9.30384757E-02 0.00000000E+00
 9 17-1.12658609E-01 2.71253135E-03 1.37448517E-02 0.00000000E+00-4.31217854E-03
 9 18-5.93577030E-03 5.97485783E-03 9.59156521E-03 0.00000000E+00 0.00000000E+00
 9 19-3.10597007E-02-6.08823872E-03 4.46082623E-02 8.74401919E-03 7.56694464E-02
 9 20 1.48328443E-02-4.46079538E-02-8.74368093E-03 3.10603004E-02 6.08805573E-03
 9 21-7.56691083E-02-1.48325514E-02
10  1-9.90130527E-02 1.97686695E-01-5.32896468E-03-7.03304798E-02-0.00000000E+00
10  2 1.66284329E-01-2.18521279E-02-5.33803786E-02-0.00000000E+00 4.63597970E-03
10  3 6.81121674E-03-7.04745329E-03 5.83702391E-03-0.00000000E+00-0.00000000E+00
10  4 3.66266623E-02-7.31278584E-02-1.77528193E-01-7.53439573E-02-0.00000000E+00
10  5-6.15112288E-02-5.27060273E-02-6.01692994E-03-0.00000000E+00 7.39770019E-03
10  6-1.16320609E-02 2.60692056E-03-3.91580295E-03-0.00000000E+00-0.00000000E+00
10  7 6.23861722E-02-1.24558589E-01-4.00547187E-02 1.60865359E-01-0.00000000E+00
10  8-1.04772384E-01-3.60119915E-02 4.08879819E-02-0.00000000E+00-6.70698200E-03
10  9-5.05416326E-04 4.44045027E-03-9.64169844E-03-0.00000000E+00-0.00000000E+00
10 10-9.90132872E-02 1.97687309E-01 5.32857684E-03 7.03304896E-02-0.00000000E+00
10 11 1.66285030E-01 2.18522792E-02 5.33802200E-02-0.00000000E+00 4.63598101E-03
10 12 6.81122550E-03-7.04747289E-03 5.83715431E-03-0.00000000E+00-0.00000000E+00
10 13 3.66270631E-02-7.31287292E-02 1.77528975E-01 7.53450326E-02-0.00000000E+00
10 14-6.15115851E-02 5.27066381E-02 6.01688897E-03-0.00000000E+00 7.39759711E-03
10 15-1.16320957E-02 2.60697378E-03-3.91569617E-03-0.00000000E+00-0.00000000E+00
10 16 6.23861371E-02-1.24558342E-01 4.00547740E-02-1.60866826E-01-0.00000000E+00
10 17-1.04772336E-01 3.60118262E-02-4.08882603E-02-0.00000000E+00-6.70705278E-03
10 18-5.05542389E-04 4.44044871E-03-9.64176202E-03-0.00000000E+00-0.00000000E+00
10 19-4.11463103E-02-1.28203846E-02-7.00848722E-02-2.18373376E-02 1.11234359E-01
10 20 3.46590833E-02-7.00849142E-02-2.18374573E-02-4.11468223E-02-1.28205560E-02
10 21 1.11234073E-01 3.46589584E-02
11  1 1.48720638E-02-2.96931996E-02 1.80916782E-01-9.34253859E-02-0.00000000E+00
11  2-2.49763248E-02 4.90638591E-02-1.84137009E-02-0.00000000E+00 8.65260766E-03
11  3-1.03718898E-02 1.05851924E-03 5.35597009E-03-0.00000000E+00-0.00000000E+00
11  4-9.31836500E-02 1.86047803E-01-3.52449847E-02-8.94329098E-02-0.00000000E+00
11  5 1.56494828E-01 1.03328135E-02-5.61456080E-02-0.00000000E+00 6.45291188E-03
11  6 4.32041981E-03-6.63251021E-03-6.88659586E-03-0.00000000E+00-0.00000000E+00
11  7 7.83123782E-02-1.56356200E-01-5.02800092E-02-1.28151868E-01-0.00000000E+00
11  8-1.31520614E-01-4.52047169E-02-3.25738881E-02-0.00000000E+00-8.41979207E-03
11  9-6.34337129E-04 5.57404632E-03 7.68076653E-03-0.00000000E+00-0.00000000E+00
11 10 1.48721983E-02-2.96934695E-02-1.80915822E-01 9.34237163E-02-0.00000000E+00
11 11-2.49764163E-02-4.90638053E-02 1.84133616E-02-0.00000000E+00 8.65258181E-03
11 12-1.03721892E-02 1.05853509E-03 5.35608430E-03-0.00000000E+00-0.00000000E+00
11 13-9.31838618E-02 1.86048238E-01 3.52427870E-02 8.94303240E-02-0.00000000E+00
11 14 1.56495431E-01-1.03340482E-02 5.61448509E-02-0.00000000E+00 6.45298570E-03
11 15 4.32030209E-03-6.63249487E-03-6.88636921E-03-0.00000000E+00-0.00000000E+00
11 16 7.83109791E-02-1.56353273E-01 5.02785047E-02 1.28154444E-01-0.00000000E+00
11 17-1.31517380E-01 4.52044956E-02 3.25738091E-02-0.00000000E+00-8.41953133E-03
11 18-6.34271138E-04 5.57392505E-03 7.68094545E-03-0.00000000E+00-0.00000000E+00
11 19 1.04684599E-01 3.26185401E-02-8.79781219E-02-2.74133801E-02-1.67081152E-02
11 20-5.20611471E-03-8.79761927E-02-2.74123952E-02 1.04683454E-01 3.26182318E-02
11 21-1.67074541E-02-5.20572336E-03
12  1 7.69421398E-03-1.34387440E-02 9.68724960E-02 1.67791270E-01 0.00000000E+00
12  2-3.37082917E-02 3.56871453E-02 6.18130161E-02 0.00000000E+00-1.23750185E-03
12  3-3.97354636E-03 5.85951008E-04-2.73596179E-03 0.00000000E+00 0.00000000E+00
12  4 7.69648700E-03-1.34431735E-02-9.68759134E-02 1.67790867E-01 0.00000000E+00
12  5-3.37125213E-02-3.56890638E-02 6.18146399E-02 0.00000000E+00-1.23754768E-03
12  6-3.97381578E-03 5.86082487E-04 2.73601926E-03 0.00000000E+00 0.00000000E+00
12  7 7.69522743E-03-1.34407810E-02-1.93745606E-01-4.89300034E-07 0.00000000E+00
12  8-3.37103617E-02-7.13756990E-02 7.74742601E-09 0.00000000E+00-5.34147248E-03
12  9 1.30278327E-04 5.85990847E-04-5.17949335E-08 0.00000000E+00 0.00000000E+00
12 10 7.69580295E-03-1.34419627E-02-9.68724198E-02-1.67790885E-01 0.00000000E+00
12 11-3.37107626E-02-3.56876587E-02-6.18137795E-02 0.00000000E+00-1.23738413E-03
12 12-3.97368720E-03 5.86062285E-04-2.73615496E-03 0.00000000E+00 0.00000000E+00
12 13 7.69549284E-03-1.34411013E-02 9.68750075E-02-1.67786635E-01 0.00000000E+00
12 14-3.37117585E-02 3.56886815E-02-6.18124302E-02 0.00000000E+00-1.23782295E-03
12 15-3.97340538E-03 5.85980828E-04 2.73578595E-03 0.00000000E+00 0.00000000E+00
12 16 7.69644117E-03-1.34431577E-02 1.93748862E-01-8.11783681E-07 0.00000000E+00
12 17-3.37123009E-02 7.13777973E-02-1.64575743E-08 0.00000000E+00-5.34178239E-03
12 18 1.30373027E-04 5.86064716E-04-2.39502122E-07 0.00000000E+00 0.00000000E+00
12 19-1.11034613E-01-6.62692354E-02-1.11031662E-01-6.62676804E-02-1.11033321E-01
12 20-6.62685384E-02-1.11034580E-01-6.62690831E-02-1.11031157E-01-6.62676746E-02
12 21-1.11032063E-01-6.62682708E-02
13  1-5.60580196E-02 1.15405817E-01-6.57321260E-02-1.13859568E-01-0.00000000E+00
13  2 5.81093621E-02-6.49294987E-02-1.12465002E-01-0.00000000E+00-4.76796536E-03
13  3 1.09814739E-02-3.46624718E-03 1.57490662E-02-0.00000000E+00-0.00000000E+00
13  4 5.60585224E-02-1.15407038E-01-6.57326085E-02 1.13847341E-01-0.00000000E+00
13  5-5.81110932E-02-6.49306528E-02 1.12460727E-01-0.00000000E+00 4.76778127E-03
13  6-1.09810792E-02 3.46616978E-03 1.57488252E-02-0.00000000E+00-0.00000000E+00
13  7-5.60583037E-02 1.15406423E-01 1.31466837E-01 4.78535516E-06-0.00000000E+00
13  8 5.81111354E-02 1.29860588E-01 2.08883283E-06-0.00000000E+00 1.88556577E-02
13  9-1.26422786E-02-3.46620767E-03 7.16943904E-08-0.00000000E+00-0.00000000E+00
13 10 5.60578275E-02-1.15405742E-01-6.57333265E-02-1.13855000E-01-0.00000000E+00
13 11-5.81096366E-02-6.49299421E-02-1.12463302E-01-0.00000000E+00 4.76812932E-03
13 12-1.09815020E-02 3.46620164E-03-1.57489537E-02-0.00000000E+00-0.00000000E+00
13 13-5.60589515E-02 1.15407671E-01-6.57323699E-02 1.13850520E-01-0.00000000E+00
13 14 5.81120050E-02-6.49313071E-02 1.12461771E-01-0.00000000E+00-4.76736401E-03
13 15 1.09807953E-02-3.46621125E-03-1.57489428E-02-0.00000000E+00-0.00000000E+00
13 16 5.60586913E-02-1.15407326E-01 1.31461898E-01 4.96659341E-06-0.00000000E+00
13 17-5.81110931E-02 1.29859833E-01 2.05288572E-06-0.00000000E+00-1.88554865E-02
13 18 1.26421744E-02 3.46616332E-03-1.47206818E-08-0.00000000E+00-0.00000000E+00
13 19-1.36172168E-01-6.66369333E-02 1.36175140E-01 6.66396486E-02-1.36175768E-01
13 20-6.66391413E-02-1.36172708E-01-6.66373807E-02 1.36173657E-01 6.66386405E-02
13 21 1.36177735E-01 6.66408582E-02
14  1 4.74905733E-07-1.10069641E-06 2.35667703E-01-1.36061593E-01-0.00000000E+00
14  2-1.52014019E-08 8.30847876E-02-4.79677493E-02-0.00000000E+00 7.30160584E-03
14  3-7.30148679E-03 3.70923892E-08 4.86776298E-03-0.00000000E+00-0.00000000E+00
14  4 8.13582897E-08-1.78959816E-07-2.35666329E-01-1.36064819E-01-0.00000000E+00
14  5-9.49725350E-07-8.30835996E-02-4.79705381E-02-0.00000000E+00 7.30194116E-03
14  6-7.30178794E-03 3.75562696E-08-4.86807408E-03-0.00000000E+00-0.00000000E+00
14  7 4.15094978E-07-9.74971881E-07-1.18753791E-06 2.72125636E-01-0.00000000E+00
14  8 9.79387532E-07-1.54720346E-06 9.59370042E-02-0.00000000E+00 3.70681884E-07
14  9-6.56290192E-08 4.12888746E-08-9.73579550E-03-0.00000000E+00-0.00000000E+00
14 10-6.87856145E-07 1.47141089E-06 2.35667545E-01-1.36060038E-01-0.00000000E+00
14 11 1.60115067E-06 8.30852038E-02-4.79677683E-02-0.00000000E+00-7.30169896E-03
14 12 7.30185286E-03-4.74557115E-08-4.86768811E-03-0.00000000E+00-0.00000000E+00
14 13 7.11419124E-07-1.27652428E-06-2.35664253E-01-1.36068746E-01-0.00000000E+00
14 14-1.43091869E-06-8.30824401E-02-4.79717515E-02-0.00000000E+00-7.30185780E-03
14 15 7.30151810E-03-9.02204921E-09 4.86817689E-03-0.00000000E+00-0.00000000E+00
14 16-6.18343494E-07 1.32709083E-06-2.37421167E-06 2.72126448E-01-0.00000000E+00
14 17 6.93052767E-07-1.72575656E-06 9.59372894E-02-0.00000000E+00-8.79494635E-08
14 18 3.69524655E-08-5.27336482E-08 9.73596816E-03-0.00000000E+00-0.00000000E+00
14 19 1.35240710E-06 7.41770602E-07 5.14405383E-07 8.68158825E-07 1.09558449E-06
14 20 7.27222881E-07 5.55017745E-07 3.23150595E-08-3.81752295E-06-2.61431125E-06
14 21 4.70825144E-08 2.58035443E-07
15  1-1.71519111E-03 3.82253080E-03 8.63997596E-02-2.14023367E-02 0.00000000E+00
15  2 2.51476603E-03 3.08766547E-02-5.24691218E-03 0.00000000E+00 1.11650135E-02
15  3-1.18136717E-02-5.94014243E-06 6.25703271E-03 0.00000000E+00 0.00000000E+00
15  4-1.84648342E-02 4.11534974E-02-1.01182908E-01 2.48276041E-01 0.00000000E+00
15  5 2.70643537E-02-4.78048768E-02 1.07870960E-01 0.00000000E+00-2.50810959E-03
15  6-4.47669285E-03-6.22239445E-05 1.44504020E-02 0.00000000E+00 0.00000000E+00
15  7-1.67505592E-02 3.73325101E-02-2.40932021E-01-4.90101837E-02 0.00000000E+00
15  8 2.45523934E-02-1.06422134E-01-1.68266132E-02 0.00000000E+00-1.34453942E-02
15  9 7.10947150E-03-5.66027391E-05 8.37648091E-03 0.00000000E+00 0.00000000E+00
15 10 1.71513986E-03-3.82258272E-03 8.63969973E-02-2.13956600E-02 0.00000000E+00
15 11-2.51337945E-03 3.08755537E-02-5.24474053E-03 0.00000000E+00-1.11646963E-02
15 12 1.18135137E-02 5.91738479E-06-6.25655090E-03 0.00000000E+00 0.00000000E+00
15 13 1.84648705E-02-4.11536081E-02-1.01181469E-01 2.48270106E-01 0.00000000E+00
15 14-2.70647125E-02-4.78047889E-02 1.07868766E-01 0.00000000E+00 2.50844714E-03
15 15 4.47616112E-03 6.22880169E-05-1.44499862E-02 0.00000000E+00 0.00000000E+00
15 16 1.67504706E-02-3.73324198E-02-2.40934332E-01-4.90043998E-02 0.00000000E+00
15 17-2.45518147E-02-1.06423236E-01-1.68247119E-02 0.00000000E+00 1.34456127E-02
15 18-7.10952593E-03 5.65952490E-05-8.37608229E-03 0.00000000E+00 0.00000000E+00
15 19-1.48961636E-01-1.15272092E-01-1.35123230E-01-1.04564105E-01 1.38350723E-02
15 20 1.07064860E-02 1.35124936E-01 1.04565424E-01 1.48957512E-01 1.15269283E-01
15 21-1.38322765E-02-1.07042110E-02
16  1-2.03332347E-02 4.53171430E-02 1.39974010E-01 2.56871878E-01 0.00000000E+00
16  2 2.98040295E-02 6.24417421E-02 1.13106657E-01 0.00000000E+00 1.46762208E-03
16  3-9.15806261E-03-6.86149368E-05-1.30911702E-02 0.00000000E+00 0.00000000E+00
16  4-8.68037346E-03 1.93462414E-02-1.29694927E-01 6.92990530E-02 0.00000000E+00
16  5 1.27263922E-02-5.06713892E-02 3.44332321E-02 0.00000000E+00 1.09780867E-02
16  6-1.42617277E-02-2.93802717E-05-1.31131225E-03 0.00000000E+00 0.00000000E+00
16  7 1.16507850E-02-2.59664184E-02 1.67587224E-01-7.04567665E-02 0.00000000E+00
16  8-1.70809379E-02 7.40279778E-02-2.41899359E-02 0.00000000E+00 9.35228892E-03
16  9-4.94519830E-03 3.93321834E-05 1.20429813E-02 0.00000000E+00 0.00000000E+00
16 10 2.03329308E-02-4.53165847E-02 1.39977627E-01 2.56876271E-01 0.00000000E+00
16 11-2.98032889E-02 6.24432296E-02 1.13108962E-01 0.00000000E+00-1.46791739E-03
16 12 9.15836874E-03 6.85743605E-05 1.30914411E-02 0.00000000E+00 0.00000000E+00
16 13 8.68020012E-03-1.93459813E-02-1.29700149E-01 6.92975997E-02 0.00000000E+00
16 14-1.27254598E-02-5.06734276E-02 3.44328024E-02 0.00000000E+00-1.09782189E-02
16 15 1.42620821E-02 2.93766204E-05 1.31129548E-03 0.00000000E+00 0.00000000E+00
16 16-1.16505223E-02 2.59660099E-02 1.67590029E-01-7.04532580E-02 0.00000000E+00
16 17 1.70791420E-02 7.40290260E-02-2.41883925E-02 0.00000000E+00-9.35256171E-03
16 18 4.94522035E-03-3.93077033E-05-1.20428570E-02 0.00000000E+00 0.00000000E+00
16 19-7.00280220E-02-5.41899305E-02 9.39892443E-02 7.27322881E-02 1.64016093E-01
16 20 1.26922729E-01-9.39913332E-02-7.27338265E-02 7.00292582E-02 5.41910802E-02
16 21-1.64012321E-01-1.26920176E-01
17  1 4.64227082E-03-1.52673536E-02-1.19215293E-01-1.88110214E-01-0.00000000E+00
17  2 5.41514059E-03-6.82363245E-02-1.10146700E-01-0.00000000E+00-7.57632970E-03
17  3 1.59157465E-02-8.80467516E-04 2.23692087E-02-0.00000000E+00-0.00000000E+00
17  4-2.17616055E-03 7.15771170E-03 1.43727253E-01 2.03456345E-01-0.00000000E+00
17  5-2.54189641E-03 5.53549130E-02 1.02078108E-01-0.00000000E+00-7.00213353E-03
17  6 3.09182550E-03 4.12774098E-04 1.75251975E-02-0.00000000E+00-0.00000000E+00
17  7-2.46565275E-03 8.10879472E-03-1.18174394E-01-2.17011099E-01-0.00000000E+00
17  8-2.87660412E-03-6.87793228E-02-9.49581957E-02-0.00000000E+00-1.42439167E-02
17  9 9.81481635E-03 4.67633927E-04 1.32479926E-02-0.00000000E+00-0.00000000E+00
17 10 4.64170214E-03-1.52659902E-02 1.19210299E-01 1.88105925E-01-0.00000000E+00
17 11 5.41611536E-03 6.82335009E-02 1.10144457E-01-0.00000000E+00-7.57608305E-03
17 12 1.59151959E-02-8.80462528E-04 2.23689188E-02-0.00000000E+00-0.00000000E+00
17 13-2.17706598E-03 7.15976457E-03-1.43721735E-01-2.03461124E-01-0.00000000E+00
17 14-2.53935284E-03-5.53522763E-02-1.02081066E-01-0.00000000E+00-7.00209915E-03
17 15 3.09164750E-03 4.12726267E-04 1.75252828E-02-0.00000000E+00-0.00000000E+00
17 16-2.46534883E-03 8.10818071E-03 1.18174795E-01 2.17012022E-01-0.00000000E+00
17 17-2.87772645E-03 6.87798261E-02 9.49581348E-02-0.00000000E+00-1.42440233E-02
17 18 9.81499764E-03 4.67644511E-04 1.32484100E-02-0.00000000E+00-0.00000000E+00
17 19-7.63554672E-02-6.75077413E-02-8.64842868E-02-7.64633302E-02 1.62838709E-01
17 20 1.43969025E-01-8.64850760E-02-7.64639383E-02-7.63583463E-02-6.75109047E-02
17 21 1.62842673E-01 1.43973061E-01
18  1-1.66791938E-04 5.48448432E-04-2.17609196E-01 1.34859351E-01-0.00000000E+00
18  2-1.94584752E-04-9.46427532E-02 6.00099005E-02-0.00000000E+00-1.14592413E-02
18  3 1.11597521E-02 3.15417837E-05-8.62405132E-03-0.00000000E+00-0.00000000E+00
18  4 4.10334151E-03-1.34953509E-02 2.02257804E-01-1.10348682E-01-0.00000000E+00
18  5 4.78850444E-03 1.02709205E-01-7.28910634E-02-0.00000000E+00-1.18189784E-02
18  6 1.91906173E-02-7.78290948E-04-1.63591221E-02-0.00000000E+00-0.00000000E+00
18  7-3.93724753E-03 1.29482838E-02-1.88710012E-01 1.35899928E-01-0.00000000E+00
18  8-4.59169414E-03-1.09833148E-01 5.94664948E-02-0.00000000E+00-2.27447098E-02
18  9 1.56724436E-02 7.46789607E-04-8.29712262E-03-0.00000000E+00-0.00000000E+00
18 10-1.66692576E-04 5.48220501E-04 2.17611230E-01-1.34863233E-01-0.00000000E+00
18 11-1.93214517E-04 9.46429853E-02-6.00129745E-02-0.00000000E+00-1.14594056E-02
18 12 1.11599995E-02 3.15759661E-05-8.62454126E-03-0.00000000E+00-0.00000000E+00
18 13 4.10355172E-03-1.34960051E-02-2.02261160E-01 1.10351950E-01-0.00000000E+00
18 14 4.78735809E-03-1.02711664E-01 7.28939703E-02-0.00000000E+00-1.18186583E-02
18 15 1.91905678E-02-7.78303943E-04-1.63597622E-02-0.00000000E+00-0.00000000E+00
18 16-3.93614080E-03 1.29458799E-02 1.88704520E-01-1.35898366E-01-0.00000000E+00
18 17-4.59503164E-03 1.09830956E-01-5.94650348E-02-0.00000000E+00-2.27444852E-02
18 18 1.56721781E-02 7.46772332E-04-8.29717404E-03-0.00000000E+00-0.00000000E+00
18 19 1.43946314E-01 1.27266660E-01-1.38101838E-01-1.22099691E-01-5.84802456E-03
18 20-5.16995398E-03-1.38099345E-01-1.22097088E-01 1.43949898E-01 1.27270115E-01
18 21-5.84617919E-03-5.16874732E-03
19  1            NaN            NaN            NaN            NaN            NaN
19  2            NaN            NaN            NaN            NaN            NaN
19  3            NaN            NaN            NaN            NaN            NaN
19  4            NaN            NaN            NaN            NaN            NaN
19  5            NaN            NaN            NaN            NaN            NaN
19  6            NaN            NaN            NaN            NaN            NaN
19  7            NaN            NaN            NaN            NaN            NaN
19  8            NaN            NaN            NaN            NaN            NaN
19  9            NaN            NaN            NaN            NaN            NaN
19 10            NaN            NaN            NaN            NaN            NaN
19 11            NaN            NaN            NaN            NaN            NaN
19 12            NaN            NaN            NaN            NaN            NaN
19 13            NaN            NaN            NaN            NaN            NaN
19 14            NaN            NaN            NaN            NaN            NaN
19 15            NaN            NaN            NaN            NaN            NaN
19 16            NaN            NaN            NaN            NaN            NaN
19 17            NaN            NaN            NaN            NaN            NaN
19 18            NaN            NaN            NaN            NaN            NaN
19 19            NaN            NaN            NaN            NaN            NaN
19 20            NaN            NaN            NaN            NaN            NaN
19 21            NaN            NaN
20  1            NaN            NaN            NaN            NaN            NaN
20  2            NaN            NaN            NaN            NaN            NaN
20  3            NaN            NaN            NaN            NaN            NaN
20  4            NaN            NaN            NaN            NaN            NaN
20  5            NaN            NaN            NaN            NaN            NaN
20  6            NaN            NaN            NaN            NaN            NaN
20  7            NaN            NaN            NaN            NaN            NaN
20  8            NaN            NaN            NaN            NaN            NaN
20  9            NaN            NaN            NaN            NaN            NaN
20 10            NaN            NaN            NaN            NaN            NaN
20 11            NaN            NaN            NaN            NaN            NaN
20 12            NaN            NaN            NaN            NaN            NaN
20 13            NaN            NaN            NaN            NaN            NaN
20 14            NaN            NaN            NaN            NaN            NaN
20 15            NaN            NaN            NaN            NaN            NaN
20 16            NaN            NaN            NaN            NaN            NaN
20 17            NaN            NaN            NaN            NaN            NaN
20 18            NaN            NaN            NaN            NaN            NaN
20 19            NaN            NaN            NaN            NaN            NaN
20 20            NaN            NaN            NaN            NaN            NaN
20 21            NaN            NaN
21  1            NaN            NaN            NaN            NaN            NaN
21  2            NaN            NaN            NaN            NaN            NaN
21  3            NaN            NaN            NaN            NaN            NaN
21  4            NaN            NaN            NaN            NaN            NaN
21  5            NaN            NaN            NaN            NaN            NaN
21  6            NaN            NaN            NaN            NaN            NaN
21  7            NaN            NaN            NaN            NaN            NaN
21  8            NaN            NaN            NaN            NaN            NaN
21  9            NaN            NaN            NaN            NaN            NaN
21 10            NaN            NaN            NaN            NaN            NaN
21 11            NaN            NaN            NaN            NaN            NaN
21 12            NaN            NaN            NaN            NaN            NaN
21 13            NaN            NaN            NaN            NaN            NaN
21 14            NaN            NaN            NaN            NaN            NaN
21 15            NaN            NaN            NaN            NaN            NaN
21 16            NaN            NaN            NaN            NaN            NaN
21 17            NaN            NaN            NaN            NaN            NaN
21 18            NaN            NaN            NaN            NaN            NaN
21 19            NaN            NaN            NaN            NaN            NaN
21 20            NaN            NaN            NaN            NaN            NaN
21 21            NaN            NaN
 $END   
--- OPTIMIZED MCSCF MO-S --- GENERATED AT 17:42:21 20-JAN-2025    
anthracene opt C2H gaussian                                                     
E(MCSCF)=     -230.7023279994, E(NUC)=      203.5533822373
 $VEC   
 1  1 4.05734864E-01 1.10430416E-02-1.86876761E-05-3.23096730E-05-0.00000000E+00
 1  2-2.18674133E-03 1.62143241E-04 2.80278404E-04-0.00000000E+00-9.35643231E-04
 1  3-9.11567322E-04-1.08319752E-03 2.40512943E-05-0.00000000E+00-0.00000000E+00
 1  4 4.06144020E-01 1.10544005E-02 1.85207217E-05-3.23333073E-05-0.00000000E+00
 1  5-2.19002961E-03-1.60944780E-04 2.81041033E-04-0.00000000E+00-9.36442188E-04
 1  6-9.12464379E-04-1.08420384E-03-2.40419658E-05-0.00000000E+00-0.00000000E+00
 1  7 4.06648847E-01 1.10684471E-02 3.71716627E-05-7.50609642E-08-0.00000000E+00
 1  8-2.19534114E-03-3.23205103E-04 6.38643067E-07-0.00000000E+00-9.01479477E-04
 1  9-9.49464081E-04-1.08541630E-03 1.64713346E-08-0.00000000E+00-0.00000000E+00
 1 10 4.06664419E-01 1.10688354E-02 1.85768703E-05 3.22326508E-05-0.00000000E+00
 1 11-2.19364838E-03-1.61764662E-04-2.80642015E-04-0.00000000E+00-9.37642889E-04
 1 12-9.13623646E-04-1.08548887E-03 2.40374727E-05-0.00000000E+00-0.00000000E+00
 1 13 4.06462286E-01 1.10632679E-02-1.86899105E-05 3.21585799E-05-0.00000000E+00
 1 14-2.19389261E-03 1.62408287E-04-2.79460483E-04-0.00000000E+00-9.37074581E-04
 1 15-9.13053320E-04-1.08495845E-03-2.39836476E-05-0.00000000E+00-0.00000000E+00
 1 16 4.05916799E-01 1.10480810E-02-3.72968981E-05-9.82927829E-08-0.00000000E+00
 1 17-2.18789597E-03 3.24008433E-04 8.98893486E-07-0.00000000E+00-8.99946633E-04
 1 18-9.48023310E-04-1.08365114E-03-2.96800623E-08-0.00000000E+00-0.00000000E+00
 1 19-1.06720552E-04 8.29701570E-04-1.06842242E-04 8.30430835E-04-1.06851927E-04
 1 20 8.30556337E-04-1.06668768E-04 8.29344191E-04-1.06795517E-04 8.30123679E-04
 1 21-1.06638684E-04 8.28997456E-04
 2  1-5.48967086E-02-1.52601009E-03 1.15103918E-04-7.59384122E-05 0.00000000E+00
 2  2 4.73514008E-04-1.04748734E-03 6.30179847E-04 0.00000000E+00 1.36909652E-04
 2  3 9.55958338E-05 1.34503665E-04 1.73157660E-05 0.00000000E+00 0.00000000E+00
 2  4-5.22725673E-01-1.45305317E-02 8.88302903E-05-3.90294761E-05 0.00000000E+00
 2  5 4.51375867E-03-5.47320211E-04-7.16874371E-05 0.00000000E+00 1.08465067E-03
 2  6 1.12844835E-03 1.28071813E-03-1.92554251E-05 0.00000000E+00 0.00000000E+00
 2  7-4.68058360E-01-1.30109509E-02 7.01026939E-05-8.03034728E-05 0.00000000E+00
 2  8 4.04397745E-03-1.90050156E-04 7.13048920E-04 0.00000000E+00 1.01338601E-03
 2  9 9.67768750E-04 1.14673341E-03 1.71096795E-05 0.00000000E+00 0.00000000E+00
 2 10 5.51084017E-02 1.53184384E-03 1.15168367E-04-7.60080683E-05 0.00000000E+00
 2 11-4.75891026E-04-1.04814273E-03 6.30819247E-04 0.00000000E+00-1.37353886E-04
 2 12-9.58992139E-05-1.35026548E-04-1.73965399E-05 0.00000000E+00 0.00000000E+00
 2 13 5.23142789E-01 1.45421188E-02 8.88246978E-05-3.91554800E-05 0.00000000E+00
 2 14-4.51961539E-03-5.47168019E-04-7.06406645E-05 0.00000000E+00-1.08531419E-03
 2 15-1.12908589E-03-1.28171149E-03 1.93759477E-05 0.00000000E+00 0.00000000E+00
 2 16 4.67736975E-01 1.30019009E-02 6.99453994E-05-8.03286992E-05 0.00000000E+00
 2 17-4.03739425E-03-1.88748064E-04 7.13301895E-04 0.00000000E+00-1.01294064E-03
 2 18-9.67564696E-04-1.14604050E-03-1.71421600E-05 0.00000000E+00 0.00000000E+00
 2 19 1.19718027E-04-8.32484608E-04 1.07164216E-04-7.45420186E-04-1.26148371E-05
 2 20 8.78108836E-05-1.07130145E-04 7.45006753E-04-1.19787176E-04 8.33147324E-04
 2 21 1.25725651E-05-8.74400368E-05
 3  1 5.72264145E-01 1.59073338E-02 5.42217962E-05 6.74518564E-05-0.00000000E+00
 3  2-4.93927751E-03-2.17044491E-04-1.41009691E-04-0.00000000E+00-1.19552087E-03
 3  3-1.22748656E-03-1.40220115E-03-2.63522296E-05-0.00000000E+00-0.00000000E+00
 3  4 2.38875417E-01 6.64002501E-03 9.11451916E-05 9.38489790E-05-0.00000000E+00
 3  5-2.06391224E-03-9.19244783E-04-6.42875154E-04-0.00000000E+00-5.19872126E-04
 3  6-4.91224774E-04-5.85300540E-04 2.50247028E-05-0.00000000E+00-0.00000000E+00
 3  7-3.33361035E-01-9.26688036E-03 4.99902668E-05 1.12652868E-04-0.00000000E+00
 3  8 2.88136161E-03-1.35980957E-04-1.00032453E-03-0.00000000E+00 7.21771457E-04
 3  9 6.89262109E-04 8.16657823E-04-2.40607638E-05-0.00000000E+00-0.00000000E+00
 3 10-5.71770608E-01-1.58940348E-02 5.43104665E-05 6.75579147E-05-0.00000000E+00
 3 11 4.93897140E-03-2.17831134E-04-1.41880464E-04-0.00000000E+00 1.19412949E-03
 3 12 1.22623910E-03 1.40079693E-03 2.64200050E-05-0.00000000E+00-0.00000000E+00
 3 13-2.37973817E-01-6.61531800E-03 9.11718263E-05 9.38552954E-05-0.00000000E+00
 3 14 2.05670674E-03-9.19482530E-04-6.42989708E-04-0.00000000E+00 5.18034531E-04
 3 15 4.89339251E-04 5.82967581E-04-2.50311536E-05-0.00000000E+00-0.00000000E+00
 3 16 3.34061597E-01 9.28595967E-03 4.99276278E-05 1.12605691E-04-0.00000000E+00
 3 17-2.88516170E-03-1.35426798E-04-9.99827811E-04-0.00000000E+00-7.23327869E-04
 3 18-6.90891653E-04-8.18532035E-04 2.39932134E-05-0.00000000E+00-0.00000000E+00
 3 19-5.47114708E-05 3.80501993E-04 7.63347821E-05-5.30678365E-04 1.30914816E-04
 3 20-9.10537537E-04-7.65163458E-05 5.32108553E-04 5.44970877E-05-3.78770346E-04
 3 21-1.31065680E-04 9.11660310E-04
 4  1-5.41229611E-02-1.51533922E-03-1.15452701E-04 4.46599618E-05-0.00000000E+00
 4  2 9.15914201E-04 1.13031056E-03-4.71408782E-04-0.00000000E+00-3.94537933E-05
 4  3 1.83612257E-04 1.24449060E-04-5.48841241E-05-0.00000000E+00-0.00000000E+00
 4  4 5.22960494E-01 1.46417613E-02-4.77973418E-05 1.85000416E-04-0.00000000E+00
 4  5-8.84421812E-03 3.16575530E-04-1.56339365E-03-0.00000000E+00-6.69431026E-04
 4  6-7.23438737E-04-1.20256967E-03 1.70254308E-04-0.00000000E+00-0.00000000E+00
 4  7-4.68609689E-01-1.31200930E-02 1.65038915E-04 7.11390383E-05-0.00000000E+00
 4  8 7.92778859E-03-1.35590038E-03-7.06411708E-04-0.00000000E+00 7.50383873E-04
 4  9 4.97201971E-04 1.07753507E-03-8.08423615E-05-0.00000000E+00-0.00000000E+00
 4 10-5.39171904E-02-1.50952871E-03 1.15326504E-04-4.46684906E-05-0.00000000E+00
 4 11 9.10965837E-04-1.12874319E-03 4.72268927E-04-0.00000000E+00-3.96906963E-05
 4 12 1.83306932E-04 1.24003569E-04-5.49210505E-05-0.00000000E+00-0.00000000E+00
 4 13 5.22528371E-01 1.46296389E-02 4.76827170E-05-1.84946437E-04-0.00000000E+00
 4 14-8.83728708E-03-3.15213085E-04 1.56229926E-03-0.00000000E+00-6.68710402E-04
 4 15-7.22650977E-04-1.20156394E-03 1.70214241E-04-0.00000000E+00-0.00000000E+00
 4 16-4.68913685E-01-1.31284745E-02-1.65045048E-04-7.11080166E-05-0.00000000E+00
 4 17 7.92725034E-03 1.35457291E-03 7.06125728E-04-0.00000000E+00 7.51181377E-04
 4 18 4.98027570E-04 1.07834687E-03-8.08285781E-05-0.00000000E+00-0.00000000E+00
 4 19-7.58372232E-05 7.69074924E-04 6.79294499E-05-6.89103762E-04 7.80234012E-06
 4 20-7.94149518E-05 6.79838931E-05-6.89822060E-04-7.57188761E-05 7.68613359E-04
 4 21 7.86296321E-06-7.95110103E-05
 5  1 5.72243058E-01 1.60212717E-02 9.06835119E-05 1.80170466E-04 0.00000000E+00
 5  2-9.66923654E-03-7.25852506E-04-1.48659607E-03 0.00000000E+00-6.94941733E-04
 5  3-8.29743951E-04-1.31606661E-03-1.61029662E-04 0.00000000E+00 0.00000000E+00
 5  4-2.38951156E-01-6.68992745E-03 1.38758291E-04-1.70112609E-05 0.00000000E+00
 5  5 4.03536526E-03-1.30407718E-03 4.10485413E-05 0.00000000E+00 1.90843482E-04
 5  6 4.45739454E-04 5.49576533E-04-1.09358406E-06 0.00000000E+00 0.00000000E+00
 5  7-3.33296665E-01-9.33181552E-03 1.17429627E-04-1.00079626E-04 0.00000000E+00
 5  8 5.64429506E-03-9.67502302E-04 9.93905159E-04 0.00000000E+00 5.33564866E-04
 5  9 3.53471535E-04 7.66276072E-04 1.13786067E-04 0.00000000E+00 0.00000000E+00
 5 10 5.72735372E-01 1.60355180E-02-9.08829542E-05-1.80444565E-04 0.00000000E+00
 5 11-9.69349078E-03 7.30766184E-04 1.49452609E-03 0.00000000E+00-6.94833088E-04
 5 12-8.29868797E-04-1.31689274E-03-1.61244698E-04 0.00000000E+00 0.00000000E+00
 5 13-2.39865065E-01-6.71593032E-03-1.38935288E-04 1.73718469E-05 0.00000000E+00
 5 14 4.06329603E-03 1.30863361E-03-4.93863666E-05 0.00000000E+00 1.91631956E-04
 5 15 4.46770552E-04 5.51446224E-04-1.34517214E-06 0.00000000E+00 0.00000000E+00
 5 16-3.32607142E-01-9.31208002E-03-1.17067503E-04 1.00143022E-04 0.00000000E+00
 5 17 5.61835807E-03 9.58107005E-04-9.94423189E-04 0.00000000E+00 5.32901318E-04
 5 18 3.53281537E-04 7.64961847E-04 1.13795348E-04 0.00000000E+00 0.00000000E+00
 5 19 3.45524185E-05-3.52100519E-04 4.83857763E-05-4.89494408E-04-8.31011836E-05
 5 20 8.41708618E-04 4.81389753E-05-4.89860200E-04 3.48496042E-05-3.52085515E-04
 5 21-8.28981252E-05 8.42384884E-04
 6  1 4.07272476E-01 1.16702263E-02 1.07197629E-04 1.85733996E-04 0.00000000E+00
 6  2-1.51800447E-02-2.73631490E-03-4.74009069E-03 0.00000000E+00-1.94822476E-04
 6  3-3.32637230E-04-7.83553777E-04-1.37874492E-04 0.00000000E+00 0.00000000E+00
 6  4-4.06867394E-01-1.16588795E-02 1.07255033E-04-1.85543744E-04 0.00000000E+00
 6  5 1.51735239E-02-2.73704572E-03 4.73850021E-03 0.00000000E+00 1.94188332E-04
 6  6 3.32124784E-04 7.82617780E-04-1.37699998E-04 0.00000000E+00 0.00000000E+00
 6  7 4.06361635E-01 1.16447218E-02-2.14144318E-04-6.96876407E-08 0.00000000E+00
 6  8-1.51652358E-02 5.47076184E-03 7.17454784E-07 0.00000000E+00-4.00087305E-04
 6  9-1.24829057E-04-7.81442367E-04 8.45034589E-08 0.00000000E+00 0.00000000E+00
 6 10-4.06344184E-01-1.16441826E-02 1.07076215E-04 1.85406456E-04 0.00000000E+00
 6 11 1.51637619E-02-2.73538612E-03-4.73737900E-03 0.00000000E+00 1.93708431E-04
 6 12 3.31350123E-04 7.81421829E-04 1.37576131E-04 0.00000000E+00 0.00000000E+00
 6 13 4.06559126E-01 1.16502608E-02 1.07029699E-04-1.85568336E-04 0.00000000E+00
 6 14-1.51687931E-02-2.73491327E-03 4.73882029E-03 0.00000000E+00-1.93948683E-04
 6 15-3.31463520E-04-7.81893642E-04 1.37751193E-04 0.00000000E+00 0.00000000E+00
 6 16-4.07101867E-01-1.16654554E-02-2.14394567E-04 8.65053374E-08 0.00000000E+00
 6 17 1.51773777E-02 5.47282161E-03-8.17596712E-07 0.00000000E+00 4.01307281E-04
 6 18 1.25665485E-04 7.83163955E-04 9.13524831E-08 0.00000000E+00 0.00000000E+00
 6 19 1.44993325E-04 2.01229158E-04-1.44913157E-04-2.01968580E-04 1.44926439E-04
 6 20 2.01977369E-04 1.45027900E-04 2.00880445E-04-1.44937472E-04-2.01680286E-04
 6 21-1.45052383E-04-2.00612322E-04
 7  1-9.23553069E-02 1.75210579E-01 2.97715482E-02 5.15674646E-02-0.00000000E+00
 7  2 1.11715525E-01 3.37470361E-03 5.84510953E-03-0.00000000E+00 7.64546432E-03
 7  3 6.23834164E-03-8.35010742E-03-1.40720503E-03-0.00000000E+00-0.00000000E+00
 7  4-9.23546744E-02 1.75209657E-01-2.97727158E-02 5.15674668E-02-0.00000000E+00
 7  5 1.11712837E-01-3.37379978E-03 5.84330241E-03-0.00000000E+00 7.64534358E-03
 7  6 6.23822131E-03-8.34999525E-03 1.40706002E-03-0.00000000E+00-0.00000000E+00
 7  7-9.23537976E-02 1.75207879E-01-5.95443855E-02-1.98119395E-06-0.00000000E+00
 7  8 1.11713436E-01-6.74869074E-03-1.22201882E-07-0.00000000E+00 5.53465684E-03
 7  9 8.34892385E-03-8.34994332E-03 1.32003196E-07-0.00000000E+00-0.00000000E+00
 7 10-9.23534187E-02 1.75207202E-01-2.97723881E-02-5.15663095E-02-0.00000000E+00
 7 11 1.11712354E-01-3.37430459E-03-5.84463885E-03-0.00000000E+00 7.64541450E-03
 7 12 6.23820543E-03-8.34993226E-03-1.40701899E-03-0.00000000E+00-0.00000000E+00
 7 13-9.23545994E-02 1.75209450E-01 2.97717725E-02-5.15680735E-02-0.00000000E+00
 7 14 1.11714013E-01 3.37412422E-03-5.84402228E-03-0.00000000E+00 7.64525710E-03
 7 15 6.23831384E-03-8.35001952E-03 1.40723949E-03-0.00000000E+00-0.00000000E+00
 7 16-9.23553692E-02 1.75210864E-01 5.95453857E-02 5.17340798E-07-0.00000000E+00
 7 17 1.11714027E-01 6.74767211E-03 4.68703163E-08-0.00000000E+00 5.53471616E-03
 7 18 8.34893433E-03-8.35004404E-03-1.79961730E-08-0.00000000E+00-0.00000000E+00
 7 19 3.50297987E-02 3.68637133E-03 3.50294813E-02 3.68683286E-03 3.50297140E-02
 7 20 3.68698457E-03 3.50300453E-02 3.68650708E-03 3.50294706E-02 3.68657261E-03
 7 21 3.50305155E-02 3.68718664E-03
 8  1-1.31844211E-02 2.54202242E-02 1.00350615E-01-5.46884456E-02 0.00000000E+00
 8  2 1.97546482E-02 1.43791811E-02-8.85071955E-03 0.00000000E+00 9.80340759E-03
 8  3-8.00632810E-03-1.04767771E-03 5.74687063E-03 0.00000000E+00 0.00000000E+00
 8  4-1.17050169E-01 2.25678912E-01 2.81257846E-02 4.50796067E-02 0.00000000E+00
 8  5 1.75378972E-01 8.11057519E-03-1.92056789E-04 0.00000000E+00 4.98242282E-03
 8  6 1.09707439E-02-9.30126413E-03 3.68126162E-03 0.00000000E+00 0.00000000E+00
 8  7-1.03865210E-01 2.00257721E-01-2.21629886E-02-6.73542921E-02 0.00000000E+00
 8  8 1.55624168E-01 3.74571479E-03-9.94988797E-03 0.00000000E+00 5.95643024E-03
 8  9 8.19976254E-03-8.25353245E-03 6.94365759E-03 0.00000000E+00 0.00000000E+00
 8 10 1.31845944E-02-2.54206078E-02 1.00348824E-01-5.46869595E-02 0.00000000E+00
 8 11-1.97548546E-02 1.43788177E-02-8.85053145E-03 0.00000000E+00-9.80322025E-03
 8 12 8.00632792E-03 1.04767891E-03-5.74690431E-03 0.00000000E+00 0.00000000E+00
 8 13 1.17048887E-01-2.25676483E-01 2.81259558E-02 4.50800154E-02 0.00000000E+00
 8 14-1.75377338E-01 8.11052222E-03-1.91741222E-04 0.00000000E+00-4.98244021E-03
 8 15-1.09706092E-02 9.30117711E-03-3.68135129E-03 0.00000000E+00 0.00000000E+00
 8 16 1.03865223E-01-2.00257577E-01-2.21629784E-02-6.73527704E-02 0.00000000E+00
 8 17-1.55623585E-01 3.74601760E-03-9.94981878E-03 0.00000000E+00-5.95643831E-03
 8 18-8.19975292E-03 8.25352477E-03-6.94351850E-03 0.00000000E+00 0.00000000E+00
 8 19 6.94415071E-02 1.36114405E-02 6.16193733E-02 1.20783666E-02-7.82202112E-03
 8 20-1.53320807E-03-6.16193634E-02-1.20782819E-02-6.94402211E-02-1.36113175E-02
 8 21 7.82204732E-03 1.53326773E-03
 9  1 1.27544729E-01-2.45913022E-01-3.37798422E-03-2.94731312E-02 0.00000000E+00
 9  2-1.91104040E-01 3.81085362E-03 3.11125639E-03 0.00000000E+00-8.46723155E-03
 9  3-8.91637923E-03 1.01351993E-02 1.98609679E-03 0.00000000E+00 0.00000000E+00
 9  4 5.23532890E-02-1.00939892E-01 9.63861715E-02 4.27499279E-02 0.00000000E+00
 9  5-7.84419425E-02 1.24700718E-02 9.38020385E-03 0.00000000E+00-1.19572527E-02
 9  6 4.82163325E-03 4.16018103E-03 4.83911411E-03 0.00000000E+00 0.00000000E+00
 9  7-7.51905335E-02 1.44971431E-01-1.60445165E-02 9.30366902E-02 0.00000000E+00
 9  8 1.12659643E-01 2.71192760E-03 1.37446980E-02 0.00000000E+00 4.31227461E-03
 9  9 5.93598785E-03-5.97492003E-03-9.59143352E-03 0.00000000E+00 0.00000000E+00
 9 10-1.27545561E-01 2.45914713E-01-3.38053679E-03-2.94729720E-02 0.00000000E+00
 9 11 1.91106077E-01 3.81042557E-03 3.11064062E-03 0.00000000E+00 8.46744191E-03
 9 12 8.91643247E-03-1.01352856E-02-1.98589164E-03 0.00000000E+00 0.00000000E+00
 9 13-5.23552029E-02 1.00943692E-01 9.63870464E-02 4.27498517E-02 0.00000000E+00
 9 14 7.84444186E-02 1.24696982E-02 9.38092870E-03 0.00000000E+00 1.19574156E-02
 9 15-4.82171077E-03-4.16029715E-03-4.83900923E-03 0.00000000E+00 0.00000000E+00
 9 16 7.51901533E-02-1.44970615E-01-1.60445164E-02 9.30384757E-02 0.00000000E+00
 9 17-1.12658609E-01 2.71253135E-03 1.37448517E-02 0.00000000E+00-4.31217854E-03
 9 18-5.93577030E-03 5.97485783E-03 9.59156521E-03 0.00000000E+00 0.00000000E+00
 9 19-3.10597007E-02-6.08823872E-03 4.46082623E-02 8.74401919E-03 7.56694464E-02
 9 20 1.48328443E-02-4.46079538E-02-8.74368093E-03 3.10603004E-02 6.08805573E-03
 9 21-7.56691083E-02-1.48325514E-02
10  1-9.90130527E-02 1.97686695E-01-5.32896468E-03-7.03304798E-02-0.00000000E+00
10  2 1.66284329E-01-2.18521279E-02-5.33803786E-02-0.00000000E+00 4.63597970E-03
10  3 6.81121674E-03-7.04745329E-03 5.83702391E-03-0.00000000E+00-0.00000000E+00
10  4 3.66266623E-02-7.31278584E-02-1.77528193E-01-7.53439573E-02-0.00000000E+00
10  5-6.15112288E-02-5.27060273E-02-6.01692994E-03-0.00000000E+00 7.39770019E-03
10  6-1.16320609E-02 2.60692056E-03-3.91580295E-03-0.00000000E+00-0.00000000E+00
10  7 6.23861722E-02-1.24558589E-01-4.00547187E-02 1.60865359E-01-0.00000000E+00
10  8-1.04772384E-01-3.60119915E-02 4.08879819E-02-0.00000000E+00-6.70698200E-03
10  9-5.05416326E-04 4.44045027E-03-9.64169844E-03-0.00000000E+00-0.00000000E+00
10 10-9.90132872E-02 1.97687309E-01 5.32857684E-03 7.03304896E-02-0.00000000E+00
10 11 1.66285030E-01 2.18522792E-02 5.33802200E-02-0.00000000E+00 4.63598101E-03
10 12 6.81122550E-03-7.04747289E-03 5.83715431E-03-0.00000000E+00-0.00000000E+00
10 13 3.66270631E-02-7.31287292E-02 1.77528975E-01 7.53450326E-02-0.00000000E+00
10 14-6.15115851E-02 5.27066381E-02 6.01688897E-03-0.00000000E+00 7.39759711E-03
10 15-1.16320957E-02 2.60697378E-03-3.91569617E-03-0.00000000E+00-0.00000000E+00
10 16 6.23861371E-02-1.24558342E-01 4.00547740E-02-1.60866826E-01-0.00000000E+00
10 17-1.04772336E-01 3.60118262E-02-4.08882603E-02-0.00000000E+00-6.70705278E-03
10 18-5.05542389E-04 4.44044871E-03-9.64176202E-03-0.00000000E+00-0.00000000E+00
10 19-4.11463103E-02-1.28203846E-02-7.00848722E-02-2.18373376E-02 1.11234359E-01
10 20 3.46590833E-02-7.00849142E-02-2.18374573E-02-4.11468223E-02-1.28205560E-02
10 21 1.11234073E-01 3.46589584E-02
11  1 1.48720638E-02-2.96931996E-02 1.80916782E-01-9.34253859E-02-0.00000000E+00
11  2-2.49763248E-02 4.90638591E-02-1.84137009E-02-0.00000000E+00 8.65260766E-03
11  3-1.03718898E-02 1.05851924E-03 5.35597009E-03-0.00000000E+00-0.00000000E+00
11  4-9.31836500E-02 1.86047803E-01-3.52449847E-02-8.94329098E-02-0.00000000E+00
11  5 1.56494828E-01 1.03328135E-02-5.61456080E-02-0.00000000E+00 6.45291188E-03
11  6 4.32041981E-03-6.63251021E-03-6.88659586E-03-0.00000000E+00-0.00000000E+00
11  7 7.83123782E-02-1.56356200E-01-5.02800092E-02-1.28151868E-01-0.00000000E+00
11  8-1.31520614E-01-4.52047169E-02-3.25738881E-02-0.00000000E+00-8.41979207E-03
11  9-6.34337129E-04 5.57404632E-03 7.68076653E-03-0.00000000E+00-0.00000000E+00
11 10 1.48721983E-02-2.96934695E-02-1.80915822E-01 9.34237163E-02-0.00000000E+00
11 11-2.49764163E-02-4.90638053E-02 1.84133616E-02-0.00000000E+00 8.65258181E-03
11 12-1.03721892E-02 1.05853509E-03 5.35608430E-03-0.00000000E+00-0.00000000E+00
11 13-9.31838618E-02 1.86048238E-01 3.52427870E-02 8.94303240E-02-0.00000000E+00
11 14 1.56495431E-01-1.03340482E-02 5.61448509E-02-0.00000000E+00 6.45298570E-03
11 15 4.32030209E-03-6.63249487E-03-6.88636921E-03-0.00000000E+00-0.00000000E+00
11 16 7.83109791E-02-1.56353273E-01 5.02785047E-02 1.28154444E-01-0.00000000E+00
11 17-1.31517380E-01 4.52044956E-02 3.25738091E-02-0.00000000E+00-8.41953133E-03
11 18-6.34271138E-04 5.57392505E-03 7.68094545E-03-0.00000000E+00-0.00000000E+00
11 19 1.04684599E-01 3.26185401E-02-8.79781219E-02-2.74133801E-02-1.67081152E-02
11 20-5.20611471E-03-8.79761927E-02-2.74123952E-02 1.04683454E-01 3.26182318E-02
11 21-1.67074541E-02-5.20572336E-03
12  1 7.69421398E-03-1.34387440E-02 9.68724960E-02 1.67791270E-01 0.00000000E+00
12  2-3.37082917E-02 3.56871453E-02 6.18130161E-02 0.00000000E+00-1.23750185E-03
12  3-3.97354636E-03 5.85951008E-04-2.73596179E-03 0.00000000E+00 0.00000000E+00
12  4 7.69648700E-03-1.34431735E-02-9.68759134E-02 1.67790867E-01 0.00000000E+00
12  5-3.37125213E-02-3.56890638E-02 6.18146399E-02 0.00000000E+00-1.23754768E-03
12  6-3.97381578E-03 5.86082487E-04 2.73601926E-03 0.00000000E+00 0.00000000E+00
12  7 7.69522743E-03-1.34407810E-02-1.93745606E-01-4.89300034E-07 0.00000000E+00
12  8-3.37103617E-02-7.13756990E-02 7.74742601E-09 0.00000000E+00-5.34147248E-03
12  9 1.30278327E-04 5.85990847E-04-5.17949335E-08 0.00000000E+00 0.00000000E+00
12 10 7.69580295E-03-1.34419627E-02-9.68724198E-02-1.67790885E-01 0.00000000E+00
12 11-3.37107626E-02-3.56876587E-02-6.18137795E-02 0.00000000E+00-1.23738413E-03
12 12-3.97368720E-03 5.86062285E-04-2.73615496E-03 0.00000000E+00 0.00000000E+00
12 13 7.69549284E-03-1.34411013E-02 9.68750075E-02-1.67786635E-01 0.00000000E+00
12 14-3.37117585E-02 3.56886815E-02-6.18124302E-02 0.00000000E+00-1.23782295E-03
12 15-3.97340538E-03 5.85980828E-04 2.73578595E-03 0.00000000E+00 0.00000000E+00
12 16 7.69644117E-03-1.34431577E-02 1.93748862E-01-8.11783681E-07 0.00000000E+00
12 17-3.37123009E-02 7.13777973E-02-1.64575743E-08 0.00000000E+00-5.34178239E-03
12 18 1.30373027E-04 5.86064716E-04-2.39502122E-07 0.00000000E+00 0.00000000E+00
12 19-1.11034613E-01-6.62692354E-02-1.11031662E-01-6.62676804E-02-1.11033321E-01
12 20-6.62685384E-02-1.11034580E-01-6.62690831E-02-1.11031157E-01-6.62676746E-02
12 21-1.11032063E-01-6.62682708E-02
13  1-5.60580196E-02 1.15405817E-01-6.57321260E-02-1.13859568E-01-0.00000000E+00
13  2 5.81093621E-02-6.49294987E-02-1.12465002E-01-0.00000000E+00-4.76796536E-03
13  3 1.09814739E-02-3.46624718E-03 1.57490662E-02-0.00000000E+00-0.00000000E+00
13  4 5.60585224E-02-1.15407038E-01-6.57326085E-02 1.13847341E-01-0.00000000E+00
13  5-5.81110932E-02-6.49306528E-02 1.12460727E-01-0.00000000E+00 4.76778127E-03
13  6-1.09810792E-02 3.46616978E-03 1.57488252E-02-0.00000000E+00-0.00000000E+00
13  7-5.60583037E-02 1.15406423E-01 1.31466837E-01 4.78535516E-06-0.00000000E+00
13  8 5.81111354E-02 1.29860588E-01 2.08883283E-06-0.00000000E+00 1.88556577E-02
13  9-1.26422786E-02-3.46620767E-03 7.16943904E-08-0.00000000E+00-0.00000000E+00
13 10 5.60578275E-02-1.15405742E-01-6.57333265E-02-1.13855000E-01-0.00000000E+00
13 11-5.81096366E-02-6.49299421E-02-1.12463302E-01-0.00000000E+00 4.76812932E-03
13 12-1.09815020E-02 3.46620164E-03-1.57489537E-02-0.00000000E+00-0.00000000E+00
13 13-5.60589515E-02 1.15407671E-01-6.57323699E-02 1.13850520E-01-0.00000000E+00
13 14 5.81120050E-02-6.49313071E-02 1.12461771E-01-0.00000000E+00-4.76736401E-03
13 15 1.09807953E-02-3.46621125E-03-1.57489428E-02-0.00000000E+00-0.00000000E+00
13 16 5.60586913E-02-1.15407326E-01 1.31461898E-01 4.96659341E-06-0.00000000E+00
13 17-5.81110931E-02 1.29859833E-01 2.05288572E-06-0.00000000E+00-1.88554865E-02
13 18 1.26421744E-02 3.46616332E-03-1.47206818E-08-0.00000000E+00-0.00000000E+00
13 19-1.36172168E-01-6.66369333E-02 1.36175140E-01 6.66396486E-02-1.36175768E-01
13 20-6.66391413E-02-1.36172708E-01-6.66373807E-02 1.36173657E-01 6.66386405E-02
13 21 1.36177735E-01 6.66408582E-02
14  1 4.74905733E-07-1.10069641E-06 2.35667703E-01-1.36061593E-01-0.00000000E+00
14  2-1.52014019E-08 8.30847876E-02-4.79677493E-02-0.00000000E+00 7.30160584E-03
14  3-7.30148679E-03 3.70923892E-08 4.86776298E-03-0.00000000E+00-0.00000000E+00
14  4 8.13582897E-08-1.78959816E-07-2.35666329E-01-1.36064819E-01-0.00000000E+00
14  5-9.49725350E-07-8.30835996E-02-4.79705381E-02-0.00000000E+00 7.30194116E-03
14  6-7.30178794E-03 3.75562696E-08-4.86807408E-03-0.00000000E+00-0.00000000E+00
14  7 4.15094978E-07-9.74971881E-07-1.18753791E-06 2.72125636E-01-0.00000000E+00
14  8 9.79387532E-07-1.54720346E-06 9.59370042E-02-0.00000000E+00 3.70681884E-07
14  9-6.56290192E-08 4.12888746E-08-9.73579550E-03-0.00000000E+00-0.00000000E+00
14 10-6.87856145E-07 1.47141089E-06 2.35667545E-01-1.36060038E-01-0.00000000E+00
14 11 1.60115067E-06 8.30852038E-02-4.79677683E-02-0.00000000E+00-7.30169896E-03
14 12 7.30185286E-03-4.74557115E-08-4.86768811E-03-0.00000000E+00-0.00000000E+00
14 13 7.11419124E-07-1.27652428E-06-2.35664253E-01-1.36068746E-01-0.00000000E+00
14 14-1.43091869E-06-8.30824401E-02-4.79717515E-02-0.00000000E+00-7.30185780E-03
14 15 7.30151810E-03-9.02204921E-09 4.86817689E-03-0.00000000E+00-0.00000000E+00
14 16-6.18343494E-07 1.32709083E-06-2.37421167E-06 2.72126448E-01-0.00000000E+00
14 17 6.93052767E-07-1.72575656E-06 9.59372894E-02-0.00000000E+00-8.79494635E-08
14 18 3.69524655E-08-5.27336482E-08 9.73596816E-03-0.00000000E+00-0.00000000E+00
14 19 1.35240710E-06 7.41770602E-07 5.14405383E-07 8.68158825E-07 1.09558449E-06
14 20 7.27222881E-07 5.55017745E-07 3.23150595E-08-3.81752295E-06-2.61431125E-06
14 21 4.70825144E-08 2.58035443E-07
15  1-1.71519111E-03 3.82253080E-03 8.63997596E-02-2.14023367E-02 0.00000000E+00
15  2 2.51476603E-03 3.08766547E-02-5.24691218E-03 0.00000000E+00 1.11650135E-02
15  3-1.18136717E-02-5.94014243E-06 6.25703271E-03 0.00000000E+00 0.00000000E+00
15  4-1.84648342E-02 4.11534974E-02-1.01182908E-01 2.48276041E-01 0.00000000E+00
15  5 2.70643537E-02-4.78048768E-02 1.07870960E-01 0.00000000E+00-2.50810959E-03
15  6-4.47669285E-03-6.22239445E-05 1.44504020E-02 0.00000000E+00 0.00000000E+00
15  7-1.67505592E-02 3.73325101E-02-2.40932021E-01-4.90101837E-02 0.00000000E+00
15  8 2.45523934E-02-1.06422134E-01-1.68266132E-02 0.00000000E+00-1.34453942E-02
15  9 7.10947150E-03-5.66027391E-05 8.37648091E-03 0.00000000E+00 0.00000000E+00
15 10 1.71513986E-03-3.82258272E-03 8.63969973E-02-2.13956600E-02 0.00000000E+00
15 11-2.51337945E-03 3.08755537E-02-5.24474053E-03 0.00000000E+00-1.11646963E-02
15 12 1.18135137E-02 5.91738479E-06-6.25655090E-03 0.00000000E+00 0.00000000E+00
15 13 1.84648705E-02-4.11536081E-02-1.01181469E-01 2.48270106E-01 0.00000000E+00
15 14-2.70647125E-02-4.78047889E-02 1.07868766E-01 0.00000000E+00 2.50844714E-03
15 15 4.47616112E-03 6.22880169E-05-1.44499862E-02 0.00000000E+00 0.00000000E+00
15 16 1.67504706E-02-3.73324198E-02-2.40934332E-01-4.90043998E-02 0.00000000E+00
15 17-2.45518147E-02-1.06423236E-01-1.68247119E-02 0.00000000E+00 1.34456127E-02
15 18-7.10952593E-03 5.65952490E-05-8.37608229E-03 0.00000000E+00 0.00000000E+00
15 19-1.48961636E-01-1.15272092E-01-1.35123230E-01-1.04564105E-01 1.38350723E-02
15 20 1.07064860E-02 1.35124936E-01 1.04565424E-01 1.48957512E-01 1.15269283E-01
15 21-1.38322765E-02-1.07042110E-02
16  1-2.03332347E-02 4.53171430E-02 1.39974010E-01 2.56871878E-01 0.00000000E+00
16  2 2.98040295E-02 6.24417421E-02 1.13106657E-01 0.00000000E+00 1.46762208E-03
16  3-9.15806261E-03-6.86149368E-05-1.30911702E-02 0.00000000E+00 0.00000000E+00
16  4-8.68037346E-03 1.93462414E-02-1.29694927E-01 6.92990530E-02 0.00000000E+00
16  5 1.27263922E-02-5.06713892E-02 3.44332321E-02 0.00000000E+00 1.09780867E-02
16  6-1.42617277E-02-2.93802717E-05-1.31131225E-03 0.00000000E+00 0.00000000E+00
16  7 1.16507850E-02-2.59664184E-02 1.67587224E-01-7.04567665E-02 0.00000000E+00
16  8-1.70809379E-02 7.40279778E-02-2.41899359E-02 0.00000000E+00 9.35228892E-03
16  9-4.94519830E-03 3.93321834E-05 1.20429813E-02 0.00000000E+00 0.00000000E+00
16 10 2.03329308E-02-4.53165847E-02 1.39977627E-01 2.56876271E-01 0.00000000E+00
16 11-2.98032889E-02 6.24432296E-02 1.13108962E-01 0.00000000E+00-1.46791739E-03
16 12 9.15836874E-03 6.85743605E-05 1.30914411E-02 0.00000000E+00 0.00000000E+00
16 13 8.68020012E-03-1.93459813E-02-1.29700149E-01 6.92975997E-02 0.00000000E+00
16 14-1.27254598E-02-5.06734276E-02 3.44328024E-02 0.00000000E+00-1.09782189E-02
16 15 1.42620821E-02 2.93766204E-05 1.31129548E-03 0.00000000E+00 0.00000000E+00
16 16-1.16505223E-02 2.59660099E-02 1.67590029E-01-7.04532580E-02 0.00000000E+00
16 17 1.70791420E-02 7.40290260E-02-2.41883925E-02 0.00000000E+00-9.35256171E-03
16 18 4.94522035E-03-3.93077033E-05-1.20428570E-02 0.00000000E+00 0.00000000E+00
16 19-7.00280220E-02-5.41899305E-02 9.39892443E-02 7.27322881E-02 1.64016093E-01
16 20 1.26922729E-01-9.39913332E-02-7.27338265E-02 7.00292582E-02 5.41910802E-02
16 21-1.64012321E-01-1.26920176E-01
17  1 4.64227082E-03-1.52673536E-02-1.19215293E-01-1.88110214E-01-0.00000000E+00
17  2 5.41514059E-03-6.82363245E-02-1.10146700E-01-0.00000000E+00-7.57632970E-03
17  3 1.59157465E-02-8.80467516E-04 2.23692087E-02-0.00000000E+00-0.00000000E+00
17  4-2.17616055E-03 7.15771170E-03 1.43727253E-01 2.03456345E-01-0.00000000E+00
17  5-2.54189641E-03 5.53549130E-02 1.02078108E-01-0.00000000E+00-7.00213353E-03
17  6 3.09182550E-03 4.12774098E-04 1.75251975E-02-0.00000000E+00-0.00000000E+00
17  7-2.46565275E-03 8.10879472E-03-1.18174394E-01-2.17011099E-01-0.00000000E+00
17  8-2.87660412E-03-6.87793228E-02-9.49581957E-02-0.00000000E+00-1.42439167E-02
17  9 9.81481635E-03 4.67633927E-04 1.32479926E-02-0.00000000E+00-0.00000000E+00
17 10 4.64170214E-03-1.52659902E-02 1.19210299E-01 1.88105925E-01-0.00000000E+00
17 11 5.41611536E-03 6.82335009E-02 1.10144457E-01-0.00000000E+00-7.57608305E-03
17 12 1.59151959E-02-8.80462528E-04 2.23689188E-02-0.00000000E+00-0.00000000E+00
17 13-2.17706598E-03 7.15976457E-03-1.43721735E-01-2.03461124E-01-0.00000000E+00
17 14-2.53935284E-03-5.53522763E-02-1.02081066E-01-0.00000000E+00-7.00209915E-03
17 15 3.09164750E-03 4.12726267E-04 1.75252828E-02-0.00000000E+00-0.00000000E+00
17 16-2.46534883E-03 8.10818071E-03 1.18174795E-01 2.17012022E-01-0.00000000E+00
17 17-2.87772645E-03 6.87798261E-02 9.49581348E-02-0.00000000E+00-1.42440233E-02
17 18 9.81499764E-03 4.67644511E-04 1.32484100E-02-0.00000000E+00-0.00000000E+00
17 19-7.63554672E-02-6.75077413E-02-8.64842868E-02-7.64633302E-02 1.62838709E-01
17 20 1.43969025E-01-8.64850760E-02-7.64639383E-02-7.63583463E-02-6.75109047E-02
17 21 1.62842673E-01 1.43973061E-01
18  1-1.66791938E-04 5.48448432E-04-2.17609196E-01 1.34859351E-01-0.00000000E+00
18  2-1.94584752E-04-9.46427532E-02 6.00099005E-02-0.00000000E+00-1.14592413E-02
18  3 1.11597521E-02 3.15417837E-05-8.62405132E-03-0.00000000E+00-0.00000000E+00
18  4 4.10334151E-03-1.34953509E-02 2.02257804E-01-1.10348682E-01-0.00000000E+00
18  5 4.78850444E-03 1.02709205E-01-7.28910634E-02-0.00000000E+00-1.18189784E-02
18  6 1.91906173E-02-7.78290948E-04-1.63591221E-02-0.00000000E+00-0.00000000E+00
18  7-3.93724753E-03 1.29482838E-02-1.88710012E-01 1.35899928E-01-0.00000000E+00
18  8-4.59169414E-03-1.09833148E-01 5.94664948E-02-0.00000000E+00-2.27447098E-02
18  9 1.56724436E-02 7.46789607E-04-8.29712262E-03-0.00000000E+00-0.00000000E+00
18 10-1.66692576E-04 5.48220501E-04 2.17611230E-01-1.34863233E-01-0.00000000E+00
18 11-1.93214517E-04 9.46429853E-02-6.00129745E-02-0.00000000E+00-1.14594056E-02
18 12 1.11599995E-02 3.15759661E-05-8.62454126E-03-0.00000000E+00-0.00000000E+00
18 13 4.10355172E-03-1.34960051E-02-2.02261160E-01 1.10351950E-01-0.00000000E+00
18 14 4.78735809E-03-1.02711664E-01 7.28939703E-02-0.00000000E+00-1.18186583E-02
18 15 1.91905678E-02-7.78303943E-04-1.63597622E-02-0.00000000E+00-0.00000000E+00
18 16-3.93614080E-03 1.29458799E-02 1.88704520E-01-1.35898366E-01-0.00000000E+00
18 17-4.59503164E-03 1.09830956E-01-5.94650348E-02-0.00000000E+00-2.27444852E-02
18 18 1.56721781E-02 7.46772332E-04-8.29717404E-03-0.00000000E+00-0.00000000E+00
18 19 1.43946314E-01 1.27266660E-01-1.38101838E-01-1.22099691E-01-5.84802456E-03
18 20-5.16995398E-03-1.38099345E-01-1.22097088E-01 1.43949898E-01 1.27270115E-01
18 21-5.84617919E-03-5.16874732E-03
19  1 0.00000000E+00 0.00000000E+00 0.00000000E+00 0.00000000E+00 2.09833899E-01
19  2 0.00000000E+00 0.00000000E+00 0.00000000E+00 1.36799851E-01 0.00000000E+00
19  3 0.00000000E+00 0.00000000E+00 0.00000000E+00 5.97653982E-03 1.03519988E-02
19  4 0.00000000E+00 0.00000000E+00 0.00000000E+00 0.00000000E+00 2.09833393E-01
19  5 0.00000000E+00 0.00000000E+00 0.00000000E+00 1.36799267E-01 0.00000000E+00
19  6 0.00000000E+00 0.00000000E+00 0.00000000E+00-5.97674095E-03 1.03520149E-02
19  7 0.00000000E+00 0.00000000E+00 0.00000000E+00 0.00000000E+00 2.09831860E-01
19  8 0.00000000E+00 0.00000000E+00 0.00000000E+00 1.36798687E-01 0.00000000E+00
19  9 0.00000000E+00 0.00000000E+00 0.00000000E+00-1.19533601E-02-3.33281269E-07
19 10 0.00000000E+00 0.00000000E+00 0.00000000E+00 0.00000000E+00 2.09831303E-01
19 11 0.00000000E+00 0.00000000E+00 0.00000000E+00 1.36798472E-01 0.00000000E+00
19 12 0.00000000E+00 0.00000000E+00 0.00000000E+00-5.97673248E-03-1.03518022E-02
19 13 0.00000000E+00 0.00000000E+00 0.00000000E+00 0.00000000E+00 2.09833409E-01
19 14 0.00000000E+00 0.00000000E+00 0.00000000E+00 1.36799330E-01 0.00000000E+00
19 15 0.00000000E+00 0.00000000E+00 0.00000000E+00 5.97668020E-03-1.03520567E-02
19 16 0.00000000E+00 0.00000000E+00 0.00000000E+00 0.00000000E+00 2.09834473E-01
19 17 0.00000000E+00 0.00000000E+00 0.00000000E+00 1.36799964E-01 0.00000000E+00
19 18 0.00000000E+00 0.00000000E+00 0.00000000E+00 1.19535127E-02 7.42668363E-08
19 19 0.00000000E+00 0.00000000E+00 0.00000000E+00 0.00000000E+00 0.00000000E+00
19 20 0.00000000E+00 0.00000000E+00 0.00000000E+00 0.00000000E+00 0.00000000E+00
19 21 0.00000000E+00 0.00000000E+00
20  1-0.00000000E+00-0.00000000E+00-0.00000000E+00-0.00000000E+00 3.10977875E-02
20  2-0.00000000E+00-0.00000000E+00-0.00000000E+00 2.64500068E-02-0.00000000E+00
20  3-0.00000000E+00-0.00000000E+00-0.00000000E+00 1.92016519E-02-1.00107592E-02
20  4-0.00000000E+00-0.00000000E+00-0.00000000E+00-0.00000000E+00 2.86348278E-01
20  5-0.00000000E+00-0.00000000E+00-0.00000000E+00 2.43550654E-01-0.00000000E+00
20  6-0.00000000E+00-0.00000000E+00-0.00000000E+00 3.46718290E-03 1.19025374E-02
20  7-0.00000000E+00-0.00000000E+00-0.00000000E+00-0.00000000E+00 2.55249553E-01
20  8-0.00000000E+00-0.00000000E+00-0.00000000E+00 2.17099860E-01-0.00000000E+00
20  9-0.00000000E+00-0.00000000E+00-0.00000000E+00-7.64293365E-03-1.26808400E-02
20 10-0.00000000E+00-0.00000000E+00-0.00000000E+00-0.00000000E+00-3.10993489E-02
20 11-0.00000000E+00-0.00000000E+00-0.00000000E+00-2.64511386E-02-0.00000000E+00
20 12-0.00000000E+00-0.00000000E+00-0.00000000E+00 1.92015032E-02-1.00105970E-02
20 13-0.00000000E+00-0.00000000E+00-0.00000000E+00-0.00000000E+00-2.86346170E-01
20 14-0.00000000E+00-0.00000000E+00-0.00000000E+00-2.43548410E-01-0.00000000E+00
20 15-0.00000000E+00-0.00000000E+00-0.00000000E+00 3.46705564E-03 1.19024377E-02
20 16-0.00000000E+00-0.00000000E+00-0.00000000E+00-0.00000000E+00-2.55248198E-01
20 17-0.00000000E+00-0.00000000E+00-0.00000000E+00-2.17098677E-01-0.00000000E+00
20 18-0.00000000E+00-0.00000000E+00-0.00000000E+00-7.64293571E-03-1.26805675E-02
20 19-0.00000000E+00-0.00000000E+00-0.00000000E+00-0.00000000E+00-0.00000000E+00
20 20-0.00000000E+00-0.00000000E+00-0.00000000E+00-0.00000000E+00-0.00000000E+00
20 21-0.00000000E+00-0.00000000E+00
21  1 0.00000000E+00 0.00000000E+00 0.00000000E+00 0.00000000E+00-3.12689922E-01
21  2 0.00000000E+00 0.00000000E+00 0.00000000E+00-2.65956085E-01 0.00000000E+00
21  3 0.00000000E+00 0.00000000E+00 0.00000000E+00-2.81778507E-03-9.18421888E-03
21  4 0.00000000E+00 0.00000000E+00 0.00000000E+00 0.00000000E+00-1.29411234E-01
21  5 0.00000000E+00 0.00000000E+00 0.00000000E+00-1.10069991E-01 0.00000000E+00
21  6 0.00000000E+00 0.00000000E+00 0.00000000E+00 1.90949043E-02 6.55007557E-03
21  7 0.00000000E+00 0.00000000E+00 0.00000000E+00 0.00000000E+00 1.83276575E-01
21  8 0.00000000E+00 0.00000000E+00 0.00000000E+00 1.55885277E-01 0.00000000E+00
21  9 0.00000000E+00 0.00000000E+00 0.00000000E+00-5.48795720E-03 1.76599597E-02
21 10 0.00000000E+00 0.00000000E+00 0.00000000E+00 0.00000000E+00 3.12691610E-01
21 11 0.00000000E+00 0.00000000E+00 0.00000000E+00 2.65958153E-01 0.00000000E+00
21 12 0.00000000E+00 0.00000000E+00 0.00000000E+00-2.81818672E-03-9.18417518E-03
21 13 0.00000000E+00 0.00000000E+00 0.00000000E+00 0.00000000E+00 1.29414507E-01
21 14 0.00000000E+00 0.00000000E+00 0.00000000E+00 1.10073119E-01 0.00000000E+00
21 15 0.00000000E+00 0.00000000E+00 0.00000000E+00 1.90950909E-02 6.55014243E-03
21 16 0.00000000E+00 0.00000000E+00 0.00000000E+00 0.00000000E+00-1.83277351E-01
21 17 0.00000000E+00 0.00000000E+00 0.00000000E+00-1.55885511E-01 0.00000000E+00
21 18 0.00000000E+00 0.00000000E+00 0.00000000E+00-5.48799879E-03 1.76601781E-02
21 19 0.00000000E+00 0.00000000E+00 0.00000000E+00 0.00000000E+00 0.00000000E+00
21 20 0.00000000E+00 0.00000000E+00 0.00000000E+00 0.00000000E+00 0.00000000E+00
21 21 0.00000000E+00 0.00000000E+00
22  1 0.00000000E+00 0.00000000E+00 0.00000000E+00 0.00000000E+00 3.08152699E-01
22  2 0.00000000E+00 0.00000000E+00 0.00000000E+00 5.65856783E-01 0.00000000E+00
22  3 0.00000000E+00 0.00000000E+00 0.00000000E+00-1.66983787E-03-1.02079829E-02
22  4 0.00000000E+00 0.00000000E+00 0.00000000E+00 0.00000000E+00-1.24277270E-01
22  5 0.00000000E+00 0.00000000E+00 0.00000000E+00-2.28208200E-01 0.00000000E+00
22  6 0.00000000E+00 0.00000000E+00 0.00000000E+00-2.81038610E-02-1.17201820E-02
22  7 0.00000000E+00 0.00000000E+00 0.00000000E+00 0.00000000E+00-1.83875226E-01
22  8 0.00000000E+00 0.00000000E+00 0.00000000E+00-3.37645121E-01 0.00000000E+00
22  9 0.00000000E+00 0.00000000E+00 0.00000000E+00-5.77347094E-03 2.65408544E-02
22 10 0.00000000E+00 0.00000000E+00 0.00000000E+00 0.00000000E+00 3.08153622E-01
22 11 0.00000000E+00 0.00000000E+00 0.00000000E+00 5.65857492E-01 0.00000000E+00
22 12 0.00000000E+00 0.00000000E+00 0.00000000E+00 1.66999570E-03 1.02080021E-02
22 13 0.00000000E+00 0.00000000E+00 0.00000000E+00 0.00000000E+00-1.24280856E-01
22 14 0.00000000E+00 0.00000000E+00 0.00000000E+00-2.28213407E-01 0.00000000E+00
22 15 0.00000000E+00 0.00000000E+00 0.00000000E+00 2.81038842E-02 1.17202347E-02
22 16 0.00000000E+00 0.00000000E+00 0.00000000E+00 0.00000000E+00-1.83873987E-01
22 17 0.00000000E+00 0.00000000E+00 0.00000000E+00-3.37645324E-01 0.00000000E+00
22 18 0.00000000E+00 0.00000000E+00 0.00000000E+00 5.77343295E-03-2.65410651E-02
22 19 0.00000000E+00 0.00000000E+00 0.00000000E+00 0.00000000E+00 0.00000000E+00
22 20 0.00000000E+00 0.00000000E+00 0.00000000E+00 0.00000000E+00 0.00000000E+00
22 21 0.00000000E+00 0.00000000E+00
23  1 0.00000000E+00 0.00000000E+00 0.00000000E+00 0.00000000E+00-3.44073424E-02
23  2 0.00000000E+00 0.00000000E+00 0.00000000E+00-6.31812861E-02 0.00000000E+00
23  3 0.00000000E+00 0.00000000E+00 0.00000000E+00 2.89100880E-02-1.54436268E-02
23  4 0.00000000E+00 0.00000000E+00 0.00000000E+00 0.00000000E+00 2.84072335E-01
23  5 0.00000000E+00 0.00000000E+00 0.00000000E+00 5.21640333E-01 0.00000000E+00
23  6 0.00000000E+00 0.00000000E+00 0.00000000E+00-6.98201584E-03-1.43302026E-02
23  7 0.00000000E+00 0.00000000E+00 0.00000000E+00 0.00000000E+00-2.49665322E-01
23  8 0.00000000E+00 0.00000000E+00 0.00000000E+00-4.58459289E-01 0.00000000E+00
23  9 0.00000000E+00 0.00000000E+00 0.00000000E+00-7.83881145E-03-1.95470947E-02
23 10 0.00000000E+00 0.00000000E+00 0.00000000E+00 0.00000000E+00-3.44074984E-02
23 11 0.00000000E+00 0.00000000E+00 0.00000000E+00-6.31833625E-02 0.00000000E+00
23 12 0.00000000E+00 0.00000000E+00 0.00000000E+00-2.89100502E-02 1.54435406E-02
23 13 0.00000000E+00 0.00000000E+00 0.00000000E+00 0.00000000E+00 2.84071507E-01
23 14 0.00000000E+00 0.00000000E+00 0.00000000E+00 5.21638730E-01 0.00000000E+00
23 15 0.00000000E+00 0.00000000E+00 0.00000000E+00 6.98188186E-03 1.43300258E-02
23 16 0.00000000E+00 0.00000000E+00 0.00000000E+00 0.00000000E+00-2.49663406E-01
23 17 0.00000000E+00 0.00000000E+00 0.00000000E+00-4.58455854E-01 0.00000000E+00
23 18 0.00000000E+00 0.00000000E+00 0.00000000E+00 7.83869239E-03 1.95471086E-02
23 19 0.00000000E+00 0.00000000E+00 0.00000000E+00 0.00000000E+00 0.00000000E+00
23 20 0.00000000E+00 0.00000000E+00 0.00000000E+00 0.00000000E+00 0.00000000E+00
23 21 0.00000000E+00 0.00000000E+00
24  1 3.77722545E-02-4.70690861E-02 5.40980231E-02 9.37007286E-02 0.00000000E+00
24  2-5.54447844E-01 1.54472633E-01 2.67561652E-01 0.00000000E+00-4.44481230E-03
24  3 1.04045388E-02 3.61226782E-04 1.48487422E-02 0.00000000E+00 0.00000000E+00
24  4 3.77733017E-02-4.70724647E-02-5.40969878E-02 9.37014107E-02 0.00000000E+00
24  5-5.54436907E-01-1.54484666E-01 2.67577092E-01 0.00000000E+00-4.44414645E-03
24  6 1.04042141E-02 3.60885764E-04-1.48485726E-02 0.00000000E+00 0.00000000E+00
24  7 3.77726899E-02-4.70700285E-02-1.08196457E-01-2.33029072E-06 0.00000000E+00
24  8-5.54448135E-01-3.08952117E-01-6.93361297E-06 0.00000000E+00 1.78285042E-02
24  9-1.18687760E-02 3.61121758E-04 1.81418503E-07 0.00000000E+00 0.00000000E+00
24 10 3.77723220E-02-4.70706492E-02-5.40972022E-02-9.36996446E-02 0.00000000E+00
24 11-5.54430411E-01-1.54480055E-01-2.67571471E-01 0.00000000E+00-4.44453628E-03
24 12 1.04045154E-02 3.61006889E-04 1.48486939E-02 0.00000000E+00 0.00000000E+00
24 13 3.77735034E-02-4.70710086E-02 5.40999395E-02-9.37037631E-02 0.00000000E+00
24 14-5.54457415E-01 1.54482535E-01-2.67567658E-01 0.00000000E+00-4.44428925E-03
24 15 1.04040994E-02 3.61094437E-04-1.48487898E-02 0.00000000E+00 0.00000000E+00
24 16 3.77732598E-02-4.70719245E-02 1.08198255E-01 2.22630659E-06 0.00000000E+00
24 17-5.54440590E-01 3.08973628E-01 7.06533928E-06 0.00000000E+00 1.78287781E-02
24 18-1.18687154E-02 3.60935785E-04 3.05067493E-07 0.00000000E+00 0.00000000E+00
24 19 3.50880805E-02 7.78323101E-01 3.50879859E-02 7.78309783E-01 3.50880616E-02
24 20 7.78315745E-01 3.50885448E-02 7.78329891E-01 3.50886178E-02 7.78324526E-01
24 21 3.50877927E-02 7.78312961E-01
25  1 5.53444585E-03-2.01802527E-03 3.42606291E-04 3.38745460E-02-0.00000000E+00
25  2-1.62825876E-01 3.10545062E-01-6.47689830E-02-0.00000000E+00 8.21865105E-03
25  3-8.36068651E-03 6.77964999E-04 6.70505729E-03-0.00000000E+00-0.00000000E+00
25  4 3.55173183E-02-1.29554152E-02-1.00065412E-01 1.60894727E-01-0.00000000E+00
25  5-1.04484652E+00-2.20878027E-01 6.07517988E-01-0.00000000E+00-6.55049344E-03
25  6 5.64045224E-03 4.35003422E-03-3.49952988E-03-0.00000000E+00-0.00000000E+00
25  7 2.99823151E-02-1.09340037E-02-1.59864856E-01 1.04282444E-02-0.00000000E+00
25  8-8.82049802E-01-5.37354357E-01-1.88849014E-01-0.00000000E+00 4.40417348E-03
25  9-5.17278678E-03 3.67242776E-03 7.29676237E-03-0.00000000E+00-0.00000000E+00
25 10-5.53283159E-03 2.01582091E-03 3.41805482E-04 3.38727526E-02-0.00000000E+00
25 11 1.62798030E-01 3.10532816E-01-6.47760852E-02-0.00000000E+00-8.21851241E-03
25 12 8.36055859E-03-6.77918416E-04-6.70508059E-03-0.00000000E+00-0.00000000E+00
25 13-3.55174477E-02 1.29555872E-02-1.00065618E-01 1.60894903E-01-0.00000000E+00
25 14 1.04484255E+00-2.20884001E-01 6.07515120E-01-0.00000000E+00 6.55020089E-03
25 15-5.64009211E-03-4.34996830E-03 3.49942008E-03-0.00000000E+00-0.00000000E+00
25 16-2.99823411E-02 1.09342488E-02-1.59862783E-01 1.04268551E-02-0.00000000E+00
25 17 8.82051916E-01-5.37352010E-01-1.88862098E-01-0.00000000E+00-4.40404358E-03
25 18 5.17269046E-03-3.67237677E-03-7.29659336E-03-0.00000000E+00-0.00000000E+00
25 19 7.41035730E-03 1.24149536E+00 6.25524186E-03 1.04803201E+00-1.15431754E-03
25 20-1.93421641E-01-6.25507565E-03-1.04802593E+00-7.41047021E-03-1.24148720E+00
25 21 1.15405401E-03 1.93446771E-01
26  1-3.78146615E-02 1.37881214E-02-1.02922477E-01-1.73398673E-01 0.00000000E+00
26  2 1.11252259E+00-3.00674380E-01-6.08986360E-01 0.00000000E+00 4.78258621E-03
26  3-3.81250291E-03-4.63219066E-03-5.18721441E-03 0.00000000E+00 0.00000000E+00
26  4-1.41169500E-02 5.15270616E-03 2.40970792E-02-7.29924544E-02 0.00000000E+00
26  5 4.15245323E-01 3.71603795E-01-7.76164146E-02 0.00000000E+00-6.89302210E-03
26  6 7.25427935E-03-1.72862258E-03 7.72085933E-03 0.00000000E+00 0.00000000E+00
26  7 2.37021419E-02-8.64842643E-03-1.26369908E-01-1.31928274E-02 0.00000000E+00
26  8-6.97236827E-01-4.24818049E-01 2.38906971E-01 0.00000000E+00 3.48132689E-03
26  9-4.08843095E-03 2.90266928E-03-9.23023987E-03 0.00000000E+00 0.00000000E+00
26 10 3.78155428E-02-1.37894070E-02-1.02922479E-01-1.73399413E-01 0.00000000E+00
26 11-1.11253271E+00-3.00671433E-01-6.08990750E-01 0.00000000E+00-4.78232171E-03
26 12 3.81242409E-03 4.63220138E-03 5.18729787E-03 0.00000000E+00 0.00000000E+00
26 13 1.41164389E-02-5.15202936E-03 2.40984837E-02-7.29932770E-02 0.00000000E+00
26 14-4.15237475E-01 3.71607782E-01-7.76143314E-02 0.00000000E+00 6.89301531E-03
26 15-7.25439598E-03 1.72856956E-03-7.72100968E-03 0.00000000E+00 0.00000000E+00
26 16-2.37019645E-02 8.64801205E-03-1.26370305E-01-1.31934838E-02 0.00000000E+00
26 17 6.97233571E-01-4.24818156E-01 2.38908972E-01 0.00000000E+00-3.48141811E-03
26 18 4.08844719E-03-2.90265145E-03 9.23041234E-03 0.00000000E+00 0.00000000E+00
26 19-2.94462436E-03-4.93432174E-01 4.94443057E-03 8.28488034E-01 7.88694563E-03
26 20 1.32184748E+00-4.94458718E-03-8.28487292E-01 2.94520373E-03 4.93429329E-01
26 21-7.88670116E-03-1.32183651E+00
27  1 1.53543847E-02-1.74070929E-02 5.65292842E-02-9.68597514E-03-0.00000000E+00
27  2-2.98098580E-01 4.30826868E-01-7.70821113E-02-0.00000000E+00-6.95975095E-03
27  3 7.16818161E-03 5.55676504E-04-6.90542888E-03-0.00000000E+00-0.00000000E+00
27  4 5.92323956E-02-6.71781499E-02-6.96564852E-02 4.83257760E-02-0.00000000E+00
27  5-1.14953826E+00-5.26531368E-01 3.58587792E-01-0.00000000E+00-1.71927447E-03
27  6 2.52999436E-03 2.14004059E-03 9.88845071E-03-0.00000000E+00-0.00000000E+00
27  7-7.45897761E-02 8.45942502E-02 9.65595901E-02-1.76369233E-02-0.00000000E+00
27  8 1.44760283E+00 7.22564476E-01-1.34957274E-01-0.00000000E+00 7.49123551E-03
27  9-8.51190410E-03-2.69503681E-03-3.44783073E-03-0.00000000E+00-0.00000000E+00
27 10 1.53593210E-02-1.74238326E-02-5.65349990E-02 9.68165986E-03-0.00000000E+00
27 11-2.98020670E-01-4.30927965E-01 7.69223407E-02-0.00000000E+00-6.95808682E-03
27 12 7.16944779E-03 5.54329606E-04-6.90630553E-03-0.00000000E+00-0.00000000E+00
27 13 5.92277533E-02-6.71616454E-02 6.96527752E-02-4.83207750E-02-0.00000000E+00
27 14-1.14961948E+00 5.26435999E-01-3.58420755E-01-0.00000000E+00-1.72090631E-03
27 15 2.52893128E-03 2.14119802E-03 9.88769216E-03-0.00000000E+00-0.00000000E+00
27 16-7.45844031E-02 8.45770532E-02-9.65535876E-02 1.76386079E-02-0.00000000E+00
27 17 1.44768063E+00-7.22375644E-01 1.34963434E-01-0.00000000E+00 7.49165623E-03
27 18-8.50951740E-03-2.69623115E-03-3.44777832E-03-0.00000000E+00-0.00000000E+00
27 19-1.05858190E-02 1.07265578E+00 1.33313437E-02-1.35074843E+00-2.74328969E-03
27 20 2.78171421E-01 1.33335730E-02-1.35059110E+00-1.05889100E-02 1.07249096E+00
27 21-2.74655646E-03 2.78012011E-01
28  1-7.72541606E-02 8.75969388E-02-4.07412311E-02-9.19563925E-02-0.00000000E+00
28  2 1.49962453E+00-3.03195140E-01-6.88825049E-01-0.00000000E+00-6.23736659E-03
28  3 5.18484154E-03-2.79380125E-03 7.24149122E-03-0.00000000E+00-0.00000000E+00
28  4 5.19231645E-02-5.88707318E-02 2.11119735E-03 7.88332140E-02-0.00000000E+00
28  5-1.00797724E+00 2.19329186E-02 5.93220137E-01-0.00000000E+00 9.18510258E-03
28  6-8.47872240E-03 1.87807051E-03 1.53829499E-03-0.00000000E+00-0.00000000E+00
28  7 2.53365257E-02-2.87464302E-02-3.27971194E-02-5.19397474E-02-0.00000000E+00
28  8-4.91553306E-01-2.45571375E-01-3.97421689E-01-0.00000000E+00-2.54342656E-03
28  9 2.89277206E-03 9.13844713E-04-1.01532430E-02-0.00000000E+00-0.00000000E+00
28 10-7.72662342E-02 8.76366271E-02 4.07497218E-02 9.19681130E-02-0.00000000E+00
28 11 1.49943789E+00 3.03421585E-01 6.89191628E-01-0.00000000E+00-6.24164579E-03
28 12 5.18270237E-03-2.79093752E-03 7.24334737E-03-0.00000000E+00-0.00000000E+00
28 13 5.19344857E-02-5.89098856E-02-2.10333091E-03-7.88455226E-02-0.00000000E+00
28 14-1.00777743E+00-2.17014907E-02-5.93590636E-01-0.00000000E+00 9.18921216E-03
28 15-8.47640358E-03 1.87513027E-03 1.54011269E-03-0.00000000E+00-0.00000000E+00
28 16 2.53238749E-02-2.87065596E-02 3.27791428E-02 5.19386525E-02-0.00000000E+00
28 17-4.91705717E-01 2.45121678E-01 3.97421793E-01-0.00000000E+00-2.54468618E-03
28 18 2.88760702E-03 9.16716712E-04-1.01531765E-02-0.00000000E+00-0.00000000E+00
28 19-9.28572257E-03 9.40180427E-01-4.52455702E-03 4.58883622E-01 1.38075378E-02
28 20-1.39925682E+00-4.53085375E-03 4.58492058E-01-9.27815777E-03 9.40532604E-01
28 21 1.38142722E-02-1.39889183E+00
29  1-4.39777161E-02 1.44896589E-01-2.97058604E-02-5.14500549E-02 0.00000000E+00
29  2-6.56478044E-01-8.25813462E-01-1.43034899E+00 0.00000000E+00-1.51460996E-02
29  3-8.22943366E-03 1.05014961E-02 6.91713900E-03 0.00000000E+00 0.00000000E+00
29  4 4.39677476E-02-1.44889387E-01-2.96887528E-02 5.14381352E-02 0.00000000E+00
29  5 6.56700083E-01-8.25697556E-01 1.43030676E+00 0.00000000E+00 1.51465556E-02
29  6 8.22903113E-03-1.05024403E-02 6.91507829E-03 0.00000000E+00 0.00000000E+00
29  7-4.39574646E-02 1.44876338E-01 5.93789164E-02-3.14089893E-06 0.00000000E+00
29  8-6.56903358E-01 1.65141273E+00-5.95970831E-06 0.00000000E+00-4.77315300E-03
29  9-1.86025212E-02 1.05026355E-02-1.38624404E-06 0.00000000E+00 0.00000000E+00
29 10 4.39551500E-02-1.44873108E-01-2.96880706E-02-5.14242271E-02 0.00000000E+00
29 11 6.56898622E-01-8.25688765E-01-1.43016310E+00 0.00000000E+00 1.51451374E-02
29 12 8.22995699E-03-1.05026095E-02-6.91440326E-03 0.00000000E+00 0.00000000E+00
29 13-4.39608294E-02 1.44880342E-01-2.96981129E-02 5.14242265E-02 0.00000000E+00
29 14-6.56855857E-01-8.25772694E-01 1.43016934E+00 0.00000000E+00-1.51441155E-02
29 15-8.23172783E-03 1.05025754E-02-6.91577219E-03 0.00000000E+00 0.00000000E+00
29 16 4.39721212E-02-1.44893764E-01 5.93989787E-02 7.18774526E-06 0.00000000E+00
29 17 6.56616682E-01 1.65157917E+00 7.80151859E-05 0.00000000E+00 4.77151227E-03
29 18 1.86040783E-02-1.05022087E-02-1.09659893E-06 0.00000000E+00 0.00000000E+00
29 19 2.35064886E-02 1.39647521E+00-2.35083288E-02-1.39627339E+00 2.35074849E-02
29 20 1.39626398E+00 2.35052317E-02 1.39656096E+00-2.35084708E-02-1.39632849E+00
29 21-2.35032179E-02-1.39667324E+00
30  1-0.00000000E+00-0.00000000E+00-0.00000000E+00-0.00000000E+00-2.36472822E-01
30  2-0.00000000E+00-0.00000000E+00-0.00000000E+00-6.79635736E-01-0.00000000E+00
30  3-0.00000000E+00-0.00000000E+00-0.00000000E+00 8.14730732E-03 1.41120004E-02
30  4-0.00000000E+00-0.00000000E+00-0.00000000E+00-0.00000000E+00 2.36472195E-01
30  5-0.00000000E+00-0.00000000E+00-0.00000000E+00 6.79634817E-01-0.00000000E+00
30  6-0.00000000E+00-0.00000000E+00-0.00000000E+00 8.14788797E-03-1.41121605E-02
30  7-0.00000000E+00-0.00000000E+00-0.00000000E+00-0.00000000E+00-2.36471008E-01
30  8-0.00000000E+00-0.00000000E+00-0.00000000E+00-6.79629364E-01-0.00000000E+00
30  9-0.00000000E+00-0.00000000E+00-0.00000000E+00-1.62950324E-02-2.60835478E-07
30 10-0.00000000E+00-0.00000000E+00-0.00000000E+00-0.00000000E+00 2.36471357E-01
30 11-0.00000000E+00-0.00000000E+00-0.00000000E+00 6.79627707E-01-0.00000000E+00
30 12-0.00000000E+00-0.00000000E+00-0.00000000E+00 8.14766921E-03 1.41121196E-02
30 13-0.00000000E+00-0.00000000E+00-0.00000000E+00-0.00000000E+00-2.36471981E-01
30 14-0.00000000E+00-0.00000000E+00-0.00000000E+00-6.79634341E-01-0.00000000E+00
30 15-0.00000000E+00-0.00000000E+00-0.00000000E+00 8.14745222E-03-1.41119363E-02
30 16-0.00000000E+00-0.00000000E+00-0.00000000E+00-0.00000000E+00 2.36473134E-01
30 17-0.00000000E+00-0.00000000E+00-0.00000000E+00 6.79638579E-01-0.00000000E+00
30 18-0.00000000E+00-0.00000000E+00-0.00000000E+00-1.62954032E-02-2.94581813E-08
30 19-0.00000000E+00-0.00000000E+00-0.00000000E+00-0.00000000E+00-0.00000000E+00
30 20-0.00000000E+00-0.00000000E+00-0.00000000E+00-0.00000000E+00-0.00000000E+00
30 21-0.00000000E+00-0.00000000E+00
31  1-7.24795145E-02 5.09406625E-02 9.64295305E-02 1.66673135E-01 0.00000000E+00
31  2 2.19875012E+00 8.42153331E-01 1.48108748E+00 0.00000000E+00 9.17031227E-03
31  3 5.07678728E-03-2.30364907E-03-3.37021596E-03 0.00000000E+00 0.00000000E+00
31  4 3.55013481E-02-2.49529453E-02 3.65092456E-02-8.78270038E-02 0.00000000E+00
31  5-1.07697985E+00 1.13972595E+00-3.05555907E-01 0.00000000E+00 1.57433028E-02
31  6-2.27219844E-02 1.12838644E-03-1.51398197E-02 0.00000000E+00 0.00000000E+00
31  7 3.69818190E-02-2.59942868E-02 9.82488381E-02 1.21322911E-02 0.00000000E+00
31  8-1.12186270E+00 8.69270314E-01-8.22961129E-01 0.00000000E+00-1.82305637E-03
31  9-5.44589578E-03 1.17519600E-03-2.64399909E-02 0.00000000E+00 0.00000000E+00
31 10-7.24794712E-02 5.09413246E-02-9.64142615E-02-1.66682554E-01 0.00000000E+00
31 11 2.19871823E+00-8.42032749E-01-1.48115901E+00 0.00000000E+00 9.17141441E-03
31 12 5.07560858E-03-2.30355681E-03-3.36955108E-03 0.00000000E+00 0.00000000E+00
31 13 3.54989045E-02-2.49526424E-02-3.65006726E-02 8.78316853E-02 0.00000000E+00
31 14-1.07686262E+00-1.13965694E+00 3.05577196E-01 0.00000000E+00 1.57420611E-02
31 15-2.27199968E-02 1.12822345E-03-1.51410510E-02 0.00000000E+00 0.00000000E+00
31 16 3.69783076E-02-2.59916608E-02-9.82438697E-02-1.21388779E-02 0.00000000E+00
31 17-1.12175928E+00-8.69266457E-01 8.22897172E-01 0.00000000E+00-1.82109596E-03
31 18-5.44821731E-03 1.17541935E-03-2.64394279E-02 0.00000000E+00 0.00000000E+00
31 19-6.21553970E-03-4.90957571E-01-6.47357445E-03-5.11424300E-01 1.26806277E-02
31 20 1.00239435E+00-6.46578583E-03-5.11432140E-01-6.20612528E-03-4.90969703E-01
31 21 1.26816888E-02 1.00239046E+00
32  1 8.54951467E-04-6.00735207E-04 1.10951301E-02-9.02643318E-03 0.00000000E+00
32  2-2.59412305E-02-8.38537081E-01 4.60935526E-01 0.00000000E+00 2.29486964E-02
32  3-2.31167633E-02 2.71844561E-05 1.54107178E-02 0.00000000E+00 0.00000000E+00
32  4-6.31943438E-02 4.44161672E-02-8.99275491E-02 1.41944861E-01 0.00000000E+00
32  5 1.91707087E+00-3.36892115E-01 1.52083086E+00 0.00000000E+00 1.90526033E-02
32  6-6.62959393E-03-2.00880559E-03-4.42987959E-03 0.00000000E+00 0.00000000E+00
32  7 6.23442306E-02-4.38169062E-02 1.65626835E-01-7.20679058E-03 0.00000000E+00
32  8-1.89131983E+00 1.46545186E+00 4.88108187E-01 0.00000000E+00-3.07423245E-03
32  9-9.18085178E-03 1.98160875E-03 1.56825607E-02 0.00000000E+00 0.00000000E+00
32 10 8.53826940E-04-5.99517049E-04-1.10749565E-02 9.01314322E-03 0.00000000E+00
32 11-2.59115404E-02 8.38711180E-01-4.61034939E-01 0.00000000E+00 2.29498505E-02
32 12-2.31180345E-02 2.72687728E-05 1.54127070E-02 0.00000000E+00 0.00000000E+00
32 13-6.31991081E-02 4.44180732E-02 8.99376494E-02-1.41943698E-01 0.00000000E+00
32 14 1.91727213E+00 3.36963319E-01-1.52079991E+00 0.00000000E+00 1.90507769E-02
32 15-6.62734688E-03-2.00889373E-03-4.43235943E-03 0.00000000E+00 0.00000000E+00
32 16 6.23401708E-02-4.38153561E-02-1.65621163E-01 7.18947637E-03 0.00000000E+00
32 17-1.89117158E+00-1.46542870E+00-4.88242190E-01 0.00000000E+00-3.07210713E-03
32 18-9.18297131E-03 1.98168184E-03 1.56839638E-02 0.00000000E+00 0.00000000E+00
32 19 1.10508474E-02 8.74001950E-01-1.09124727E-02-8.62176742E-01-1.48933310E-04
32 20-1.18113094E-02-1.09037335E-02-8.62177137E-01 1.10644325E-02 8.73973537E-01
32 21-1.51933468E-04-1.18074925E-02
33  1-1.88706245E-04 7.70787383E-05 1.95099597E-01-1.12415574E-01-0.00000000E+00
33  2 8.41652674E-03 1.89175888E+00-1.09108903E+00-0.00000000E+00-1.52413623E-02
33  3 1.52673438E-02-1.36805459E-06-9.99868847E-03-0.00000000E+00-0.00000000E+00
33  4 4.10123440E-02-1.67909339E-02 1.19534344E-01 1.97035013E-02-0.00000000E+00
33  5-1.82455759E+00 1.06184472E+00 3.59755546E-01-0.00000000E+00 1.85285776E-02
33  6-2.42329514E-02 3.26563190E-04 2.23714250E-02-0.00000000E+00-0.00000000E+00
33  7 4.11971614E-02-1.68660590E-02 4.28897078E-02-1.11799639E-01-0.00000000E+00
33  8-1.83282731E+00 2.20244769E-01-1.08426490E+00-0.00000000E+00-3.04618817E-02
33  9 2.47326921E-02 3.27688327E-04-1.00558240E-02-0.00000000E+00-0.00000000E+00
33 10 1.94035353E-04-8.01303190E-05 1.95110124E-01-1.12408852E-01-0.00000000E+00
33 11-8.61891066E-03 1.89171939E+00-1.09092067E+00-0.00000000E+00 1.52381498E-02
33 12-1.52657541E-02 1.79159374E-06 9.99735265E-03-0.00000000E+00-0.00000000E+00
33 13-4.10082962E-02 1.67886336E-02 1.19528495E-01 1.97114863E-02-0.00000000E+00
33 14 1.82441128E+00 1.06190572E+00 3.59918460E-01-0.00000000E+00-1.85315979E-02
33 15 2.42347009E-02-3.26271353E-04-2.23698902E-02-0.00000000E+00-0.00000000E+00
33 16-4.12065472E-02 1.68706983E-02 4.29109070E-02-1.11796003E-01-0.00000000E+00
33 17 1.83318115E+00 2.20468716E-01-1.08427220E+00-0.00000000E+00 3.04625063E-02
33 18-2.47307930E-02-3.28230919E-04 1.00560327E-02-0.00000000E+00-0.00000000E+00
33 19-1.19369942E-01 8.01196882E-02-1.19924908E-01 8.05682299E-02-5.59470002E-04
33 20 3.47762980E-04 1.19927219E-01-8.04556406E-02 1.19367854E-01-8.01724056E-02
33 21 5.56840382E-04-4.09831807E-04
34  1 4.74651338E-02-1.94333232E-02-2.39266552E-02-4.32556519E-02-0.00000000E+00
34  2-2.11165019E+00-1.19286641E-01-2.24250174E-01-0.00000000E+00 1.25341297E-02
34  3-1.91354988E-02 3.77698579E-04-3.18326349E-02-0.00000000E+00-0.00000000E+00
34  4 2.38986949E-02-9.78437310E-03-1.56042632E-01-1.18824412E-01-0.00000000E+00
34  5-1.06322935E+00-1.57012947E+00-1.05410804E+00-0.00000000E+00-6.78231865E-03
34  6 3.45821210E-03 1.90347638E-04 2.47561708E-02-0.00000000E+00-0.00000000E+00
34  7-2.35669282E-02 9.64933748E-03-2.45360665E-02-1.95457059E-01-0.00000000E+00
34  8 1.04846749E+00-1.26019096E-01-1.89564341E+00-0.00000000E+00 1.74241856E-02
34  9-1.41462599E-02-1.87677293E-04-1.75797418E-02-0.00000000E+00-0.00000000E+00
34 10-4.74656494E-02 1.94333935E-02-2.39232547E-02-4.32571676E-02-0.00000000E+00
34 11 2.11166199E+00-1.19316464E-01-2.24264847E-01-0.00000000E+00-1.25343047E-02
34 12 1.91362231E-02-3.77903902E-04 3.18325823E-02-0.00000000E+00-0.00000000E+00
34 13-2.38974867E-02 9.78462552E-03-1.56042137E-01-1.18821864E-01-0.00000000E+00
34 14 1.06317686E+00-1.57014364E+00-1.05407205E+00-0.00000000E+00 6.78188240E-03
34 15-3.45817346E-03-1.90179424E-04-2.47562992E-02-0.00000000E+00-0.00000000E+00
34 16 2.35659439E-02-9.64826022E-03-2.45342932E-02-1.95457405E-01-0.00000000E+00
34 17-1.04842939E+00-1.25991097E-01-1.89562448E+00-0.00000000E+00-1.74240138E-02
34 18 1.41464967E-02 1.87527729E-04 1.75793039E-02-0.00000000E+00-0.00000000E+00
34 19-6.95608231E-02 4.66975619E-02 6.85963203E-02-4.60521663E-02 1.38155972E-01
34 20-9.27253080E-02-6.85950178E-02 4.60676471E-02 6.95625028E-02-4.67251098E-02
34 21-1.38154821E-01 9.27333840E-02
35  1-3.80063074E-07 4.72028113E-06-2.83909386E-01 1.63914506E-01-0.00000000E+00
35  2 1.88413971E-05 4.36091867E-01-2.51758049E-01-0.00000000E+00-3.58809078E-02
35  3 3.58819615E-02 4.24653403E-08-2.39219213E-02-0.00000000E+00-0.00000000E+00
35  4 6.73655518E-07 6.09227846E-06 2.83905606E-01 1.63915905E-01-0.00000000E+00
35  5-3.17962906E-05-4.36207180E-01-2.51865969E-01-0.00000000E+00-3.58809170E-02
35  6 3.58815392E-02 4.96109549E-08 2.39214991E-02-0.00000000E+00-0.00000000E+00
35  7 3.78729711E-08 7.13577349E-06-3.55108652E-07-3.27833049E-01-0.00000000E+00
35  8 1.52330333E-05-1.02831863E-05 5.03537092E-01-0.00000000E+00-8.24050092E-07
35  9 1.76473909E-06 4.56071153E-08 4.78421119E-02-0.00000000E+00-0.00000000E+00
35 10 7.19791535E-07 4.80961240E-06-2.83904875E-01 1.63906797E-01-0.00000000E+00
35 11-2.80934416E-05 4.36227811E-01-2.51825244E-01-0.00000000E+00 3.58819476E-02
35 12-3.58818255E-02 1.05280796E-07 2.39214979E-02-0.00000000E+00-0.00000000E+00
35 13-1.03308461E-06 1.13626949E-06 2.83911713E-01 1.63918617E-01-0.00000000E+00
35 14 2.84428096E-05-4.36065977E-01-2.51797614E-01-0.00000000E+00 3.58821467E-02
35 15-3.58813659E-02 1.99703054E-08-2.39203806E-02-0.00000000E+00-0.00000000E+00
35 16 2.90168487E-07 2.49427483E-06 4.12726810E-06-3.27827853E-01-0.00000000E+00
35 17-2.54635044E-05-2.03308396E-05 5.03699719E-01-0.00000000E+00 8.54326494E-07
35 18-6.64417810E-07 1.32666575E-07-4.78418616E-02-0.00000000E+00-0.00000000E+00
35 19-7.21776231E-07-3.02966698E-06-9.25541111E-07 3.59127588E-06-9.29073225E-07
35 20-3.20447552E-06 3.69299198E-07-2.81086452E-06-2.45789507E-07 7.75279155E-06
35 21 4.53320070E-07 3.97854921E-06
36  1 2.94073906E-03 4.09370734E-01 1.07460416E-01 1.86129672E-01 0.00000000E+00
36  2-3.88602158E-01-7.49017692E-02-1.29693043E-01 0.00000000E+00 6.75819220E-02
36  3 1.29992075E-02 3.26870110E-03-5.45799820E-02 0.00000000E+00 0.00000000E+00
36  4 2.93063607E-03 4.09371463E-01-1.07477032E-01 1.86133475E-01 0.00000000E+00
36  5-3.88236693E-01 7.47456829E-02-1.29473160E-01 0.00000000E+00 6.75792653E-02
36  6 1.29993630E-02 3.27068995E-03 5.45798892E-02 0.00000000E+00 0.00000000E+00
36  7 2.94057171E-03 4.09364562E-01-2.14923431E-01 3.09724583E-06 0.00000000E+00
36  8-3.88619410E-01 1.49784033E-01-3.12845028E-05 0.00000000E+00-1.42909162E-02
36  9 9.48688931E-02 3.26916614E-03-1.98845561E-06 0.00000000E+00 0.00000000E+00
36 10 2.92965989E-03 4.09369043E-01-1.07463862E-01-1.86142751E-01 0.00000000E+00
36 11-3.88197909E-01 7.47475143E-02 1.29445334E-01 0.00000000E+00 6.75805856E-02
36 12 1.29995532E-02 3.27070063E-03-5.45810098E-02 0.00000000E+00 0.00000000E+00
36 13 2.94114049E-03 4.09368582E-01 1.07460018E-01-1.86128817E-01 0.00000000E+00
36 14-3.88637038E-01-7.48810963E-02 1.29727760E-01 0.00000000E+00 6.75784448E-02
36 15 1.29998787E-02 3.26900940E-03 5.45801418E-02 0.00000000E+00 0.00000000E+00
36 16 2.93083687E-03 4.09375457E-01 2.14934579E-01 1.13474967E-06 0.00000000E+00
36 17-3.88236566E-01-1.49494451E-01 2.56634955E-05 0.00000000E+00-1.42901959E-02
36 18 9.48701161E-02 3.27043816E-03-6.70269492E-07 0.00000000E+00 0.00000000E+00
36 19-1.45029102E-01 2.22783442E-01-1.45017556E-01 2.22678739E-01-1.45029651E-01
36 20 2.22795152E-01-1.45028013E-01 2.22788064E-01-1.45016732E-01 2.22678519E-01
36 21-1.45015741E-01 2.22689329E-01
37  1 0.00000000E+00 0.00000000E+00 0.00000000E+00 0.00000000E+00 4.29792185E-01
37  2 0.00000000E+00 0.00000000E+00 0.00000000E+00-3.01620532E-01 0.00000000E+00
37  3 0.00000000E+00 0.00000000E+00 0.00000000E+00 1.07388543E-02 1.86011817E-02
37  4 0.00000000E+00 0.00000000E+00 0.00000000E+00 0.00000000E+00 4.29791746E-01
37  5 0.00000000E+00 0.00000000E+00 0.00000000E+00-3.01625778E-01 0.00000000E+00
37  6 0.00000000E+00 0.00000000E+00 0.00000000E+00-1.07393347E-02 1.86015345E-02
37  7 0.00000000E+00 0.00000000E+00 0.00000000E+00 0.00000000E+00 4.29788676E-01
37  8 0.00000000E+00 0.00000000E+00 0.00000000E+00-3.01619982E-01 0.00000000E+00
37  9 0.00000000E+00 0.00000000E+00 0.00000000E+00-2.14783928E-02-9.56546897E-07
37 10 0.00000000E+00 0.00000000E+00 0.00000000E+00 0.00000000E+00 4.29787646E-01
37 11 0.00000000E+00 0.00000000E+00 0.00000000E+00-3.01616800E-01 0.00000000E+00
37 12 0.00000000E+00 0.00000000E+00 0.00000000E+00-1.07393656E-02-1.86003461E-02
37 13 0.00000000E+00 0.00000000E+00 0.00000000E+00 0.00000000E+00 4.29791819E-01
37 14 0.00000000E+00 0.00000000E+00 0.00000000E+00-3.01624407E-01 0.00000000E+00
37 15 0.00000000E+00 0.00000000E+00 0.00000000E+00 1.07393133E-02-1.86013853E-02
37 16 0.00000000E+00 0.00000000E+00 0.00000000E+00 0.00000000E+00 4.29794062E-01
37 17 0.00000000E+00 0.00000000E+00 0.00000000E+00-3.01627470E-01 0.00000000E+00
37 18 0.00000000E+00 0.00000000E+00 0.00000000E+00 2.14793085E-02 1.32063213E-07
37 19 0.00000000E+00 0.00000000E+00 0.00000000E+00 0.00000000E+00 0.00000000E+00
37 20 0.00000000E+00 0.00000000E+00 0.00000000E+00 0.00000000E+00 0.00000000E+00
37 21 0.00000000E+00 0.00000000E+00
38  1 1.27581316E-05-2.48226310E-05-1.86742352E-01 1.07801526E-01-0.00000000E+00
38  2-4.66416180E-04-3.46165743E+00 1.99810669E+00-0.00000000E+00 5.92110570E-03
38  3-5.92730919E-03-1.51715335E-06 3.94836688E-03-0.00000000E+00-0.00000000E+00
38  4-1.51975081E-05-4.66538495E-06-1.86748649E-01-1.07797793E-01-0.00000000E+00
38  5 5.58481132E-04-3.46159769E+00-1.99810861E+00-0.00000000E+00-5.92277459E-03
38  6 5.91834723E-03 4.21429672E-06 3.94967117E-03-0.00000000E+00-0.00000000E+00
38  7 1.51363707E-05-2.78623520E-05 1.80839016E-05-2.15623308E-01-0.00000000E+00
38  8-4.48396949E-04 4.37900848E-04-3.99687454E+00-0.00000000E+00-3.11336053E-06
38  9 3.00564920E-07-3.13311181E-06-7.89834132E-03-0.00000000E+00-0.00000000E+00
38 10-1.54673877E-05-1.38428477E-05 1.86751099E-01-1.07837553E-01-0.00000000E+00
38 11 5.16051837E-04 3.46117914E+00-1.99873002E+00-0.00000000E+00 5.91990984E-03
38 12-5.92814040E-03 4.92410671E-06 3.94604070E-03-0.00000000E+00-0.00000000E+00
38 13 1.13912359E-05-3.21851408E-05 1.86720023E-01 1.07816207E-01-0.00000000E+00
38 14-5.32307847E-04 3.46121706E+00 1.99882949E+00-0.00000000E+00-5.92846955E-03
38 15 5.91687097E-03-9.05133719E-08 3.94955830E-03-0.00000000E+00-0.00000000E+00
38 16-1.30632098E-05-1.66247760E-05 8.77359218E-06 2.15628248E-01-0.00000000E+00
38 17 5.34912683E-04 3.41397209E-04 3.99691848E+00-0.00000000E+00-5.68417776E-06
38 18 1.05516798E-06 3.27037436E-06-7.89521232E-03-0.00000000E+00-0.00000000E+00
38 19-3.14006471E-05 1.53352292E-04 1.03987212E-05-1.59627821E-04-4.05148757E-05
38 20 1.52940595E-04-3.39493359E-05 1.43917316E-04-5.51489304E-06-1.49180698E-04
38 21 4.12479660E-06-1.50381577E-04
39  1 1.14897798E-01-6.66247118E-02-5.46260564E-02-9.46532041E-02 0.00000000E+00
39  2-4.40352416E+00-1.65362260E+00-2.86519597E+00 0.00000000E+00-5.63247291E-03
39  3 3.81024929E-04-2.37749714E-02 6.01168616E-03 0.00000000E+00 0.00000000E+00
39  4-1.14908263E-01 6.63964687E-02-5.46175238E-02 9.46717842E-02 0.00000000E+00
39  5 4.40386167E+00-1.65361091E+00 2.86514698E+00 0.00000000E+00 5.60630559E-03
39  6-4.27842513E-04 2.37898830E-02 6.03239440E-03 0.00000000E+00 0.00000000E+00
39  7 1.14901319E-01-6.66382200E-02 1.09293513E-01 8.53091361E-06 0.00000000E+00
39  8-4.40351899E+00 3.30815086E+00 5.81351091E-04 0.00000000E+00 3.38751280E-03
39  9-8.63543673E-03-2.37774196E-02 1.10578620E-08 0.00000000E+00 0.00000000E+00
39 10-1.14910517E-01 6.63860403E-02-5.46669808E-02-9.46523220E-02 0.00000000E+00
39 11 4.40377554E+00-1.65445085E+00-2.86460797E+00 0.00000000E+00 5.59982628E-03
39 12-4.31037847E-04 2.37925191E-02-6.03063674E-03 0.00000000E+00 0.00000000E+00
39 13 1.14899569E-01-6.66401539E-02-5.46827967E-02 9.46225986E-02 0.00000000E+00
39 14-4.40355942E+00-1.65448758E+00 2.86472702E+00 0.00000000E+00-5.63076868E-03
39 15 3.77826950E-04-2.37757362E-02-6.01386387E-03 0.00000000E+00 0.00000000E+00
39 16-1.14906761E-01 6.63912654E-02 1.09291882E-01-2.49365264E-05 0.00000000E+00
39 17 4.40388320E+00 3.30809971E+00-4.32763282E-04 0.00000000E+00-3.44317020E-03
39 18 8.62370028E-03 2.37886934E-02 8.39375073E-07 0.00000000E+00 0.00000000E+00
39 19-1.61703461E-01 1.26079136E+00 1.61538407E-01-1.26079992E+00-1.61713962E-01
39 20 1.26077047E+00-1.61699640E-01 1.26078609E+00 1.61532412E-01-1.26080384E+00
39 21 1.61527833E-01-1.26078574E+00
40  1-1.44780675E-02-3.60999236E-01 2.73390324E-02 4.73373904E-02-0.00000000E+00
40  2 5.16187143E-01-9.96493136E-02-1.73011220E-01-0.00000000E+00-3.67949242E-02
40  3-8.14219044E-02 2.55798801E-02-4.46269802E-02-0.00000000E+00-0.00000000E+00
40  4-1.44150464E-02-3.61042263E-01-2.72965410E-02 4.72884229E-02-0.00000000E+00
40  5 5.13746741E-01 1.00910744E-01-1.74376061E-01-0.00000000E+00-3.67997816E-02
40  6-8.14223492E-02 2.55663534E-02 4.46232896E-02-0.00000000E+00-0.00000000E+00
40  7-1.44798436E-02-3.61001624E-01-5.46654388E-02 1.30848883E-05-0.00000000E+00
40  8 5.16214471E-01 1.99624319E-01 2.03828630E-04-0.00000000E+00-1.03736556E-01
40  9-1.44837780E-02 2.55805566E-02-2.90406228E-07-0.00000000E+00-0.00000000E+00
40 10-1.44138085E-02-3.61042016E-01-2.73123777E-02-4.72812755E-02-0.00000000E+00
40 11 5.13741373E-01 1.00569695E-01 1.74618539E-01-0.00000000E+00-3.67984277E-02
40 12-8.14218749E-02 2.55656615E-02-4.46227777E-02-0.00000000E+00-0.00000000E+00
40 13-1.44795850E-02-3.60998924E-01 2.73247093E-02-4.73443321E-02-0.00000000E+00
40 14 5.16193316E-01-9.99952990E-02 1.72759892E-01-0.00000000E+00-3.67964692E-02
40 15-8.14234229E-02 2.55805808E-02 4.46268063E-02-0.00000000E+00-0.00000000E+00
40 16-1.44147182E-02-3.61039345E-01 5.46014370E-02-1.75896800E-05-0.00000000E+00
40 17 5.13734522E-01-2.01472104E-01-2.03245939E-04-0.00000000E+00-1.03733884E-01
40 18-1.44871435E-02 2.55662548E-02-5.60391992E-07-0.00000000E+00-0.00000000E+00
40 19-3.30698761E-01-2.87707273E-02-3.30790941E-01-2.80663732E-02-3.30693178E-01
40 20-2.87985978E-02-3.30697700E-01-2.87702451E-02-3.30792052E-01-2.80523435E-02
40 21-3.30786020E-01-2.80870298E-02
41  1 0.00000000E+00 0.00000000E+00 0.00000000E+00 0.00000000E+00 6.25584310E-02
41  2 0.00000000E+00 0.00000000E+00 0.00000000E+00-6.05424177E-02 0.00000000E+00
41  3 0.00000000E+00 0.00000000E+00 0.00000000E+00 3.88497265E-02-1.60220020E-02
41  4 0.00000000E+00 0.00000000E+00 0.00000000E+00 0.00000000E+00 5.60935665E-01
41  5 0.00000000E+00 0.00000000E+00 0.00000000E+00-5.42874654E-01 0.00000000E+00
41  6 0.00000000E+00 0.00000000E+00 0.00000000E+00-1.00368944E-02 5.16604406E-02
41  7 0.00000000E+00 0.00000000E+00 0.00000000E+00 0.00000000E+00 4.98374751E-01
41  8 0.00000000E+00 0.00000000E+00 0.00000000E+00-4.82326763E-01 0.00000000E+00
41  9 0.00000000E+00 0.00000000E+00 0.00000000E+00-4.42081579E-02-2.45187903E-02
41 10 0.00000000E+00 0.00000000E+00 0.00000000E+00 0.00000000E+00-6.25601175E-02
41 11 0.00000000E+00 0.00000000E+00 0.00000000E+00 6.05469904E-02 0.00000000E+00
41 12 0.00000000E+00 0.00000000E+00 0.00000000E+00 3.88491768E-02-1.60211615E-02
41 13 0.00000000E+00 0.00000000E+00 0.00000000E+00 0.00000000E+00-5.60930631E-01
41 14 0.00000000E+00 0.00000000E+00 0.00000000E+00 5.42868330E-01 0.00000000E+00
41 15 0.00000000E+00 0.00000000E+00 0.00000000E+00-1.00369923E-02 5.16601717E-02
41 16 0.00000000E+00 0.00000000E+00 0.00000000E+00 0.00000000E+00-4.98371140E-01
41 17 0.00000000E+00 0.00000000E+00 0.00000000E+00 4.82323822E-01 0.00000000E+00
41 18 0.00000000E+00 0.00000000E+00 0.00000000E+00-4.42080023E-02-2.45185717E-02
41 19 0.00000000E+00 0.00000000E+00 0.00000000E+00 0.00000000E+00 0.00000000E+00
41 20 0.00000000E+00 0.00000000E+00 0.00000000E+00 0.00000000E+00 0.00000000E+00
41 21 0.00000000E+00 0.00000000E+00
42  1 0.00000000E+00 0.00000000E+00 0.00000000E+00 0.00000000E+00-6.11587374E-01
42  2 0.00000000E+00 0.00000000E+00 0.00000000E+00 5.91895754E-01 0.00000000E+00
42  3 0.00000000E+00 0.00000000E+00 0.00000000E+00-2.34349900E-02-4.91135605E-02
42  4 0.00000000E+00 0.00000000E+00 0.00000000E+00 0.00000000E+00-2.51614734E-01
42  5 0.00000000E+00 0.00000000E+00 0.00000000E+00 2.43511852E-01 0.00000000E+00
42  6 0.00000000E+00 0.00000000E+00 0.00000000E+00 4.42464969E-02-2.26205331E-04
42  7 0.00000000E+00 0.00000000E+00 0.00000000E+00 0.00000000E+00 3.59975076E-01
42  8 0.00000000E+00 0.00000000E+00 0.00000000E+00-3.48382562E-01 0.00000000E+00
42  9 0.00000000E+00 0.00000000E+00 0.00000000E+00-3.19312068E-02 3.39439409E-02
42 10 0.00000000E+00 0.00000000E+00 0.00000000E+00 0.00000000E+00 6.11593444E-01
42 11 0.00000000E+00 0.00000000E+00 0.00000000E+00-5.91898653E-01 0.00000000E+00
42 12 0.00000000E+00 0.00000000E+00 0.00000000E+00-2.34354852E-02-4.91132100E-02
42 13 0.00000000E+00 0.00000000E+00 0.00000000E+00 0.00000000E+00 2.51622145E-01
42 14 0.00000000E+00 0.00000000E+00 0.00000000E+00-2.43522609E-01 0.00000000E+00
42 15 0.00000000E+00 0.00000000E+00 0.00000000E+00 4.42470670E-02-2.26214583E-04
42 16 0.00000000E+00 0.00000000E+00 0.00000000E+00 0.00000000E+00-3.59974853E-01
42 17 0.00000000E+00 0.00000000E+00 0.00000000E+00 3.48386981E-01 0.00000000E+00
42 18 0.00000000E+00 0.00000000E+00 0.00000000E+00-3.19316937E-02 3.39444592E-02
42 19 0.00000000E+00 0.00000000E+00 0.00000000E+00 0.00000000E+00 0.00000000E+00
42 20 0.00000000E+00 0.00000000E+00 0.00000000E+00 0.00000000E+00 0.00000000E+00
42 21 0.00000000E+00 0.00000000E+00
43  1-5.85822392E-03-6.20625474E-02-3.58567724E-01 2.05457906E-01-0.00000000E+00
43  2 9.43637605E-02 2.05052106E-01-1.20005777E-01-0.00000000E+00 1.16674382E-02
43  3-3.77569641E-02 5.42285094E-03 1.81550508E-02-0.00000000E+00-0.00000000E+00
43  4-4.69318777E-02-4.95635247E-01-1.37990737E-01-9.17099105E-02-0.00000000E+00
43  5 7.54396337E-01 8.77114593E-02 3.82228524E-02-0.00000000E+00-1.19519413E-01
43  6-8.91237889E-02 4.34260362E-02-3.35886024E-03-0.00000000E+00-0.00000000E+00
43  7-4.10644499E-02-4.33576107E-01 9.09348300E-03 2.48114888E-01-0.00000000E+00
43  8 6.59896698E-01 9.45079188E-03-1.42783482E-01-0.00000000E+00-8.24148954E-02
43  9-1.00126376E-01 3.79971826E-02 2.02859270E-02-0.00000000E+00-0.00000000E+00
43 10 5.89088289E-03 6.20430658E-02-3.58585907E-01 2.05567856E-01-0.00000000E+00
43 11-9.44574673E-02 2.05259134E-01-1.20066639E-01-0.00000000E+00-1.16322125E-02
43 12 3.77845213E-02-5.44991216E-03-1.81703814E-02-0.00000000E+00-0.00000000E+00
43 13 4.69249304E-02 4.95635749E-01-1.37785236E-01-9.16097009E-02-0.00000000E+00
43 14-7.54356558E-01 8.76545692E-02 3.81697257E-02-0.00000000E+00 1.19501471E-01
43 15 8.91290817E-02-4.34207732E-02 3.36245049E-03-0.00000000E+00-0.00000000E+00
43 16 4.10388355E-02 4.33591252E-01 9.15934334E-03 2.47970220E-01-0.00000000E+00
43 17-6.59836668E-01 9.48649185E-03-1.42512770E-01-0.00000000E+00 8.24017476E-02
43 18 1.00088776E-01-3.79760088E-02-2.02776268E-02-0.00000000E+00-0.00000000E+00
43 19-2.47594239E-01-1.27558322E-01-2.16625186E-01-1.11597153E-01 3.10491509E-02
43 20 1.59594122E-02 2.16545258E-01 1.11629247E-01 2.47575840E-01 1.27564769E-01
43 21-3.09423139E-02-1.60072034E-02
44  1 5.07899471E-02 5.36489826E-01-3.58051565E-02 3.37220737E-02-0.00000000E+00
44  2-8.16438175E-01 2.97678033E-02-3.59757440E-03-0.00000000E+00 1.21321736E-01
44  3 1.04504209E-01-4.69987827E-02-8.99230556E-03-0.00000000E+00-0.00000000E+00
44  4 2.03045943E-02 2.14505941E-01-3.32884572E-01-1.86958023E-01-0.00000000E+00
44  5-3.26540680E-01 1.87829549E-01 1.13776230E-01-0.00000000E+00 2.39158170E-02
44  6 6.63658745E-02-1.87877894E-02 1.99826897E-02-0.00000000E+00-0.00000000E+00
44  7-3.04770355E-02-3.21989650E-01 6.81053305E-03-3.34005536E-01-0.00000000E+00
44  8 4.90116509E-01 6.96105399E-03 1.92101751E-01-0.00000000E+00-6.11903882E-02
44  9-7.43277696E-02 2.82005370E-02-2.73093343E-02-0.00000000E+00-0.00000000E+00
44 10-5.07975286E-02-5.36487519E-01-3.56997047E-02 3.36432461E-02-0.00000000E+00
44 11 8.16466880E-01 2.95985522E-02-3.52301989E-03-0.00000000E+00-1.21325426E-01
44 12-1.04516026E-01 4.70046928E-02 9.00022681E-03-0.00000000E+00-0.00000000E+00
44 13-2.03184187E-02-2.14501594E-01-3.32964218E-01-1.87043506E-01-0.00000000E+00
44 14 3.26584998E-01 1.87879346E-01 1.13764291E-01-0.00000000E+00-2.39282415E-02
44 15-6.63806848E-02 1.87986678E-02-1.99927790E-02-0.00000000E+00-0.00000000E+00
44 16 3.04987489E-02 3.21976103E-01 6.75290201E-03-3.34030585E-01-0.00000000E+00
44 17-4.90188934E-01 6.91615811E-03 1.92067647E-01-0.00000000E+00 6.12027509E-02
44 18 7.43557123E-02-2.82185519E-02 2.73116367E-02-0.00000000E+00-0.00000000E+00
44 19 1.07134258E-01 5.51963394E-02-1.60805165E-01-8.28719100E-02-2.67995751E-01
44 20-1.38120380E-01 1.60877763E-01 8.28322544E-02-1.07173659E-01-5.51735886E-02
44 21 2.67973523E-01 1.38135651E-01
45  1 7.93687874E-02-4.30853135E-02-6.11821569E-02-2.00139197E-01-0.00000000E+00
45  2-2.50688769E-01-1.04264370E-01-9.36917868E-02-0.00000000E+00 9.33753069E-02
45  3 6.25797006E-02-6.52756743E-02-3.64217936E-02-0.00000000E+00-0.00000000E+00
45  4-3.34581190E-02 1.83119606E-02-4.53206611E-01-1.62362493E-01-0.00000000E+00
45  5 1.05564451E-01 3.50427379E-01 2.67287797E-01-0.00000000E+00-6.14469131E-02
45  6-4.25912296E-03 2.75145327E-02-6.22292313E-04-0.00000000E+00-0.00000000E+00
45  7-4.58841883E-02 2.50152254E-02-1.17926645E-01 4.26605359E-01-0.00000000E+00
45  8 1.44599175E-01-7.69217327E-02-3.93775238E-01-0.00000000E+00-2.48244703E-02
45  9-6.53207570E-02 3.77385498E-02 2.54713303E-02-0.00000000E+00-0.00000000E+00
45 10 7.93536007E-02-4.31728661E-02 6.13264755E-02 2.00054500E-01-0.00000000E+00
45 11-2.50303422E-01 1.04108035E-01 9.35597877E-02-0.00000000E+00 9.33651668E-02
45 12 6.25512448E-02-6.52659444E-02-3.64115537E-02-0.00000000E+00-0.00000000E+00
45 13-3.34742464E-02 1.80667942E-02 4.53220655E-01 1.62385668E-01-0.00000000E+00
45 14 1.05691193E-01-3.50510678E-01-2.67118997E-01-0.00000000E+00-6.15014240E-02
45 15-4.30494692E-03 2.75336747E-02-6.26535956E-04-0.00000000E+00-0.00000000E+00
45 16-4.59049957E-02 2.48718633E-02 1.17927946E-01-4.26746835E-01-0.00000000E+00
45 17 1.45105005E-01 7.71134259E-02 3.93855956E-01-0.00000000E+00-2.48538288E-02
45 18-6.53548125E-02 3.77533634E-02 2.54839220E-02-0.00000000E+00-0.00000000E+00
45 19-1.06504276E-01 4.68700035E-02-1.46089158E-01 6.41623248E-02 2.52674285E-01
45 20-1.10956137E-01-1.46174208E-01 6.42009904E-02-1.06610353E-01 4.67364053E-02
45 21 2.52726488E-01-1.11001153E-01
46  1-7.16769552E-03 3.96809140E-03 4.59409126E-01-2.43944556E-01 0.00000000E+00
46  2 2.24817079E-02-4.09524158E-01 2.50291900E-01 0.00000000E+00-3.18975952E-02
46  3 1.78277693E-02 5.89516715E-03-1.23560885E-02 0.00000000E+00 0.00000000E+00
46  4 7.23209393E-02-3.92454480E-02-9.69686823E-02-2.70541151E-01 0.00000000E+00
46  5-2.28324099E-01 2.35811256E-01-3.96106995E-03 0.00000000E+00 7.71925128E-02
46  6 6.49251018E-02-5.94815698E-02 3.84531454E-02 0.00000000E+00 0.00000000E+00
46  7-6.51417377E-02 3.53858027E-02-1.67371335E-01-3.00672998E-01 0.00000000E+00
46  8 2.05596546E-01-1.09295112E-01 2.77361171E-01 0.00000000E+00-3.52608413E-02
46  9-9.27419965E-02 5.35768460E-02-1.79544481E-02 0.00000000E+00 0.00000000E+00
46 10-7.18368635E-03 3.83082478E-03-4.59385279E-01 2.43932576E-01 0.00000000E+00
46 11 2.28213965E-02 4.09491986E-01-2.50366216E-01 0.00000000E+00-3.19260283E-02
46 12 1.77964249E-02 5.90816937E-03-1.23520005E-02 0.00000000E+00 0.00000000E+00
46 13 7.23133147E-02-3.93570150E-02 9.69001755E-02 2.70505659E-01 0.00000000E+00
46 14-2.28234752E-01-2.35821649E-01 4.05472656E-03 0.00000000E+00 7.71739864E-02
46 15 6.48986506E-02-5.94729547E-02 3.84484591E-02 0.00000000E+00 0.00000000E+00
46 16-6.51412777E-02 3.54173065E-02 1.67373300E-01 3.00565424E-01 0.00000000E+00
46 17 2.05666630E-01 1.09381241E-01-2.77331481E-01 0.00000000E+00-3.52546505E-02
46 18-9.27340779E-02 5.35744809E-02-1.79457715E-02 0.00000000E+00 0.00000000E+00
46 19 2.30293721E-01-1.01114076E-01-2.07428716E-01 9.10881525E-02-2.28872838E-02
46 20 1.00341904E-02-2.07415461E-01 9.11285086E-02 2.30245297E-01-1.01176927E-01
46 21-2.28119137E-02 1.00361599E-02
47  1 0.00000000E+00 0.00000000E+00 0.00000000E+00 0.00000000E+00-6.50823998E-01
47  2 0.00000000E+00 0.00000000E+00 0.00000000E+00 9.96617887E-01 0.00000000E+00
47  3 0.00000000E+00 0.00000000E+00 0.00000000E+00-9.97266876E-03-7.57598712E-03
47  4 0.00000000E+00 0.00000000E+00 0.00000000E+00 0.00000000E+00 2.63191398E-01
47  5 0.00000000E+00 0.00000000E+00 0.00000000E+00-4.03031352E-01 0.00000000E+00
47  6 0.00000000E+00 0.00000000E+00 0.00000000E+00 3.27068615E-02 2.42759854E-02
47  7 0.00000000E+00 0.00000000E+00 0.00000000E+00 0.00000000E+00 3.87626514E-01
47  8 0.00000000E+00 0.00000000E+00 0.00000000E+00-5.93584067E-01 0.00000000E+00
47  9 0.00000000E+00 0.00000000E+00 0.00000000E+00-6.87796671E-03-3.56143399E-02
47 10 0.00000000E+00 0.00000000E+00 0.00000000E+00 0.00000000E+00-6.50826988E-01
47 11 0.00000000E+00 0.00000000E+00 0.00000000E+00 9.96624826E-01 0.00000000E+00
47 12 0.00000000E+00 0.00000000E+00 0.00000000E+00 9.97197503E-03 7.57610730E-03
47 13 0.00000000E+00 0.00000000E+00 0.00000000E+00 0.00000000E+00 2.63201090E-01
47 14 0.00000000E+00 0.00000000E+00 0.00000000E+00-4.03047530E-01 0.00000000E+00
47 15 0.00000000E+00 0.00000000E+00 0.00000000E+00-3.27069496E-02-2.42767864E-02
47 16 0.00000000E+00 0.00000000E+00 0.00000000E+00 0.00000000E+00 3.87624201E-01
47 17 0.00000000E+00 0.00000000E+00 0.00000000E+00-5.93576639E-01 0.00000000E+00
47 18 0.00000000E+00 0.00000000E+00 0.00000000E+00 6.87761044E-03 3.56152950E-02
47 19 0.00000000E+00 0.00000000E+00 0.00000000E+00 0.00000000E+00 0.00000000E+00
47 20 0.00000000E+00 0.00000000E+00 0.00000000E+00 0.00000000E+00 0.00000000E+00
47 21 0.00000000E+00 0.00000000E+00
48  1 0.00000000E+00 0.00000000E+00 0.00000000E+00 0.00000000E+00 7.18379603E-02
48  2 0.00000000E+00 0.00000000E+00 0.00000000E+00-1.10008469E-01 0.00000000E+00
48  3 0.00000000E+00 0.00000000E+00 0.00000000E+00-3.74024554E-02 2.30657573E-02
48  4 0.00000000E+00 0.00000000E+00 0.00000000E+00 0.00000000E+00-5.99551186E-01
48  5 0.00000000E+00 0.00000000E+00 0.00000000E+00 9.18105789E-01 0.00000000E+00
48  6 0.00000000E+00 0.00000000E+00 0.00000000E+00 2.07024260E-02-3.30376054E-04
48  7 0.00000000E+00 0.00000000E+00 0.00000000E+00 0.00000000E+00 5.27714886E-01
48  8 0.00000000E+00 0.00000000E+00 0.00000000E+00-8.08098899E-01 0.00000000E+00
48  9 0.00000000E+00 0.00000000E+00 0.00000000E+00-9.36287101E-03 2.61608816E-02
48 10 0.00000000E+00 0.00000000E+00 0.00000000E+00 0.00000000E+00 7.18413759E-02
48 11 0.00000000E+00 0.00000000E+00 0.00000000E+00-1.10009671E-01 0.00000000E+00
48 12 0.00000000E+00 0.00000000E+00 0.00000000E+00 3.74016105E-02-2.30650464E-02
48 13 0.00000000E+00 0.00000000E+00 0.00000000E+00 0.00000000E+00-5.99548855E-01
48 14 0.00000000E+00 0.00000000E+00 0.00000000E+00 9.18101633E-01 0.00000000E+00
48 15 0.00000000E+00 0.00000000E+00 0.00000000E+00-2.07018889E-02 3.30742090E-04
48 16 0.00000000E+00 0.00000000E+00 0.00000000E+00 0.00000000E+00 5.27708431E-01
48 17 0.00000000E+00 0.00000000E+00 0.00000000E+00-8.08091373E-01 0.00000000E+00
48 18 0.00000000E+00 0.00000000E+00 0.00000000E+00 9.36270724E-03-2.61608616E-02
48 19 0.00000000E+00 0.00000000E+00 0.00000000E+00 0.00000000E+00 0.00000000E+00
48 20 0.00000000E+00 0.00000000E+00 0.00000000E+00 0.00000000E+00 0.00000000E+00
48 21 0.00000000E+00 0.00000000E+00
49  1 0.00000000E+00 0.00000000E+00 0.00000000E+00 0.00000000E+00 4.78688588E-01
49  2 0.00000000E+00 0.00000000E+00 0.00000000E+00-1.10960141E+00 0.00000000E+00
49  3 0.00000000E+00 0.00000000E+00 0.00000000E+00-4.62739582E-03-8.01555743E-03
49  4 0.00000000E+00 0.00000000E+00 0.00000000E+00 0.00000000E+00-4.78682789E-01
49  5 0.00000000E+00 0.00000000E+00 0.00000000E+00 1.10959498E+00 0.00000000E+00
49  6 0.00000000E+00 0.00000000E+00 0.00000000E+00-4.62736867E-03 8.01475688E-03
49  7 0.00000000E+00 0.00000000E+00 0.00000000E+00 0.00000000E+00 4.78679866E-01
49  8 0.00000000E+00 0.00000000E+00 0.00000000E+00-1.10958648E+00 0.00000000E+00
49  9 0.00000000E+00 0.00000000E+00 0.00000000E+00 9.25535269E-03 7.98580334E-07
49 10 0.00000000E+00 0.00000000E+00 0.00000000E+00 0.00000000E+00-4.78680594E-01
49 11 0.00000000E+00 0.00000000E+00 0.00000000E+00 1.10958669E+00 0.00000000E+00
49 12 0.00000000E+00 0.00000000E+00 0.00000000E+00-4.62746457E-03-8.01424136E-03
49 13 0.00000000E+00 0.00000000E+00 0.00000000E+00 0.00000000E+00 4.78682698E-01
49 14 0.00000000E+00 0.00000000E+00 0.00000000E+00-1.10959348E+00 0.00000000E+00
49 15 0.00000000E+00 0.00000000E+00 0.00000000E+00-4.62734566E-03 8.01575393E-03
49 16 0.00000000E+00 0.00000000E+00 0.00000000E+00 0.00000000E+00-4.78686455E-01
49 17 0.00000000E+00 0.00000000E+00 0.00000000E+00 1.10960186E+00 0.00000000E+00
49 18 0.00000000E+00 0.00000000E+00 0.00000000E+00 9.25472393E-03 1.15965097E-08
49 19 0.00000000E+00 0.00000000E+00 0.00000000E+00 0.00000000E+00 0.00000000E+00
49 20 0.00000000E+00 0.00000000E+00 0.00000000E+00 0.00000000E+00 0.00000000E+00
49 21 0.00000000E+00 0.00000000E+00
50  1-4.58531487E-03 1.46971370E-02-1.44404681E-02-1.04930241E-01 0.00000000E+00
50  2 1.06945595E-01 2.84918277E-01 2.78546623E-01 0.00000000E+00 7.19388470E-02
50  3-6.58001120E-02 4.78386919E-03 3.61252166E-02 0.00000000E+00 0.00000000E+00
50  4 2.87609853E-02-9.21335569E-02-3.20605763E-01 5.25704966E-01 0.00000000E+00
50  5-6.71603460E-01 1.16999761E+00-2.10601125E+00 0.00000000E+00-1.81468762E-02
50  6-2.04669228E-02-2.99659643E-02-6.20493183E-02 0.00000000E+00 0.00000000E+00
50  7-2.41866274E-02 7.74873571E-02 5.17635300E-01-2.51784602E-02 0.00000000E+00
50  8 5.64726454E-01-2.02545028E+00-6.75712512E-02 0.00000000E+00-2.24338949E-02
50  9 5.48909451E-02 2.52055535E-02 5.47391000E-02 0.00000000E+00 0.00000000E+00
50 10-4.57552768E-03 1.46420567E-02 1.44035723E-02 1.04804158E-01 0.00000000E+00
50 11 1.07001639E-01-2.85054980E-01-2.78267039E-01 0.00000000E+00 7.19360097E-02
50 12-6.57797925E-02 4.76136138E-03 3.61733428E-02 0.00000000E+00 0.00000000E+00
50 13 2.87711843E-02-9.22025091E-02 3.20700439E-01-5.25903079E-01 0.00000000E+00
50 14-6.71813703E-01-1.17015680E+00 2.10656804E+00 0.00000000E+00-1.81613411E-02
50 15-2.04471161E-02-2.99887631E-02-6.21022853E-02 0.00000000E+00 0.00000000E+00
50 16-2.41843279E-02 7.74754243E-02-5.17638619E-01 2.51223837E-02 0.00000000E+00
50 17 5.64826608E-01 2.02556297E+00 6.79884920E-02 0.00000000E+00-2.24219054E-02
50 18 5.48886955E-02 2.52001469E-02 5.47594448E-02 0.00000000E+00 0.00000000E+00
50 19 3.00633238E-01-1.55798873E+00-2.52836015E-01 1.31009169E+00-4.78136544E-02
50 20 2.47954432E-01-2.52811119E-01 1.31010215E+00 3.00792156E-01-1.55849633E+00
50 21-4.79438631E-02 2.48259433E-01
51  1 3.05743243E-02-9.79324076E-02 3.32330770E-01 5.63653068E-01-0.00000000E+00
51  2-7.13832883E-01-1.26613084E+00-2.22530648E+00-0.00000000E+00-3.51765411E-02
51  3-5.84518702E-03-3.18620065E-02 5.53843323E-02-0.00000000E+00-0.00000000E+00
51  4-1.13186004E-02 3.62623969E-02 8.85645949E-02-2.28563731E-01-0.00000000E+00
51  5 2.64161018E-01-5.61604671E-01 7.70156364E-01-0.00000000E+00 7.79914668E-02
51  6-6.28044326E-02 1.17956190E-02-2.28127864E-02-0.00000000E+00-0.00000000E+00
51  7-1.92533910E-02 6.16890969E-02 4.12109930E-01 3.16120351E-02-0.00000000E+00
51  8 4.49676698E-01-1.61259524E+00 8.50576892E-02-0.00000000E+00-1.78526688E-02
51  9 4.36992287E-02 2.00636643E-02-6.87748637E-02-0.00000000E+00-0.00000000E+00
51 10 3.05709901E-02-9.79207710E-02-3.32335151E-01-5.63660600E-01-0.00000000E+00
51 11-7.14031776E-01 1.26626509E+00 2.22547854E+00-0.00000000E+00-3.51808121E-02
51 12-5.85700374E-03-3.18531576E-02 5.53700885E-02-0.00000000E+00-0.00000000E+00
51 13-1.13209528E-02 3.62870748E-02-8.86106530E-02 2.28659968E-01-0.00000000E+00
51 14 2.64406810E-01 5.61763656E-01-7.70561267E-01-0.00000000E+00 7.80006599E-02
51 15-6.28027823E-02 1.17991906E-02-2.27988688E-02-0.00000000E+00-0.00000000E+00
51 16-1.92534086E-02 6.16985240E-02-4.12051278E-01-3.16006660E-02-0.00000000E+00
51 17 4.49412147E-01 1.61226913E+00-8.51599593E-02-0.00000000E+00-1.78565504E-02
51 18 4.36929038E-02 2.00661978E-02-6.87807977E-02-0.00000000E+00-0.00000000E+00
51 19-1.18312019E-01 6.13051809E-01-2.01269296E-01 1.04300980E+00 3.19557963E-01
51 20-1.65603684E+00-2.01265968E-01 1.04286826E+00-1.18355635E-01 6.13307478E-01
51 21 3.19594418E-01-1.65600690E+00
52  1-4.59287146E-03 2.97746404E-02 7.68177659E-02-1.38133090E-01 0.00000000E+00
52  2 3.31588803E-02-8.21558424E-01 6.74271325E-01 0.00000000E+00-3.33726165E-02
52  3 2.79542344E-02 1.07641029E-02-4.87281105E-02 0.00000000E+00 0.00000000E+00
52  4-2.70830475E-02 1.75593028E-01 2.82267608E-01-3.91007836E-01 0.00000000E+00
52  5 1.98586157E-01-8.40734203E-01 6.99163313E-01 0.00000000E+00 6.15440813E-02
52  6-9.33148572E-02 6.34375337E-02 1.15147140E-01 0.00000000E+00 0.00000000E+00
52  7-2.24839979E-02 1.45775506E-01 3.98052534E-01-8.66462828E-02 0.00000000E+00
52  8 1.63973580E-01-8.50245720E-01 6.70091625E-01 0.00000000E+00-1.17062978E-01
52  9 9.06298164E-02 5.26781039E-02-3.51682653E-02 0.00000000E+00 0.00000000E+00
52 10 4.59670659E-03-2.97886623E-02 7.67917413E-02-1.38211573E-01 0.00000000E+00
52 11-3.32212472E-02-8.21377296E-01 6.74509226E-01 0.00000000E+00 3.33486750E-02
52 12-2.79330925E-02-1.07689842E-02 4.87219422E-02 0.00000000E+00 0.00000000E+00
52 13 2.70738163E-02-1.75570886E-01 2.82179255E-01-3.90843673E-01 0.00000000E+00
52 14-1.98345052E-01-8.40359123E-01 6.98491895E-01 0.00000000E+00-6.15338555E-02
52 15 9.33168768E-02-6.34286647E-02-1.15131805E-01 0.00000000E+00 0.00000000E+00
52 16 2.24892273E-02-1.45805996E-01 3.98186087E-01-8.66517486E-02 0.00000000E+00
52 17-1.64099736E-01-8.50753538E-01 6.70066555E-01 0.00000000E+00 1.17067563E-01
52 18-9.06455855E-02-5.26845941E-02 3.51473459E-02 0.00000000E+00 0.00000000E+00
52 19-3.99979270E-01 1.13620568E+00-3.32057068E-01 9.42652665E-01 6.78653894E-02
52 20-1.92526659E-01 3.32118294E-01-9.42985247E-01 3.99891692E-01-1.13572202E+00
52 21-6.78240847E-02 1.92325687E-01
53  1 2.86170722E-02-1.85515356E-01 2.72128348E-01 4.27796066E-01-0.00000000E+00
53  2-2.08430764E-01-6.86651863E-01-8.52671793E-01-0.00000000E+00-5.58712671E-02
53  3 8.95286342E-02-6.70470528E-02 1.27754826E-01-0.00000000E+00-0.00000000E+00
53  4 1.03315262E-02-6.69953242E-02 1.95140532E-02 2.22850737E-01-0.00000000E+00
53  5-7.65305900E-02-6.63116642E-01-8.36094152E-01-0.00000000E+00 2.12271759E-02
53  6-9.15124291E-03-2.41929556E-02-7.37475890E-02-0.00000000E+00-0.00000000E+00
53  7-1.82868576E-02 1.18569072E-01 3.24102812E-01 1.06555719E-01-0.00000000E+00
53  8 1.34712169E-01-6.93500812E-01-8.23999662E-01-0.00000000E+00-9.51742500E-02
53  9 7.37502759E-02 4.28307931E-02 4.32396276E-02-0.00000000E+00-0.00000000E+00
53 10-2.86205211E-02 1.85528263E-01 2.72158637E-01 4.27870865E-01-0.00000000E+00
53 11 2.08513020E-01-6.86831998E-01-8.52933341E-01-0.00000000E+00 5.58942928E-02
53 12-8.95455899E-02 6.70504909E-02-1.27749575E-01-0.00000000E+00-0.00000000E+00
53 13-1.03236788E-02 6.69610806E-02 1.96085975E-02 2.22685749E-01-0.00000000E+00
53 14 7.63557784E-02-6.63478068E-01-8.35466805E-01-0.00000000E+00-2.12408875E-02
53 15 9.15135264E-03 2.41840582E-02 7.37326150E-02-0.00000000E+00-0.00000000E+00
53 16 1.82820066E-02-1.18554771E-01 3.24000948E-01 1.06561539E-01-0.00000000E+00
53 17-1.34598400E-01-6.93100569E-01-8.23978324E-01-0.00000000E+00 9.51702926E-02
53 18-7.37396330E-02-4.28260093E-02-4.32181052E-02-0.00000000E+00-0.00000000E+00
53 19 1.52607851E-01-4.33984010E-01-2.70100145E-01 7.67582909E-01-4.22649404E-01
53 20 1.19977733E+00 2.70048792E-01-7.67324927E-01-1.52518442E-01 4.33507832E-01
53 21 4.22611643E-01-1.19957689E+00
54  1-3.78489094E-03-2.63179097E-02 2.68501701E-01 4.65097723E-01 0.00000000E+00
54  2-2.33577683E+00-1.58903971E+00-2.75256020E+00 0.00000000E+00-6.18027769E-02
54  3-6.34262755E-02 2.55121162E-02-1.61417183E-03 0.00000000E+00 0.00000000E+00
54  4 3.80504818E-03 2.62117247E-02 2.68380220E-01-4.64755735E-01 0.00000000E+00
54  5 2.33554602E+00-1.58907420E+00 2.75166174E+00 0.00000000E+00 6.17876598E-02
54  6 6.34702758E-02-2.55594292E-02-1.72221676E-03 0.00000000E+00 0.00000000E+00
54  7-3.80110119E-03-2.62326552E-02-5.36736237E-01 5.96203788E-05 0.00000000E+00
54  8-2.33557929E+00 3.17758310E+00-4.32913637E-04 0.00000000E+00-6.43128815E-02
54  9-6.09341037E-02 2.55485918E-02 1.68337405E-05 0.00000000E+00 0.00000000E+00
54 10 3.78731660E-03 2.63137298E-02 2.68467400E-01 4.65039186E-01 0.00000000E+00
54 11 2.33565538E+00-1.58887396E+00-2.75232990E+00 0.00000000E+00 6.17954132E-02
54 12 6.34275978E-02-2.55142689E-02 1.61713240E-03 0.00000000E+00 0.00000000E+00
54 13-3.80846837E-03-2.61915883E-02 2.68345825E-01-4.64693720E-01 0.00000000E+00
54 14-2.33552375E+00-1.58892221E+00 2.75142060E+00 0.00000000E+00-6.17770029E-02
54 15-6.34773257E-02 2.55640504E-02 1.72414271E-03 0.00000000E+00 0.00000000E+00
54 16 3.80066114E-03 2.62429816E-02-5.36759875E-01 4.93474109E-05 0.00000000E+00
54 17 2.33557559E+00 3.17766587E+00-4.15582934E-04 0.00000000E+00 6.43115014E-02
54 18 6.09380222E-02-2.55471110E-02-2.81448424E-05 0.00000000E+00 0.00000000E+00
54 19-1.17771000E-02 1.38002508E+00 1.18398825E-02-1.38013905E+00-1.20469082E-02
54 20 1.38069610E+00-1.18514346E-02 1.38020121E+00 1.17429272E-02-1.37982289E+00
54 21 1.20767659E-02-1.38086194E+00
55  1 1.03829138E-03 1.27029248E-01-4.61157046E-01 2.37930503E-01-0.00000000E+00
55  2-5.52032683E-01 2.43913486E+00-1.34924495E+00-0.00000000E+00 6.49037250E-02
55  3-5.02065764E-02 4.37255147E-03 5.34912264E-02-0.00000000E+00-0.00000000E+00
55  4 6.24227145E-03 7.63560446E-01-8.96237790E-02-2.21981958E-01-0.00000000E+00
55  5-3.31810779E+00 7.24736821E-01 7.72899587E-01-0.00000000E+00-1.29083544E-02
55  6 1.01254367E-01 2.62845334E-02-5.28132982E-02-0.00000000E+00-0.00000000E+00
55  7 5.20522484E-03 6.36537368E-01 1.22900486E-01 3.29746368E-01-0.00000000E+00
55  8-2.76605123E+00-2.55916396E-01-1.77299786E+00-0.00000000E+00 9.36383354E-02
55  9-1.99852676E-02 2.19100237E-02 5.36295673E-02-0.00000000E+00-0.00000000E+00
55 10-1.03935697E-03-1.27056375E-01-4.61192804E-01 2.37929057E-01-0.00000000E+00
55 11 5.52090609E-01 2.43933949E+00-1.34931494E+00-0.00000000E+00-6.49119862E-02
55 12 5.02092289E-02-4.37347882E-03-5.34924591E-02-0.00000000E+00-0.00000000E+00
55 13-6.24310073E-03-7.63576086E-01-8.96463877E-02-2.22006436E-01-0.00000000E+00
55 14 3.31814168E+00 7.24905653E-01 7.73006424E-01-0.00000000E+00 1.29106532E-02
55 15-1.01259280E-01-2.62850624E-02 5.28108861E-02-0.00000000E+00-0.00000000E+00
55 16-5.20336564E-03-6.36519456E-01 1.22904742E-01 3.29712696E-01-0.00000000E+00
55 17 2.76601757E+00-2.55914658E-01-1.77277910E+00-0.00000000E+00-9.36330394E-02
55 18 1.99864456E-02-2.19119359E-02-5.36260882E-02-0.00000000E+00-0.00000000E+00
55 19 2.78023244E-02 5.10591968E-01 2.31858868E-02 4.25650381E-01-4.62704201E-03
55 20-8.49807670E-02-2.31724332E-02-4.25652997E-01-2.78011986E-02-5.10599163E-01
55 21 4.63130510E-03 8.49351999E-02
56  1 6.60852632E-03 8.08340669E-01-7.48937125E-03-1.75918003E-01 0.00000000E+00
56  2-3.51265975E+00-2.16839912E-01 5.00571672E-01 0.00000000E+00 7.52544291E-04
56  3 9.27753883E-02 2.78267060E-02 6.55214156E-02 0.00000000E+00 0.00000000E+00
56  4 2.40402305E-03 2.94140172E-01 4.52438110E-01 1.95644369E-01 0.00000000E+00
56  5-1.27826047E+00-2.33911759E+00-1.21399410E+00 0.00000000E+00 6.36146833E-02
56  6-2.95851064E-02 1.01266930E-02-6.60711885E-02 0.00000000E+00 0.00000000E+00
56  7-4.20308079E-03-5.14198878E-01-9.92990236E-02 4.08178470E-01 0.00000000E+00
56  8 2.23451522E+00 2.06743004E-01-2.19470010E+00 0.00000000E+00-7.56373261E-02
56  9 1.61472378E-02-1.77034391E-02 6.63846124E-02 0.00000000E+00 0.00000000E+00
56 10-6.60864174E-03-8.08351891E-01-7.50428600E-03-1.75923067E-01 0.00000000E+00
56 11 3.51269000E+00-2.16774489E-01 5.00526008E-01 0.00000000E+00-7.55038887E-04
56 12-9.27737308E-02-2.78283100E-02-6.55186359E-02 0.00000000E+00 0.00000000E+00
56 13-2.40429140E-03-2.94154050E-01 4.52436501E-01 1.95623244E-01 0.00000000E+00
56 14 1.27829490E+00-2.33906394E+00-1.21393628E+00 0.00000000E+00-6.36151442E-02
56 15 2.95838681E-02-1.01280578E-02 6.60675114E-02 0.00000000E+00 0.00000000E+00
56 16 4.20310483E-03 5.14183100E-01-9.92817624E-02 4.08166201E-01 0.00000000E+00
56 17-2.23447823E+00 2.06709621E-01-2.19462451E+00 0.00000000E+00 7.56383944E-02
56 18-1.61490207E-02 1.77014927E-02-6.63822967E-02 0.00000000E+00 0.00000000E+00
56 19 1.07093989E-02 1.96674785E-01-1.87132155E-02-3.43861294E-01-2.94294274E-02
56 20-5.40607617E-01 1.87206288E-02 3.43824985E-01-1.06999282E-02-1.96710968E-01
56 21 2.94404240E-02 5.40583803E-01
57  1-1.43184013E-03-3.31571985E-01 2.07165474E-01 3.58820856E-01-0.00000000E+00
57  2 8.31728509E-01-2.81270734E-01-4.87139186E-01-0.00000000E+00-4.00264062E-02
57  3 2.36081282E-02-4.64542246E-02 6.36307131E-02-0.00000000E+00-0.00000000E+00
57  4-1.43239102E-03-3.31540027E-01-2.07146783E-01 3.58764444E-01-0.00000000E+00
57  5 8.31675015E-01 2.81191380E-01-4.86951379E-01-0.00000000E+00-4.00208985E-02
57  6 2.36093397E-02-4.64507678E-02-6.36313512E-02-0.00000000E+00-0.00000000E+00
57  7-1.43219238E-03-3.31533892E-01-4.14295136E-01-1.17974309E-05-0.00000000E+00
57  8 8.31623405E-01 5.62376032E-01 5.52208979E-05-0.00000000E+00 5.54273876E-02
57  9-7.18389116E-02-4.64516995E-02-3.32155385E-06-0.00000000E+00-0.00000000E+00
57 10-1.43101751E-03-3.31530197E-01-2.07150365E-01-3.58809788E-01-0.00000000E+00
57 11 8.31559099E-01 2.81219868E-01 4.87126682E-01-0.00000000E+00-4.00252629E-02
57 12 2.36120248E-02-4.64523863E-02 6.36343782E-02-0.00000000E+00-0.00000000E+00
57 13-1.43313813E-03-3.31513152E-01 2.07130663E-01-3.58767930E-01-0.00000000E+00
57 14 8.31558815E-01-2.81115199E-01 4.86979015E-01-0.00000000E+00-4.00168965E-02
57 15 2.36064971E-02-4.64485980E-02-6.36333406E-02-0.00000000E+00-0.00000000E+00
57 16-1.43240520E-03-3.31528111E-01 4.14270024E-01-1.11336763E-05-0.00000000E+00
57 17 8.31611805E-01-5.62323386E-01 6.50932509E-05-0.00000000E+00 5.54240815E-02
57 18-7.18360754E-02-4.64495137E-02-2.82599439E-07-0.00000000E+00-0.00000000E+00
57 19 2.63256423E-01-8.06070031E-01 2.63268380E-01-8.06117379E-01 2.63274605E-01
57 20-8.06173264E-01 2.63254346E-01-8.06066082E-01 2.63255907E-01-8.06044559E-01
57 21 2.63278128E-01-8.06217746E-01
58  1 1.77986723E-07-1.17417805E-05 4.79354557E-01-2.76751214E-01 0.00000000E+00
58  2 7.85762995E-05-3.28173587E+00 1.89469118E+00 0.00000000E+00-7.26951305E-02
58  3 7.26949767E-02-8.36204436E-07-4.84669461E-02 0.00000000E+00 0.00000000E+00
58  4-1.05789845E-06-3.09699335E-05 4.79333725E-01 2.76751928E-01 0.00000000E+00
58  5 1.50370784E-04-3.28161313E+00-1.89465777E+00 0.00000000E+00 7.26957608E-02
58  6-7.27007471E-02-4.59559028E-07-4.84605410E-02 0.00000000E+00 0.00000000E+00
58  7 8.63247003E-07-4.51034659E-06-5.53280999E-06 5.53477411E-01 0.00000000E+00
58  8 6.34847584E-05 3.64291239E-05-3.78919850E+00 0.00000000E+00-2.36315160E-06
58  9 4.68312884E-06-1.14233122E-06 9.69233027E-02 0.00000000E+00 0.00000000E+00
58 10-4.21368403E-07 8.22818124E-06-4.79324581E-01 2.76735565E-01 0.00000000E+00
58 11-6.94265543E-05 3.28154995E+00-1.89457906E+00 0.00000000E+00-7.26938366E-02
58 12 7.26931257E-02 8.42045177E-07-4.84610266E-02 0.00000000E+00 0.00000000E+00
58 13 1.84591512E-07 2.21539405E-05-4.79340052E-01-2.76743477E-01 0.00000000E+00
58 14-1.32454194E-04 3.28162423E+00 1.89465036E+00 0.00000000E+00 7.26943619E-02
58 15-7.26924931E-02 7.73332434E-07-4.84661725E-02 0.00000000E+00 0.00000000E+00
58 16 2.92044387E-07 1.71670232E-05 4.15111670E-06-5.53506712E-01 0.00000000E+00
58 17-9.16100855E-05-4.10870725E-05 3.78939325E+00 0.00000000E+00 1.28927241E-06
58 18 6.52848953E-07 5.50825443E-07 9.69313071E-02 0.00000000E+00 0.00000000E+00
58 19-5.31825496E-06-1.78069239E-05 9.96638930E-07-5.32314359E-06-3.84688976E-07
58 20 5.14360427E-06 1.25628770E-06 4.56640236E-06 4.38063349E-06 1.89983479E-05
58 21-6.86628597E-07-4.43265324E-06
59  1-4.15851395E-02-1.12360743E+00 3.30871193E-02-7.67639483E-04-0.00000000E+00
59  2 4.32948872E+00-9.81971181E-02 2.26082253E-01-0.00000000E+00-4.31302693E-02
59  3-1.01655982E-01-1.80927052E-02-8.56666657E-02-0.00000000E+00-0.00000000E+00
59  4 1.43323995E-02 3.87253070E-01-1.31229601E-01-8.20866125E-02-0.00000000E+00
59  5-1.49212828E+00 9.39086259E-01 4.83785058E-01-0.00000000E+00-4.28686705E-02
59  6 9.27689602E-02 6.23580946E-03 8.96648797E-03-0.00000000E+00-0.00000000E+00
59  7 2.72530734E-02 7.36360418E-01 1.04073731E-02 1.25656430E-01-0.00000000E+00
59  8-2.83727356E+00 9.61383849E-02-8.57094885E-01-0.00000000E+00 9.91356785E-02
59  9-4.24828718E-03 1.18567015E-02 5.87324513E-02-0.00000000E+00-0.00000000E+00
59 10-4.15856762E-02-1.12361878E+00-3.30746009E-02 7.67547848E-04-0.00000000E+00
59 11 4.32947810E+00 9.81130848E-02-2.26040953E-01-0.00000000E+00-4.31302287E-02
59 12-1.01659058E-01-1.80915908E-02-8.56649958E-02-0.00000000E+00-0.00000000E+00
59 13 1.43330359E-02 3.87268529E-01 1.31232287E-01 8.20965744E-02-0.00000000E+00
59 14-1.49222927E+00-9.39101929E-01-4.83840588E-01-0.00000000E+00-4.28705297E-02
59 15 9.27737175E-02 6.23627496E-03 8.96262529E-03-0.00000000E+00-0.00000000E+00
59 16 2.72527172E-02 7.36361574E-01-1.04125990E-02-1.25660036E-01-0.00000000E+00
59 17-2.83735943E+00-9.61447992E-02 8.57147795E-01-0.00000000E+00 9.91371366E-02
59 18-4.25154462E-03 1.18581340E-02 5.87329490E-02-0.00000000E+00-0.00000000E+00
59 19 9.84811248E-02 1.56199114E-01 1.87277797E-01 2.97016526E-01-2.85776036E-01
59 20-4.53213462E-01 1.87275780E-01 2.97020829E-01 9.84993147E-02 1.56214178E-01
59 21-2.85770905E-01-4.53215474E-01
60  1 7.45962479E-03 2.01558414E-01 1.38757947E-01-8.33951057E-02-0.00000000E+00
60  2-7.76616032E-01-9.69354339E-01 5.29252894E-01-0.00000000E+00-5.08294951E-02
60  3 7.68023094E-02 3.24494135E-03-2.36793910E-02-0.00000000E+00-0.00000000E+00
60  4-3.97437477E-02-1.07386479E+00-5.59016298E-02-1.47517256E-02-0.00000000E+00
60  5 4.13782766E+00 2.59428296E-01 3.11695995E-01-0.00000000E+00-5.10496272E-02
60  6-8.73260587E-02-1.72923764E-02 8.84265900E-02-0.00000000E+00-0.00000000E+00
60  7 3.22840462E-02 8.72298771E-01 1.23231942E-02-1.06081237E-01-0.00000000E+00
60  8-3.36113024E+00 1.13898931E-01 7.23583108E-01-0.00000000E+00 1.17440789E-01
60  9-5.03715965E-03 1.40461618E-02-4.95801875E-02-0.00000000E+00-0.00000000E+00
60 10 7.45942123E-03 2.01548645E-01-1.38746167E-01 8.33957657E-02-0.00000000E+00
60 11-7.76629362E-01 9.69283783E-01-5.29226832E-01-0.00000000E+00-5.08291619E-02
60 12 7.68004805E-02 3.24572269E-03-2.36773526E-02-0.00000000E+00-0.00000000E+00
60 13-3.97434509E-02-1.07385380E+00 5.59048819E-02 1.47545195E-02-0.00000000E+00
60 14 4.13773784E+00-2.59439139E-01-3.11715894E-01-0.00000000E+00-5.10524236E-02
60 15-8.73231737E-02-1.72920048E-02 8.84251781E-02-0.00000000E+00-0.00000000E+00
60 16 3.22839903E-02 8.72307631E-01-1.23254916E-02 1.06075817E-01-0.00000000E+00
60 17-3.36118578E+00-1.13908684E-01-7.23530830E-01-0.00000000E+00 1.17441712E-01
60 18-5.03810796E-03 1.40463299E-02-4.95787644E-02-0.00000000E+00-0.00000000E+00
60 19-2.73119039E-01-4.33141544E-01 2.21859545E-01 3.51833867E-01 5.12623802E-02
60 20 8.13005405E-02 2.21852625E-01 3.51836234E-01-2.73110185E-01-4.33126759E-01
60 21 5.12585910E-02 8.12943549E-02
61  1-4.65084867E-05-8.70456485E-02-5.57847586E-03-1.16186550E-01-0.00000000E+00
61  2-3.17744665E-01 1.40379668E+00-4.16618899E-01-0.00000000E+00-6.57455868E-02
61  3 4.76212147E-02 8.61796771E-03-1.49789759E-02-0.00000000E+00-0.00000000E+00
61  4-1.98474657E-04-3.74068376E-01 2.36178113E-01-3.76841992E-01-0.00000000E+00
61  5-1.36575779E+00-3.59871770E-01 1.48494986E+00-0.00000000E+00-6.11510242E-02
61  6-1.67381720E-02 3.70400734E-02-8.32398412E-02-0.00000000E+00-0.00000000E+00
61  7-1.52271848E-04-2.87025460E-01 3.41033954E-01-3.71441665E-02-0.00000000E+00
61  8-1.04798249E+00-1.12485635E+00-9.93218129E-01-0.00000000E+00 2.65424058E-02
61  9-8.63081932E-02 2.84222157E-02-4.47568177E-02-0.00000000E+00-0.00000000E+00
61 10 4.60058221E-05 8.70300630E-02-5.58342668E-03-1.16184343E-01-0.00000000E+00
61 11 3.17798772E-01 1.40376435E+00-4.16594805E-01-0.00000000E+00 6.57454365E-02
61 12-4.76221552E-02-8.61894595E-03 1.49775676E-02-0.00000000E+00-0.00000000E+00
61 13 1.98920695E-04 3.74067989E-01 2.36182397E-01-3.76844060E-01-0.00000000E+00
61 14 1.36572643E+00-3.59932049E-01 1.48493255E+00-0.00000000E+00 6.11492044E-02
61 15 1.67392423E-02-3.70409572E-02 8.32394039E-02-0.00000000E+00-0.00000000E+00
61 16 1.52379288E-04 2.87038814E-01 3.41034522E-01-3.71528189E-02-0.00000000E+00
61 17 1.04796041E+00-1.12484226E+00-9.93239052E-01-0.00000000E+00-2.65400885E-02
61 18 8.63066831E-02-2.84217154E-02 4.47593600E-02-0.00000000E+00-0.00000000E+00
61 19 4.45001652E-01 6.91113757E-01 3.41463704E-01 5.30314160E-01-1.03543651E-01
61 20-1.60811748E-01-3.41458141E-01-5.30306194E-01-4.44999969E-01-6.91111672E-01
61 21 1.03536851E-01 1.60802841E-01
62  1-2.02977663E-04-3.81703705E-01-2.37259704E-01-3.86664830E-01 0.00000000E+00
62  2-1.39351774E+00 4.66659481E-01 1.45776413E+00 0.00000000E+00-6.62805582E-02
62  3-1.31981981E-02 3.77942024E-02 8.23445254E-02 0.00000000E+00 0.00000000E+00
62  4-6.20519835E-05-1.15475497E-01 2.33830764E-02-1.44913768E-01 0.00000000E+00
62  5-4.21517164E-01-1.43485127E+00-3.05867984E-01 0.00000000E+00-7.05411584E-02
62  6 4.64967539E-02 1.14338847E-02 8.74799825E-03 0.00000000E+00 0.00000000E+00
62  7 1.41908996E-04 2.66226637E-01-3.16300079E-01-4.00543790E-02 0.00000000E+00
62  8 9.71930937E-01 1.04331932E+00-1.07082429E+00 0.00000000E+00-2.46148190E-02
62  9 8.00490609E-02-2.63607637E-02-4.82610725E-02 0.00000000E+00 0.00000000E+00
62 10 2.03106283E-04 3.81706752E-01-2.37261959E-01-3.86667007E-01 0.00000000E+00
62 11 1.39350911E+00 4.66674492E-01 1.45776968E+00 0.00000000E+00 6.62813290E-02
62 12 1.32005220E-02-3.77947716E-02-8.23476107E-02 0.00000000E+00 0.00000000E+00
62 13 6.12255239E-05 1.15459834E-01 2.33865008E-02-1.44908331E-01 0.00000000E+00
62 14 4.21586481E-01-1.43486228E+00-3.05910808E-01 0.00000000E+00 7.05393420E-02
62 15-4.64982828E-02-1.14333973E-02-8.74631058E-03 0.00000000E+00 0.00000000E+00
62 16-1.41228755E-04-2.66211969E-01-3.16300997E-01-4.00632964E-02 0.00000000E+00
62 17-9.72002063E-01 1.04331501E+00-1.07083936E+00 0.00000000E+00 2.46168794E-02
62 18-8.00479492E-02 2.63609092E-02 4.82601993E-02 0.00000000E+00 0.00000000E+00
62 19 1.37367794E-01 2.13339867E-01-3.16704976E-01-4.91855734E-01-4.54063121E-01
62 20-7.05193203E-01 3.16709653E-01 4.91862059E-01-1.37370173E-01-2.13332274E-01
62 21 4.54059768E-01 7.05188139E-01
63  1-1.57529188E-02-6.06380726E-01-7.48971370E-02-1.29729797E-01-0.00000000E+00
63  2 1.46501846E+00-3.13150305E-01-5.42409254E-01-0.00000000E+00-2.41807947E-02
63  3-6.54082992E-02 6.99796648E-03-4.12279918E-02-0.00000000E+00-0.00000000E+00
63  4 1.57524928E-02 6.06384565E-01-7.48962026E-02 1.29736667E-01-0.00000000E+00
63  5-1.46499843E+00-3.13141643E-01 5.42394749E-01-0.00000000E+00 2.41815400E-02
63  6 6.54062715E-02-6.99647278E-03-4.12258291E-02-0.00000000E+00-0.00000000E+00
63  7-1.57517905E-02-6.06373890E-01 1.49801758E-01 9.96159235E-06-0.00000000E+00
63  8 1.46491532E+00 6.26308161E-01-2.13264483E-05-0.00000000E+00-8.60185385E-02
63  9-3.56961516E-03 6.99751573E-03 2.91980777E-06-0.00000000E+00-0.00000000E+00
63 10 1.57518807E-02 6.06354247E-01-7.49019255E-02-1.29723793E-01-0.00000000E+00
63 11-1.46490935E+00-3.13142823E-01-5.42447855E-01-0.00000000E+00 2.41786197E-02
63 12 6.54072439E-02-6.99772862E-03 4.12247885E-02-0.00000000E+00-0.00000000E+00
63 13-1.57522490E-02-6.06388594E-01-7.48949061E-02 1.29730869E-01-0.00000000E+00
63 14 1.46499177E+00-3.13172698E-01 5.42395536E-01-0.00000000E+00-2.41846320E-02
63 15-6.54050534E-02 6.99650380E-03 4.12277946E-02-0.00000000E+00-0.00000000E+00
63 16 1.57527639E-02 6.06394676E-01 1.49804501E-01 5.84539607E-06-0.00000000E+00
63 17-1.46501837E+00 6.26294679E-01 5.70703156E-07-0.00000000E+00 8.60208320E-02
63 18 3.56853794E-03-6.99644587E-03 4.14431529E-07-0.00000000E+00-0.00000000E+00
63 19 4.53519741E-01 3.51166441E-01-4.53512950E-01-3.51163636E-01 4.53523809E-01
63 20 3.51181910E-01 4.53519835E-01 3.51167815E-01-4.53518762E-01-3.51169234E-01
63 21-4.53523579E-01-3.51180103E-01
64  1-0.00000000E+00-0.00000000E+00-0.00000000E+00-0.00000000E+00 1.10820086E-06
64  2-0.00000000E+00-0.00000000E+00-0.00000000E+00-9.97022667E-07-0.00000000E+00
64  3-0.00000000E+00-0.00000000E+00-0.00000000E+00 2.93180896E-01-1.69265058E-01
64  4-0.00000000E+00-0.00000000E+00-0.00000000E+00-0.00000000E+00 2.23124791E-07
64  5-0.00000000E+00-0.00000000E+00-0.00000000E+00 2.34458875E-07-0.00000000E+00
64  6-0.00000000E+00-0.00000000E+00-0.00000000E+00-2.93180027E-01-1.69265313E-01
64  7-0.00000000E+00-0.00000000E+00-0.00000000E+00-0.00000000E+00 2.34501909E-06
64  8-0.00000000E+00-0.00000000E+00-0.00000000E+00-2.06384452E-06-0.00000000E+00
64  9-0.00000000E+00-0.00000000E+00-0.00000000E+00-6.12559841E-06 3.38534578E-01
64 10-0.00000000E+00-0.00000000E+00-0.00000000E+00-0.00000000E+00 1.52802331E-06
64 11-0.00000000E+00-0.00000000E+00-0.00000000E+00-1.28624692E-06-0.00000000E+00
64 12-0.00000000E+00-0.00000000E+00-0.00000000E+00 2.93180238E-01-1.69267569E-01
64 13-0.00000000E+00-0.00000000E+00-0.00000000E+00-0.00000000E+00-1.47855565E-06
64 14-0.00000000E+00-0.00000000E+00-0.00000000E+00 1.66997081E-06-0.00000000E+00
64 15-0.00000000E+00-0.00000000E+00-0.00000000E+00-2.93178335E-01-1.69268345E-01
64 16-0.00000000E+00-0.00000000E+00-0.00000000E+00-0.00000000E+00 2.51071069E-07
64 17-0.00000000E+00-0.00000000E+00-0.00000000E+00-2.10647421E-07-0.00000000E+00
64 18-0.00000000E+00-0.00000000E+00-0.00000000E+00-3.58563980E-06 3.38533931E-01
64 19-0.00000000E+00-0.00000000E+00-0.00000000E+00-0.00000000E+00-0.00000000E+00
64 20-0.00000000E+00-0.00000000E+00-0.00000000E+00-0.00000000E+00-0.00000000E+00
64 21-0.00000000E+00-0.00000000E+00
65  1 0.00000000E+00 0.00000000E+00 0.00000000E+00 0.00000000E+00 6.30791994E-02
65  2 0.00000000E+00 0.00000000E+00 0.00000000E+00 8.33262618E-03 0.00000000E+00
65  3 0.00000000E+00 0.00000000E+00 0.00000000E+00-1.84895517E-01-3.20253905E-01
65  4 0.00000000E+00 0.00000000E+00 0.00000000E+00 0.00000000E+00 6.30826660E-02
65  5 0.00000000E+00 0.00000000E+00 0.00000000E+00 8.32195709E-03 0.00000000E+00
65  6 0.00000000E+00 0.00000000E+00 0.00000000E+00 1.84895861E-01-3.20250642E-01
65  7 0.00000000E+00 0.00000000E+00 0.00000000E+00 0.00000000E+00 6.30799771E-02
65  8 0.00000000E+00 0.00000000E+00 0.00000000E+00 8.33039906E-03 0.00000000E+00
65  9 0.00000000E+00 0.00000000E+00 0.00000000E+00 3.69793877E-01 3.37436446E-06
65 10 0.00000000E+00 0.00000000E+00 0.00000000E+00 0.00000000E+00 6.30793011E-02
65 11 0.00000000E+00 0.00000000E+00 0.00000000E+00 8.32699330E-03 0.00000000E+00
65 12 0.00000000E+00 0.00000000E+00 0.00000000E+00 1.84894745E-01 3.20250605E-01
65 13 0.00000000E+00 0.00000000E+00 0.00000000E+00 0.00000000E+00 6.30809869E-02
65 14 0.00000000E+00 0.00000000E+00 0.00000000E+00 8.32893137E-03 0.00000000E+00
65 15 0.00000000E+00 0.00000000E+00 0.00000000E+00-1.84900381E-01 3.20248673E-01
65 16 0.00000000E+00 0.00000000E+00 0.00000000E+00 0.00000000E+00 6.30827178E-02
65 17 0.00000000E+00 0.00000000E+00 0.00000000E+00 8.32241510E-03 0.00000000E+00
65 18 0.00000000E+00 0.00000000E+00 0.00000000E+00-3.69793547E-01-2.14155117E-06
65 19 0.00000000E+00 0.00000000E+00 0.00000000E+00 0.00000000E+00 0.00000000E+00
65 20 0.00000000E+00 0.00000000E+00 0.00000000E+00 0.00000000E+00 0.00000000E+00
65 21 0.00000000E+00 0.00000000E+00
66  1-3.82680693E-03-8.09791580E-02 2.33347401E-01-1.62430746E-01-0.00000000E+00
66  2 3.33723241E-01 1.66911632E-01 3.95767753E-01-0.00000000E+00 6.56388367E-02
66  3-6.99020646E-02 5.75142049E-04 5.35964437E-02-0.00000000E+00-0.00000000E+00
66  4 3.14168934E-02 6.64805205E-01-1.97307618E-01 1.13567027E-01-0.00000000E+00
66  5-2.73994351E+00 1.76807739E+00-3.01950280E+00-0.00000000E+00 7.19760246E-02
66  6-3.69583345E-02-4.73786922E-03 3.27636418E-02-0.00000000E+00-0.00000000E+00
66  7-2.75900752E-02-5.83822569E-01 1.73010697E-01-1.69209872E-01-0.00000000E+00
66  8 2.40620809E+00-3.07278327E+00 3.17936378E-02-0.00000000E+00 3.01204371E-02
66  9-6.08706494E-02 4.15762392E-03 5.64864384E-02-0.00000000E+00-0.00000000E+00
66 10-3.82691518E-03-8.09806541E-02-2.33350588E-01 1.62431894E-01-0.00000000E+00
66 11 3.33795057E-01-1.66926177E-01-3.95774649E-01-0.00000000E+00 6.56389036E-02
66 12-6.99030650E-02 5.74372851E-04 5.35970247E-02-0.00000000E+00-0.00000000E+00
66 13 3.14172911E-02 6.64805076E-01 1.97311427E-01-1.13569001E-01-0.00000000E+00
66 14-2.73997549E+00-1.76813058E+00 3.01948203E+00-0.00000000E+00 7.19747513E-02
66 15-3.69574362E-02-4.73923328E-03 3.27634305E-02-0.00000000E+00-0.00000000E+00
66 16-2.75899430E-02-5.83826753E-01-1.73011944E-01 1.69206277E-01-0.00000000E+00
66 17 2.40620153E+00 3.07280193E+00-3.18184172E-02-0.00000000E+00 3.01222978E-02
66 18-6.08702253E-02 4.15690338E-03 5.64858807E-02-0.00000000E+00-0.00000000E+00
66 19-6.18737624E-01-1.02876083E+00 5.43364306E-01 9.03440999E-01 7.53640651E-02
66 20 1.25309688E-01 5.43367324E-01 9.03446793E-01-6.18737065E-01-1.02875080E+00
66 21 7.53675057E-02 1.25309842E-01
67  1-3.40675276E-02-7.20900313E-01-1.34372459E-01-1.69095812E-01-0.00000000E+00
67  2 2.97109391E+00 1.90227063E+00 3.28292918E+00-0.00000000E+00-5.50410145E-02
67  3 1.70759527E-02 5.12923923E-03 5.08677408E-02-0.00000000E+00-0.00000000E+00
67  4 1.37194721E-02 2.90312772E-01 1.83235561E-01 2.05129682E-01-0.00000000E+00
67  5-1.19647430E+00 7.21400416E-01-1.34787930E+00-0.00000000E+00-4.64497787E-02
67  6 6.17446649E-02-2.07366794E-03 6.62274327E-02-0.00000000E+00-0.00000000E+00
67  7 2.03489135E-02 4.30590426E-01-1.27596249E-01-2.29434387E-01-0.00000000E+00
67  8-1.77460635E+00 2.26624647E+00 4.31848043E-02-0.00000000E+00-2.22114327E-02
67  9 4.48951337E-02-3.07432136E-03 7.65857284E-02-0.00000000E+00-0.00000000E+00
67 10-3.40678754E-02-7.20902504E-01 1.34369131E-01 1.69094813E-01-0.00000000E+00
67 11 2.97112829E+00-1.90226455E+00-3.28291773E+00-0.00000000E+00-5.50402876E-02
67 12 1.70740066E-02 5.12927802E-03 5.08672483E-02-0.00000000E+00-0.00000000E+00
67 13 1.37202153E-02 2.90325392E-01-1.83233864E-01-2.05137389E-01-0.00000000E+00
67 14-1.19651767E+00-7.21446090E-01 1.34789048E+00-0.00000000E+00-4.64492227E-02
67 15 6.17454957E-02-2.07509975E-03 6.62260495E-02-0.00000000E+00-0.00000000E+00
67 16 2.03481999E-02 4.30580107E-01 1.27592419E-01 2.29430405E-01-0.00000000E+00
67 17-1.77459733E+00-2.26623677E+00-4.32085693E-02-0.00000000E+00-2.22111432E-02
67 18 4.48946792E-02-3.07340439E-03 7.65870811E-02-0.00000000E+00-0.00000000E+00
67 19-2.70206046E-01-4.49260126E-01-4.00747751E-01-6.66312092E-01 6.70934827E-01
67 20 1.11556402E+00-4.00748323E-01-6.66309984E-01-2.70208964E-01-4.49264897E-01
67 21 6.70941044E-01 1.11557030E+00
68  1 0.00000000E+00 0.00000000E+00 0.00000000E+00 0.00000000E+00 1.58613965E-02
68  2 0.00000000E+00 0.00000000E+00 0.00000000E+00 1.14545366E-02 0.00000000E+00
68  3 0.00000000E+00 0.00000000E+00 0.00000000E+00 3.71457225E-01-2.53361767E-01
68  4 0.00000000E+00 0.00000000E+00 0.00000000E+00 0.00000000E+00-1.09032936E-01
68  5 0.00000000E+00 0.00000000E+00 0.00000000E+00-7.87137063E-02 0.00000000E+00
68  6 0.00000000E+00 0.00000000E+00 0.00000000E+00-2.64276728E-01 1.14909464E-01
68  7 0.00000000E+00 0.00000000E+00 0.00000000E+00 0.00000000E+00 9.31591064E-02
68  8 0.00000000E+00 0.00000000E+00 0.00000000E+00 6.72640004E-02 0.00000000E+00
68  9 0.00000000E+00 0.00000000E+00 0.00000000E+00 1.97926547E-01-2.76957988E-01
68 10 0.00000000E+00 0.00000000E+00 0.00000000E+00 0.00000000E+00 1.58667233E-02
68 11 0.00000000E+00 0.00000000E+00 0.00000000E+00 1.14537049E-02 0.00000000E+00
68 12 0.00000000E+00 0.00000000E+00 0.00000000E+00-3.71439979E-01 2.53382613E-01
68 13 0.00000000E+00 0.00000000E+00 0.00000000E+00 0.00000000E+00-1.09021973E-01
68 14 0.00000000E+00 0.00000000E+00 0.00000000E+00-7.87195097E-02 0.00000000E+00
68 15 0.00000000E+00 0.00000000E+00 0.00000000E+00 2.64256271E-01-1.14877033E-01
68 16 0.00000000E+00 0.00000000E+00 0.00000000E+00 0.00000000E+00 9.31652534E-02
68 17 0.00000000E+00 0.00000000E+00 0.00000000E+00 6.72619818E-02 0.00000000E+00
68 18 0.00000000E+00 0.00000000E+00 0.00000000E+00-1.97936780E-01 2.76949593E-01
68 19 0.00000000E+00 0.00000000E+00 0.00000000E+00 0.00000000E+00 0.00000000E+00
68 20 0.00000000E+00 0.00000000E+00 0.00000000E+00 0.00000000E+00 0.00000000E+00
68 21 0.00000000E+00 0.00000000E+00
69  1-0.00000000E+00-0.00000000E+00-0.00000000E+00-0.00000000E+00-1.16724471E-01
69  2-0.00000000E+00-0.00000000E+00-0.00000000E+00-8.42859209E-02-0.00000000E+00
69  3-0.00000000E+00-0.00000000E+00-0.00000000E+00 1.76755850E-01 1.84286041E-01
69  4-0.00000000E+00-0.00000000E+00-0.00000000E+00-0.00000000E+00 4.46355100E-02
69  5-0.00000000E+00-0.00000000E+00-0.00000000E+00 3.22187496E-02-0.00000000E+00
69  6-0.00000000E+00-0.00000000E+00-0.00000000E+00-3.15239038E-01-2.91510748E-01
69  7-0.00000000E+00-0.00000000E+00-0.00000000E+00-0.00000000E+00 7.21038625E-02
69  8-0.00000000E+00-0.00000000E+00-0.00000000E+00 5.20593173E-02-0.00000000E+00
69  9-0.00000000E+00-0.00000000E+00-0.00000000E+00 1.53177028E-01 3.57840687E-01
69 10-0.00000000E+00-0.00000000E+00-0.00000000E+00-0.00000000E+00-1.16742938E-01
69 11-0.00000000E+00-0.00000000E+00-0.00000000E+00-8.42756592E-02-0.00000000E+00
69 12-0.00000000E+00-0.00000000E+00-0.00000000E+00-1.76792263E-01-1.84344900E-01
69 13-0.00000000E+00-0.00000000E+00-0.00000000E+00-0.00000000E+00 4.46233604E-02
69 14-0.00000000E+00-0.00000000E+00-0.00000000E+00 3.22218238E-02-0.00000000E+00
69 15-0.00000000E+00-0.00000000E+00-0.00000000E+00 3.15268761E-01 2.91481932E-01
69 16-0.00000000E+00-0.00000000E+00-0.00000000E+00-0.00000000E+00 7.21112272E-02
69 17-0.00000000E+00-0.00000000E+00-0.00000000E+00 5.20586850E-02-0.00000000E+00
69 18-0.00000000E+00-0.00000000E+00-0.00000000E+00-1.53203512E-01-3.57826164E-01
69 19-0.00000000E+00-0.00000000E+00-0.00000000E+00-0.00000000E+00-0.00000000E+00
69 20-0.00000000E+00-0.00000000E+00-0.00000000E+00-0.00000000E+00-0.00000000E+00
69 21-0.00000000E+00-0.00000000E+00
70  1-0.00000000E+00-0.00000000E+00-0.00000000E+00-0.00000000E+00-1.25076533E-02
70  2-0.00000000E+00-0.00000000E+00-0.00000000E+00 5.61802476E-03-0.00000000E+00
70  3-0.00000000E+00-0.00000000E+00-0.00000000E+00 1.16617720E-01-1.58233738E-02
70  4-0.00000000E+00-0.00000000E+00-0.00000000E+00-0.00000000E+00-1.32624908E-01
70  5-0.00000000E+00-0.00000000E+00-0.00000000E+00 5.96072734E-02-0.00000000E+00
70  6-0.00000000E+00-0.00000000E+00-0.00000000E+00-1.96335218E-01 4.32811831E-01
70  7-0.00000000E+00-0.00000000E+00-0.00000000E+00-0.00000000E+00-1.20124057E-01
70  8-0.00000000E+00-0.00000000E+00-0.00000000E+00 5.39821879E-02-0.00000000E+00
70  9-0.00000000E+00-0.00000000E+00-0.00000000E+00-4.28405073E-01-6.25345907E-02
70 10-0.00000000E+00-0.00000000E+00-0.00000000E+00-0.00000000E+00 1.25040846E-02
70 11-0.00000000E+00-0.00000000E+00-0.00000000E+00-5.62203231E-03-0.00000000E+00
70 12-0.00000000E+00-0.00000000E+00-0.00000000E+00 1.16635055E-01-1.58427639E-02
70 13-0.00000000E+00-0.00000000E+00-0.00000000E+00-0.00000000E+00 1.32632385E-01
70 14-0.00000000E+00-0.00000000E+00-0.00000000E+00-5.96009734E-02-0.00000000E+00
70 15-0.00000000E+00-0.00000000E+00-0.00000000E+00-1.96342534E-01 4.32826163E-01
70 16-0.00000000E+00-0.00000000E+00-0.00000000E+00-0.00000000E+00 1.20121307E-01
70 17-0.00000000E+00-0.00000000E+00-0.00000000E+00-5.39850291E-02-0.00000000E+00
70 18-0.00000000E+00-0.00000000E+00-0.00000000E+00-4.28397004E-01-6.25617900E-02
70 19-0.00000000E+00-0.00000000E+00-0.00000000E+00-0.00000000E+00-0.00000000E+00
70 20-0.00000000E+00-0.00000000E+00-0.00000000E+00-0.00000000E+00-0.00000000E+00
70 21-0.00000000E+00-0.00000000E+00
71  1 0.00000000E+00 0.00000000E+00 0.00000000E+00 0.00000000E+00-1.45933594E-01
71  2 0.00000000E+00 0.00000000E+00 0.00000000E+00 6.55745977E-02 0.00000000E+00
71  3 0.00000000E+00 0.00000000E+00 0.00000000E+00 2.52130740E-01 4.55388754E-01
71  4 0.00000000E+00 0.00000000E+00 0.00000000E+00 0.00000000E+00-6.21262245E-02
71  5 0.00000000E+00 0.00000000E+00 0.00000000E+00 2.79262153E-02 0.00000000E+00
71  6 0.00000000E+00 0.00000000E+00 0.00000000E+00-1.96539911E-01 1.42378622E-01
71  7 0.00000000E+00 0.00000000E+00 0.00000000E+00 0.00000000E+00 8.37948367E-02
71  8 0.00000000E+00 0.00000000E+00 0.00000000E+00-3.76552341E-02 0.00000000E+00
71  9 0.00000000E+00 0.00000000E+00 0.00000000E+00 2.98844013E-01-8.96280279E-02
71 10 0.00000000E+00 0.00000000E+00 0.00000000E+00 0.00000000E+00 1.45916104E-01
71 11 0.00000000E+00 0.00000000E+00 0.00000000E+00-6.55843024E-02 0.00000000E+00
71 12 0.00000000E+00 0.00000000E+00 0.00000000E+00 2.52123912E-01 4.55353836E-01
71 13 0.00000000E+00 0.00000000E+00 0.00000000E+00 0.00000000E+00 6.21382499E-02
71 14 0.00000000E+00 0.00000000E+00 0.00000000E+00-2.79205086E-02 0.00000000E+00
71 15 0.00000000E+00 0.00000000E+00 0.00000000E+00-1.96512713E-01 1.42424363E-01
71 16 0.00000000E+00 0.00000000E+00 0.00000000E+00 0.00000000E+00-8.37909355E-02
71 17 0.00000000E+00 0.00000000E+00 0.00000000E+00 3.76604490E-02 0.00000000E+00
71 18 0.00000000E+00 0.00000000E+00 0.00000000E+00 2.98832059E-01-8.96867757E-02
71 19 0.00000000E+00 0.00000000E+00 0.00000000E+00 0.00000000E+00 0.00000000E+00
71 20 0.00000000E+00 0.00000000E+00 0.00000000E+00 0.00000000E+00 0.00000000E+00
71 21 0.00000000E+00 0.00000000E+00
72  1 1.66850022E-02 2.13052797E-01 4.39139352E-02 7.60396738E-02 0.00000000E+00
72  2-3.05325932E-01 2.36487331E-02 4.09913734E-02 0.00000000E+00-1.52995115E-01
72  3-1.52549598E-01 4.32477923E-01 4.17713112E-04 0.00000000E+00 0.00000000E+00
72  4 1.66776682E-02 2.12940470E-01-4.39094768E-02 7.60429838E-02 0.00000000E+00
72  5-3.04238850E-01-2.39470123E-02 4.14962535E-02 0.00000000E+00-1.52993952E-01
72  6-1.52537702E-01 4.32473937E-01-4.21533905E-04 0.00000000E+00 0.00000000E+00
72  7 1.66858095E-02 2.13068907E-01-8.78125405E-02 4.19173812E-06 0.00000000E+00
72  8-3.05403725E-01-4.72120743E-02-1.53636728E-05 0.00000000E+00-1.52342587E-01
72  9-1.53198676E-01 4.32473840E-01 1.97016191E-05 0.00000000E+00 0.00000000E+00
72 10 1.66759880E-02 2.12922434E-01-4.38951221E-02-7.60475873E-02 0.00000000E+00
72 11-3.04142937E-01-2.40292742E-02-4.16074101E-02 0.00000000E+00-1.52972004E-01
72 12-1.52564598E-01 4.32479583E-01 4.38858047E-04 0.00000000E+00 0.00000000E+00
72 13 1.66862979E-02 2.13073532E-01 4.38975922E-02-7.60544114E-02 0.00000000E+00
72 14-3.05422857E-01 2.36022718E-02-4.08534225E-02 0.00000000E+00-1.52975834E-01
72 15-1.52565526E-01 4.32473687E-01-4.29504699E-04 0.00000000E+00 0.00000000E+00
72 16 1.66775689E-02 2.12936585E-01 8.78093003E-02 1.39213170E-05 0.00000000E+00
72 17-3.04220165E-01 4.79416554E-02-4.06022537E-06 0.00000000E+00-1.52339404E-01
72 18-1.53193841E-01 4.32475568E-01-9.85651745E-06 0.00000000E+00 0.00000000E+00
72 19 1.44602194E-01 1.03372630E-01 1.44558952E-01 1.03229867E-01 1.44626182E-01
72 20 1.03420338E-01 1.44610763E-01 1.03382553E-01 1.44556144E-01 1.03217187E-01
72 21 1.44582210E-01 1.03268738E-01
73  1-7.53699903E-07-9.69277505E-07 1.94115310E-01-1.12076688E-01 0.00000000E+00
73  2-2.98278704E-05-2.29019182E-01 1.32191190E-01 0.00000000E+00-2.75965097E-01
73  3 2.75977286E-01-1.81777939E-05-1.83980486E-01 0.00000000E+00 0.00000000E+00
73  4-1.23879858E-06-8.10663880E-06-1.94112279E-01-1.12074906E-01 0.00000000E+00
73  5 4.49334915E-05 2.28983618E-01 1.32231845E-01 0.00000000E+00-2.75964505E-01
73  6 2.75973060E-01-1.40192578E-05 1.83975843E-01 0.00000000E+00 0.00000000E+00
73  7-9.14415208E-07 3.76874050E-06 7.26156751E-07 2.24148663E-01 0.00000000E+00
73  8-4.21583699E-05 2.59256331E-05-2.64441252E-01 0.00000000E+00-1.01039356E-06
73  9 5.01742439E-06-1.10804048E-05 3.67961618E-01 0.00000000E+00 0.00000000E+00
73 10-1.41694836E-06-9.22279752E-06 1.94119239E-01-1.12069066E-01 0.00000000E+00
73 11 5.14442933E-05-2.28998068E-01 1.32184113E-01 0.00000000E+00 2.75973418E-01
73 12-2.75962623E-01-1.61431305E-05 1.83989006E-01 0.00000000E+00 0.00000000E+00
73 13-4.29444647E-07-6.14712864E-06-1.94119146E-01-1.12068993E-01 0.00000000E+00
73 14-1.80469537E-05 2.28996894E-01 1.32250925E-01 0.00000000E+00 2.75978748E-01
73 15-2.75959062E-01-2.43317388E-05-1.83979697E-01 0.00000000E+00 0.00000000E+00
73 16-1.25164213E-06-1.43808062E-05-8.16448183E-06 2.24142954E-01 0.00000000E+00
73 17 6.41657860E-05 2.23113741E-05-2.64420384E-01 0.00000000E+00 2.04808110E-05
73 18-1.56721956E-06-2.33256800E-05-3.67955708E-01 0.00000000E+00 0.00000000E+00
73 19-4.22266157E-06 3.03456862E-06-6.00337291E-06-5.81552650E-06-6.67269800E-06
73 20 1.35040544E-06-1.33636474E-05 6.15123114E-07-1.79696565E-05-9.73555270E-06
73 21-1.27589444E-05-6.78837675E-06
74  1 7.86916155E-02 1.23157010E+00 2.95058598E-02 5.11139057E-02 0.00000000E+00
74  2-1.11981354E+01-3.53197424E+00-6.11771094E+00 0.00000000E+00-2.08167258E-02
74  3-4.12544945E-02-6.08548353E-02-2.04304363E-02 0.00000000E+00 0.00000000E+00
74  4-7.86915036E-02-1.23167141E+00 2.95125737E-02-5.11023944E-02 0.00000000E+00
74  5 1.11981011E+01-3.53211029E+00 6.11780553E+00 0.00000000E+00 2.08872107E-02
74  6 4.11722687E-02 6.08274425E-02-2.02866065E-02 0.00000000E+00 0.00000000E+00
74  7 7.86914887E-02 1.23156283E+00-5.90101308E-02 1.27602020E-05 0.00000000E+00
74  8-1.11980665E+01 7.06406404E+00 7.05666518E-05 0.00000000E+00-5.14442734E-02
74  9-1.06098944E-02-6.08700510E-02-5.32313933E-06 0.00000000E+00 0.00000000E+00
74 10-7.86913902E-02-1.23167472E+00 2.95066820E-02 5.11217590E-02 0.00000000E+00
74 11 1.11980123E+01-3.53203844E+00-6.11774204E+00 0.00000000E+00 2.08833633E-02
74 12 4.11898510E-02 6.08148471E-02 2.03087459E-02 0.00000000E+00 0.00000000E+00
74 13 7.86914566E-02 1.23155824E+00 2.95163451E-02-5.10936433E-02 0.00000000E+00
74 14-1.11981055E+01-3.53210022E+00 6.11764172E+00 0.00000000E+00-2.08202528E-02
74 15-4.12327679E-02-6.08720408E-02 2.04092137E-02 0.00000000E+00 0.00000000E+00
74 16-7.86916083E-02-1.23166903E+00-5.90124424E-02 7.99535529E-06 0.00000000E+00
74 17 1.11981601E+01 7.06422636E+00 3.08085629E-05 0.00000000E+00 5.13213906E-02
74 18 1.07423889E-02 6.08246032E-02 2.65719880E-06 0.00000000E+00 0.00000000E+00
74 19 4.69381347E-01 1.55365033E+00-4.69237315E-01-1.55361967E+00 4.69341586E-01
74 20 1.55364211E+00 4.69372295E-01 1.55364323E+00-4.69247080E-01-1.55361013E+00
74 21-4.69212707E-01-1.55363638E+00
75  1-7.94585307E-03 1.89540406E-01-6.83041676E-03-1.18216860E-02 0.00000000E+00
75  2 4.31892762E-02-1.01862739E-01-1.76469382E-01 0.00000000E+00-1.28057295E-01
75  3 1.96827684E-01-1.48485939E-02 3.24890044E-01 0.00000000E+00 0.00000000E+00
75  4-7.97639055E-03 1.89039085E-01 6.84532113E-03-1.18498909E-02 0.00000000E+00
75  5 4.76155226E-02 1.00461727E-01-1.73996716E-01 0.00000000E+00-1.28054024E-01
75  6 1.96846727E-01-1.48230866E-02-3.24904609E-01 0.00000000E+00 0.00000000E+00
75  7-7.94591362E-03 1.89526264E-01 1.36580156E-02 4.01436538E-06 0.00000000E+00
75  8 4.32327233E-02 2.03713666E-01 3.96173138E-06 0.00000000E+00 3.59282993E-01
75  9-2.90514220E-01-1.48483243E-02 6.24020425E-06 0.00000000E+00 0.00000000E+00
75 10-7.97665245E-03 1.89063715E-01 6.83539687E-03 1.18444278E-02 0.00000000E+00
75 11 4.75732591E-02 1.00494127E-01 1.74068417E-01 0.00000000E+00-1.28062546E-01
75 12 1.96853955E-01-1.48204763E-02 3.24902163E-01 0.00000000E+00 0.00000000E+00
75 13-7.94589491E-03 1.89513963E-01-6.82581258E-03 1.18369052E-02 0.00000000E+00
75 14 4.32527035E-02-1.01859368E-01 1.76393387E-01 0.00000000E+00-1.28066130E-01
75 15 1.96842322E-01-1.48552569E-02-3.24902214E-01 0.00000000E+00 0.00000000E+00
75 16-7.97647337E-03 1.89039839E-01-1.36853416E-02-2.60057245E-06 0.00000000E+00
75 17 4.76153184E-02-2.00931105E-01-8.64294217E-06 0.00000000E+00 3.59304484E-01
75 18-2.90506592E-01-1.48269072E-02 1.60846408E-05 0.00000000E+00 0.00000000E+00
75 19-3.58039008E-01-1.08832908E-02-3.58230769E-01-1.15046387E-02-3.58054451E-01
75 20-1.09103218E-02-3.58045715E-01-1.08869821E-02-3.58233135E-01-1.14942914E-02
75 21-3.58232396E-01-1.15210855E-02
76  1-1.68732221E-03-2.33144649E-02 1.71305663E-01-1.25962231E-01 0.00000000E+00
76  2 1.15205387E-01-6.29041601E-01 3.43197776E-01 0.00000000E+00 1.09121792E-02
76  3 3.20317368E-02-3.86756518E-02 6.14764317E-02 0.00000000E+00 0.00000000E+00
76  4-1.23068781E-02-1.70089930E-01 1.56716153E-01-1.06792763E-01 0.00000000E+00
76  5 8.40944020E-01-1.78994985E-01-2.48094825E-01 0.00000000E+00-3.66599422E-02
76  6 3.49712259E-01-2.81922730E-01-3.70667742E-01 0.00000000E+00 0.00000000E+00
76  7-1.06171683E-02-1.46713053E-01 1.47394462E-01-1.29006754E-01 0.00000000E+00
76  8 7.25302088E-01 1.08340383E-01 4.37288567E-01 0.00000000E+00 4.58258541E-01
76  9-1.88149738E-01-2.43247665E-01 1.23289607E-02 0.00000000E+00 0.00000000E+00
76 10 1.68689185E-03 2.33123375E-02 1.71307634E-01-1.25961974E-01 0.00000000E+00
76 11-1.15186088E-01-6.29031808E-01 3.43182422E-01 0.00000000E+00-1.08930878E-02
76 12-3.20473729E-02 3.86711001E-02-6.14587697E-02 0.00000000E+00 0.00000000E+00
76 13 1.23068083E-02 1.70077491E-01 1.56703703E-01-1.06778774E-01 0.00000000E+00
76 14-8.40931231E-01-1.78965405E-01-2.48077924E-01 0.00000000E+00 3.66641173E-02
76 15-3.49714005E-01 2.81914284E-01 3.70652846E-01 0.00000000E+00 0.00000000E+00
76 16 1.06165999E-02 1.46734757E-01 1.47408559E-01-1.29009538E-01 0.00000000E+00
76 17-7.25323228E-01 1.08321773E-01 4.37321303E-01 0.00000000E+00-4.58254172E-01
76 18 1.88149040E-01 2.43249568E-01-1.23161431E-02 0.00000000E+00 0.00000000E+00
76 19-5.24094986E-01 3.50233688E-02-4.52208590E-01 3.01787444E-02 7.18988295E-02
76 20-4.77905925E-03 4.52205710E-01-3.01819235E-02 5.24077083E-01-3.50256902E-02
76 21-7.19029327E-02 4.78065409E-03
77  1 1.32326948E-02 1.82847286E-01 1.15204920E-01 1.45630627E-01 0.00000000E+00
77  2-9.03868581E-01-1.15345093E-02 1.62774418E-01 0.00000000E+00 3.50218736E-02
77  3-3.71708077E-01 3.03203155E-01-4.01580027E-01 0.00000000E+00 0.00000000E+00
77  4 5.15807856E-03 7.12988746E-02 1.34384785E-01 1.60240893E-01 0.00000000E+00
77  5-3.52642332E-01-6.02981263E-01-2.87750078E-01 0.00000000E+00-1.16084243E-03
77  6-1.29994191E-01 1.18109422E-01 1.66309802E-01 0.00000000E+00 0.00000000E+00
77  7-8.08223754E-03-1.11692048E-01 1.12153430E-01 1.69541721E-01 0.00000000E+00
77  8 5.52418357E-01 8.21230217E-02-5.74675466E-01 0.00000000E+00 3.48700593E-01
77  9-1.43166638E-01-1.85088108E-01-1.61933562E-02 0.00000000E+00 0.00000000E+00
77 10-1.32324314E-02-1.82881682E-01 1.15217748E-01 1.45651729E-01 0.00000000E+00
77 11 9.03888695E-01-1.15553637E-02 1.62748893E-01 0.00000000E+00-3.50278918E-02
77 12 3.71713891E-01-3.03215394E-01 4.01586917E-01 0.00000000E+00 0.00000000E+00
77 13-5.15857009E-03-7.12901894E-02 1.34386658E-01 1.60227318E-01 0.00000000E+00
77 14 3.52652221E-01-6.02976742E-01-2.87745991E-01 0.00000000E+00 1.19256831E-03
77 15 1.29965013E-01-1.18108326E-01-1.66317326E-01 0.00000000E+00 0.00000000E+00
77 16 8.08211567E-03 1.11706765E-01 1.12166895E-01 1.69548414E-01 0.00000000E+00
77 17-5.52441746E-01 8.21005319E-02-5.74710468E-01 0.00000000E+00-3.48711848E-01
77 18 1.43175860E-01 1.85091922E-01 1.61579692E-02 0.00000000E+00 0.00000000E+00
77 19 2.19554783E-01-1.47263666E-02-3.44071233E-01 2.30348844E-02-5.63690557E-01
77 20 3.75894042E-02 3.44080725E-01-2.30442091E-02-2.19545733E-01 1.47240514E-02
77 21 5.63684410E-01-3.75814362E-02
78  1 1.12675952E-04 3.91977840E-02-7.42710727E-02 7.45677619E-02-0.00000000E+00
78  2-4.58835874E-02 2.03860280E-01-1.61482772E-01-0.00000000E+00 3.98796806E-01
78  3-4.04381204E-01 1.60697612E-02 2.52349702E-01-0.00000000E+00-0.00000000E+00
78  4-1.28572092E-03-4.43382393E-01 1.93053405E-01-2.46844550E-01-0.00000000E+00
78  5 5.19238864E-01-3.10494387E-01 3.16282534E-01-0.00000000E+00 1.36933094E-01
78  6-7.36728888E-02-1.81847532E-01-2.43898195E-01-0.00000000E+00-0.00000000E+00
78  7 1.17428003E-03 4.04201729E-01-2.82869612E-01 5.78608442E-02-0.00000000E+00
78  8-4.73383171E-01 3.91233550E-01-1.46480815E-01-0.00000000E+00-1.47610165E-01
78  9 8.99064356E-02 1.65805056E-01 3.00509560E-01-0.00000000E+00-0.00000000E+00
78 10 1.14676096E-04 3.92392367E-02 7.42787162E-02-7.45847199E-02-0.00000000E+00
78 11-4.59806767E-02-2.03782611E-01 1.61532517E-01-0.00000000E+00 3.98773859E-01
78 12-4.04382539E-01 1.61006271E-02 2.52373787E-01-0.00000000E+00-0.00000000E+00
78 13-1.28788747E-03-4.43416275E-01-1.93034941E-01 2.46870550E-01-0.00000000E+00
78 14 5.19358846E-01 3.10541530E-01-3.16321359E-01-0.00000000E+00 1.36935885E-01
78 15-7.36483365E-02-1.81877050E-01-2.43905629E-01-0.00000000E+00-0.00000000E+00
78 16 1.17130204E-03 4.04150207E-01 2.82848365E-01-5.78477241E-02-0.00000000E+00
78 17-4.73348351E-01-3.91208114E-01 1.46466451E-01-0.00000000E+00-1.47595234E-01
78 18 8.99439219E-02 1.65743268E-01 3.00510771E-01-0.00000000E+00-0.00000000E+00
78 19-1.42611376E-01 1.23571887E-01 1.30014071E-01-1.12655553E-01 1.26105671E-02
78 20-1.09413243E-02 1.30003491E-01-1.12643213E-01-1.42629674E-01 1.23589941E-01
78 21 1.26261088E-02-1.09219840E-02
79  1-1.42059071E-03-4.89348224E-01-1.78287743E-01-2.92514362E-01 0.00000000E+00
79  2 5.73145276E-01 2.54687469E-01 3.99887390E-01 0.00000000E+00-5.25973699E-03
79  3 7.50967192E-02-2.00711678E-01 1.64950422E-01 0.00000000E+00 0.00000000E+00
79  4 6.11738131E-04 2.10707348E-01 5.99623916E-03 1.73735846E-01 0.00000000E+00
79  5-2.46764914E-01-9.98705667E-02-2.93174447E-01 0.00000000E+00 3.74575376E-01
79  6-4.04636270E-01 8.64202365E-02-1.77200326E-01 0.00000000E+00 0.00000000E+00
79  7 8.09458645E-04 2.78640341E-01-1.95004872E-01-8.39350914E-02 0.00000000E+00
79  8-3.26336943E-01 2.69701134E-01 2.12514559E-01 0.00000000E+00-1.01754034E-01
79  9 6.19871266E-02 1.14292937E-01-4.35911349E-01 0.00000000E+00 0.00000000E+00
79 10-1.41904772E-03-4.89329181E-01 1.78277531E-01 2.92504448E-01 0.00000000E+00
79 11 5.73057494E-01-2.54684579E-01-3.99885516E-01 0.00000000E+00-5.25170741E-03
79 12 7.50687043E-02-2.00692007E-01 1.64920436E-01 0.00000000E+00 0.00000000E+00
79 13 6.12370400E-04 2.10713694E-01-6.01051564E-03-1.73746612E-01 0.00000000E+00
79 14-2.46782872E-01 9.99135428E-02 2.93195114E-01 0.00000000E+00 3.74576960E-01
79 15-4.04650851E-01 8.64316055E-02-1.77189030E-01 0.00000000E+00 0.00000000E+00
79 16 8.08927604E-04 2.78641917E-01 1.95000866E-01 8.39219251E-02 0.00000000E+00
79 17-3.26322624E-01-2.69718649E-01-2.12472030E-01 0.00000000E+00-1.01723545E-01
79 18 6.19695848E-02 1.14282825E-01-4.35909790E-01 0.00000000E+00 0.00000000E+00
79 19 6.77648732E-02-5.87281489E-02 8.96344755E-02-7.76619876E-02-1.57385787E-01
79 20 1.36384414E-01 8.96072162E-02-7.76611410E-02 6.77755882E-02-5.87278934E-02
79 21-1.57424780E-01 1.36388980E-01
80  1-0.00000000E+00-0.00000000E+00-0.00000000E+00-0.00000000E+00-5.54979872E-02
80  2-0.00000000E+00-0.00000000E+00-0.00000000E+00-3.05663757E-01-0.00000000E+00
80  3-0.00000000E+00-0.00000000E+00-0.00000000E+00-2.63765285E-01-5.24126046E-01
80  4-0.00000000E+00-0.00000000E+00-0.00000000E+00-0.00000000E+00 2.27795701E-02
80  5-0.00000000E+00-0.00000000E+00-0.00000000E+00 1.25465585E-01-0.00000000E+00
80  6-0.00000000E+00-0.00000000E+00-0.00000000E+00-3.78864416E-01 5.89087698E-02
80  7-0.00000000E+00-0.00000000E+00-0.00000000E+00-0.00000000E+00 3.27167904E-02
80  8-0.00000000E+00-0.00000000E+00-0.00000000E+00 1.80201377E-01-0.00000000E+00
80  9-0.00000000E+00-0.00000000E+00-0.00000000E+00-3.45347167E-01 2.64997353E-01
80 10-0.00000000E+00-0.00000000E+00-0.00000000E+00-0.00000000E+00-5.54941523E-02
80 11-0.00000000E+00-0.00000000E+00-0.00000000E+00-3.05666660E-01-0.00000000E+00
80 12-0.00000000E+00-0.00000000E+00-0.00000000E+00 2.63754124E-01 5.24138790E-01
80 13-0.00000000E+00-0.00000000E+00-0.00000000E+00-0.00000000E+00 2.27788740E-02
80 14-0.00000000E+00-0.00000000E+00-0.00000000E+00 1.25470715E-01-0.00000000E+00
80 15-0.00000000E+00-0.00000000E+00-0.00000000E+00 3.78851454E-01-5.89232341E-02
80 16-0.00000000E+00-0.00000000E+00-0.00000000E+00-0.00000000E+00 3.27147392E-02
80 17-0.00000000E+00-0.00000000E+00-0.00000000E+00 1.80194078E-01-0.00000000E+00
80 18-0.00000000E+00-0.00000000E+00-0.00000000E+00 3.45335976E-01-2.65000527E-01
80 19-0.00000000E+00-0.00000000E+00-0.00000000E+00-0.00000000E+00-0.00000000E+00
80 20-0.00000000E+00-0.00000000E+00-0.00000000E+00-0.00000000E+00-0.00000000E+00
80 21-0.00000000E+00-0.00000000E+00
81  1 0.00000000E+00 0.00000000E+00 0.00000000E+00 0.00000000E+00-5.73800895E-03
81  2 0.00000000E+00 0.00000000E+00 0.00000000E+00-3.15998818E-02 0.00000000E+00
81  3 0.00000000E+00 0.00000000E+00 0.00000000E+00-3.12094764E-01 1.10258793E-01
81  4 0.00000000E+00 0.00000000E+00 0.00000000E+00 0.00000000E+00 5.09296793E-02
81  5 0.00000000E+00 0.00000000E+00 0.00000000E+00 2.80513387E-01 0.00000000E+00
81  6 0.00000000E+00 0.00000000E+00 0.00000000E+00-1.53115247E-01 5.32354724E-01
81  7 0.00000000E+00 0.00000000E+00 0.00000000E+00 0.00000000E+00-4.51948939E-02
81  8 0.00000000E+00 0.00000000E+00 0.00000000E+00-2.48917436E-01 0.00000000E+00
81  9 0.00000000E+00 0.00000000E+00 0.00000000E+00 4.77036391E-01 1.91837761E-01
81 10 0.00000000E+00 0.00000000E+00 0.00000000E+00 0.00000000E+00-5.73643779E-03
81 11 0.00000000E+00 0.00000000E+00 0.00000000E+00-3.15962866E-02 0.00000000E+00
81 12 0.00000000E+00 0.00000000E+00 0.00000000E+00 3.12109697E-01-1.10272883E-01
81 13 0.00000000E+00 0.00000000E+00 0.00000000E+00 0.00000000E+00 5.09330086E-02
81 14 0.00000000E+00 0.00000000E+00 0.00000000E+00 2.80513497E-01 0.00000000E+00
81 15 0.00000000E+00 0.00000000E+00 0.00000000E+00 1.53117889E-01-5.32354520E-01
81 16 0.00000000E+00 0.00000000E+00 0.00000000E+00 0.00000000E+00-4.51940369E-02
81 17 0.00000000E+00 0.00000000E+00 0.00000000E+00-2.48912869E-01 0.00000000E+00
81 18 0.00000000E+00 0.00000000E+00 0.00000000E+00-4.77028297E-01-1.91857052E-01
81 19 0.00000000E+00 0.00000000E+00 0.00000000E+00 0.00000000E+00 0.00000000E+00
81 20 0.00000000E+00 0.00000000E+00 0.00000000E+00 0.00000000E+00 0.00000000E+00
81 21 0.00000000E+00 0.00000000E+00
82  1-3.49225963E-02-4.23047131E-01 8.96388174E-02-2.23807249E-01-0.00000000E+00
82  2 5.74921818E-01 3.59633249E-01 4.59337390E-01-0.00000000E+00 2.64563587E-01
82  3 6.68967931E-02-4.57745149E-01-2.42135769E-01-0.00000000E+00-0.00000000E+00
82  4 2.02823252E-03 2.45869866E-02 2.98320296E-01 1.82244784E-01-0.00000000E+00
82  5-3.34091477E-02 1.47399990E-01 4.63441983E-02-0.00000000E+00 1.43915818E-02
82  6-3.36400838E-02 2.65876735E-02-3.38826693E-02-0.00000000E+00-0.00000000E+00
82  7 3.69493778E-02 4.47581984E-01-1.57640823E-01 1.59943373E-01-0.00000000E+00
82  8-6.08273358E-01 6.11121492E-01 6.90473111E-02-0.00000000E+00 6.90856747E-02
82  9-4.19792900E-01 4.84312856E-01 1.87323871E-02-0.00000000E+00-0.00000000E+00
82 10 3.49217675E-02 4.23034596E-01 8.96352783E-02-2.23797260E-01-0.00000000E+00
82 11-5.74919438E-01 3.59646616E-01 4.59313363E-01-0.00000000E+00-2.64606909E-01
82 12-6.68589409E-02 4.57741784E-01 2.42110703E-01-0.00000000E+00-0.00000000E+00
82 13-2.02812221E-03-2.45425305E-02 2.98339825E-01 1.82219715E-01-0.00000000E+00
82 14 3.33556805E-02 1.47373031E-01 4.63875270E-02-0.00000000E+00-1.43944122E-02
82 15 3.36394803E-02-2.65734801E-02 3.39136455E-02-0.00000000E+00-0.00000000E+00
82 16-3.69507692E-02-4.47623109E-01-1.57665794E-01 1.59946706E-01-0.00000000E+00
82 17 6.08334282E-01 6.11161018E-01 6.90257708E-02-0.00000000E+00-6.90741282E-02
82 18 4.19787999E-01-4.84334360E-01-1.87689262E-02-0.00000000E+00-0.00000000E+00
82 19-4.69304466E-03-9.88597890E-03-8.56784938E-02-1.79973845E-01-8.09696265E-02
82 20-1.70103077E-01 8.56676254E-02 1.79983125E-01 4.71270001E-03 9.86828729E-03
82 21 8.09719584E-02 1.70106581E-01
83  1-2.25037365E-02-2.72606911E-01-3.02721335E-01 6.39061516E-02 0.00000000E+00
83  2 3.70489779E-01 7.61710006E-02 3.85828745E-01 0.00000000E+00 2.07087160E-01
83  3 6.50474007E-03-2.94966329E-01-1.31631221E-01 0.00000000E+00 0.00000000E+00
83  4-4.14957760E-02-5.02667471E-01 1.03313147E-01-1.44789504E-01 0.00000000E+00
83  5 6.83129953E-01-3.36779986E-01 5.98042472E-01 0.00000000E+00 3.35681126E-01
83  6 5.81750102E-02-5.43907778E-01 2.73503819E-01 0.00000000E+00 0.00000000E+00
83  7-1.89924270E-02-2.30058012E-01 8.10238733E-02 3.11197589E-01 0.00000000E+00
83  8 3.12679717E-01-3.14126665E-01 1.34299349E-01 0.00000000E+00-3.55087351E-02
83  9 2.15765877E-01-2.48931990E-01 3.64789229E-02 0.00000000E+00 0.00000000E+00
83 10 2.25044574E-02 2.72613696E-01-3.02717182E-01 6.39009059E-02 0.00000000E+00
83 11-3.70508384E-01 7.61785979E-02 3.85834972E-01 0.00000000E+00-2.07082384E-01
83 12-6.51486883E-03 2.94973030E-01 1.31638707E-01 0.00000000E+00 0.00000000E+00
83 13 4.14954434E-02 5.02653922E-01 1.03313285E-01-1.44781174E-01 0.00000000E+00
83 14-6.83099736E-01-3.36769421E-01 5.98030606E-01 0.00000000E+00-3.35673384E-01
83 15-5.81761151E-02 5.43898684E-01-2.73509266E-01 0.00000000E+00 0.00000000E+00
83 16 1.89920433E-02 2.30063737E-01 8.10292160E-02 3.11197015E-01 0.00000000E+00
83 17-3.12693672E-01-3.14131057E-01 1.34301601E-01 0.00000000E+00 3.55014674E-02
83 18-2.15760972E-01 2.48934783E-01-3.64701526E-02 0.00000000E+00 0.00000000E+00
83 19 9.62081628E-02 2.02115201E-01 4.40366316E-02 9.25070790E-02-5.21808927E-02
83 20-1.09620825E-01-4.40301920E-02-9.25087954E-02-9.62128698E-02-2.02109777E-01
83 21 5.21821223E-02 1.09618972E-01
84  1-0.00000000E+00-0.00000000E+00-0.00000000E+00-0.00000000E+00-1.14432731E-02
84  2-0.00000000E+00-0.00000000E+00-0.00000000E+00-8.40310772E-03-0.00000000E+00
84  3-0.00000000E+00-0.00000000E+00-0.00000000E+00 5.82744480E-01-3.59083731E-01
84  4-0.00000000E+00-0.00000000E+00-0.00000000E+00-0.00000000E+00-9.92343646E-02
84  5-0.00000000E+00-0.00000000E+00-0.00000000E+00-7.25053107E-02-0.00000000E+00
84  6-0.00000000E+00-0.00000000E+00-0.00000000E+00 3.26685741E-01-7.17418353E-03
84  7-0.00000000E+00-0.00000000E+00-0.00000000E+00-0.00000000E+00-8.77988003E-02
84  8-0.00000000E+00-0.00000000E+00-0.00000000E+00-6.42129333E-02-0.00000000E+00
84  9-0.00000000E+00-0.00000000E+00-0.00000000E+00 1.50097714E-01-4.04871667E-01
84 10-0.00000000E+00-0.00000000E+00-0.00000000E+00-0.00000000E+00 1.14394143E-02
84 11-0.00000000E+00-0.00000000E+00-0.00000000E+00 8.39641916E-03-0.00000000E+00
84 12-0.00000000E+00-0.00000000E+00-0.00000000E+00 5.82747740E-01-3.59070660E-01
84 13-0.00000000E+00-0.00000000E+00-0.00000000E+00-0.00000000E+00 9.92324783E-02
84 14-0.00000000E+00-0.00000000E+00-0.00000000E+00 7.24998184E-02-0.00000000E+00
84 15-0.00000000E+00-0.00000000E+00-0.00000000E+00 3.26698787E-01-7.15039636E-03
84 16-0.00000000E+00-0.00000000E+00-0.00000000E+00-0.00000000E+00 8.78054510E-02
84 17-0.00000000E+00-0.00000000E+00-0.00000000E+00 6.42247981E-02-0.00000000E+00
84 18-0.00000000E+00-0.00000000E+00-0.00000000E+00 1.50122019E-01-4.04863535E-01
84 19-0.00000000E+00-0.00000000E+00-0.00000000E+00-0.00000000E+00-0.00000000E+00
84 20-0.00000000E+00-0.00000000E+00-0.00000000E+00-0.00000000E+00-0.00000000E+00
84 21-0.00000000E+00-0.00000000E+00
85  1 0.00000000E+00 0.00000000E+00 0.00000000E+00 0.00000000E+00 1.07995792E-01
85  2 0.00000000E+00 0.00000000E+00 0.00000000E+00 7.90515197E-02 0.00000000E+00
85  3 0.00000000E+00 0.00000000E+00 0.00000000E+00 1.55116186E-01 1.23724878E-01
85  4 0.00000000E+00 0.00000000E+00 0.00000000E+00 0.00000000E+00 4.40777636E-02
85  5 0.00000000E+00 0.00000000E+00 0.00000000E+00 3.21127231E-02 0.00000000E+00
85  6 0.00000000E+00 0.00000000E+00 0.00000000E+00 5.06943405E-01 3.79511974E-01
85  7 0.00000000E+00 0.00000000E+00 0.00000000E+00 0.00000000E+00-6.38881250E-02
85  8 0.00000000E+00 0.00000000E+00 0.00000000E+00-4.65916381E-02 0.00000000E+00
85  9 0.00000000E+00 0.00000000E+00 0.00000000E+00 1.09042267E-01 5.56315966E-01
85 10 0.00000000E+00 0.00000000E+00 0.00000000E+00 0.00000000E+00-1.07995485E-01
85 11 0.00000000E+00 0.00000000E+00 0.00000000E+00-7.90582629E-02 0.00000000E+00
85 12 0.00000000E+00 0.00000000E+00 0.00000000E+00 1.55124028E-01 1.23738198E-01
85 13 0.00000000E+00 0.00000000E+00 0.00000000E+00 0.00000000E+00-4.40761093E-02
85 14 0.00000000E+00 0.00000000E+00 0.00000000E+00-3.21062868E-02 0.00000000E+00
85 15 0.00000000E+00 0.00000000E+00 0.00000000E+00 5.06947846E-01 3.79503706E-01
85 16 0.00000000E+00 0.00000000E+00 0.00000000E+00 0.00000000E+00 6.38882641E-02
85 17 0.00000000E+00 0.00000000E+00 0.00000000E+00 4.65912185E-02 0.00000000E+00
85 18 0.00000000E+00 0.00000000E+00 0.00000000E+00 1.09042103E-01 5.56303865E-01
85 19 0.00000000E+00 0.00000000E+00 0.00000000E+00 0.00000000E+00 0.00000000E+00
85 20 0.00000000E+00 0.00000000E+00 0.00000000E+00 0.00000000E+00 0.00000000E+00
85 21 0.00000000E+00 0.00000000E+00
86  1 0.00000000E+00 0.00000000E+00 0.00000000E+00 0.00000000E+00-3.50813927E-02
86  2 0.00000000E+00 0.00000000E+00 0.00000000E+00-3.63102698E-01 0.00000000E+00
86  3 0.00000000E+00 0.00000000E+00 0.00000000E+00-2.46122155E-01-4.26203180E-01
86  4 0.00000000E+00 0.00000000E+00 0.00000000E+00 0.00000000E+00 3.51410769E-02
86  5 0.00000000E+00 0.00000000E+00 0.00000000E+00 3.63145689E-01 0.00000000E+00
86  6 0.00000000E+00 0.00000000E+00 0.00000000E+00-2.45986442E-01 4.26401623E-01
86  7 0.00000000E+00 0.00000000E+00 0.00000000E+00 0.00000000E+00-3.51272339E-02
86  8 0.00000000E+00 0.00000000E+00 0.00000000E+00-3.63131500E-01 0.00000000E+00
86  9 0.00000000E+00 0.00000000E+00 0.00000000E+00 4.92236924E-01 2.29737763E-04
86 10 0.00000000E+00 0.00000000E+00 0.00000000E+00 0.00000000E+00 3.50778222E-02
86 11 0.00000000E+00 0.00000000E+00 0.00000000E+00 3.63096464E-01 0.00000000E+00
86 12 0.00000000E+00 0.00000000E+00 0.00000000E+00-2.46118297E-01-4.26194466E-01
86 13 0.00000000E+00 0.00000000E+00 0.00000000E+00 0.00000000E+00-3.51421261E-02
86 14 0.00000000E+00 0.00000000E+00 0.00000000E+00-3.63145312E-01 0.00000000E+00
86 15 0.00000000E+00 0.00000000E+00 0.00000000E+00-2.45979989E-01 4.26404209E-01
86 16 0.00000000E+00 0.00000000E+00 0.00000000E+00 0.00000000E+00 3.51286974E-02
86 17 0.00000000E+00 0.00000000E+00 0.00000000E+00 3.63139307E-01 0.00000000E+00
86 18 0.00000000E+00 0.00000000E+00 0.00000000E+00 4.92250150E-01 2.29147844E-04
86 19 0.00000000E+00 0.00000000E+00 0.00000000E+00 0.00000000E+00 0.00000000E+00
86 20 0.00000000E+00 0.00000000E+00 0.00000000E+00 0.00000000E+00 0.00000000E+00
86 21 0.00000000E+00 0.00000000E+00
87  1-8.43702004E-02-2.26210042E-01 7.50497449E-02 1.44920492E-01-0.00000000E+00
87  2 2.91994111E+00 6.68137503E-01 1.19053151E+00-0.00000000E+00 3.11238238E-01
87  3 4.01509545E-01-6.97175944E-01 7.04761763E-02-0.00000000E+00-0.00000000E+00
87  4 4.01098452E-02 1.07541866E-01 2.39129241E-01 4.85660144E-02-0.00000000E+00
87  5-1.38812104E+00 7.71182525E-01-3.04108026E-01-0.00000000E+00-3.81665703E-01
87  6 4.28231307E-02 3.31439840E-01 1.89308079E-01-0.00000000E+00-0.00000000E+00
87  7 4.42616427E-02 1.18686568E-01 8.55251553E-02-2.23899306E-01-0.00000000E+00
87  8-1.53187230E+00 7.16188110E-01-4.99157928E-01-0.00000000E+00-2.26525421E-01
87  9-1.47383425E-01 3.65738522E-01 2.96988922E-01-0.00000000E+00-0.00000000E+00
87 10-8.43712860E-02-2.26225727E-01-7.50479484E-02-1.44916799E-01-0.00000000E+00
87 11 2.92003815E+00-6.68157906E-01-1.19059869E+00-0.00000000E+00 3.11224945E-01
87 12 4.01520659E-01-6.97175637E-01 7.04800579E-02-0.00000000E+00-0.00000000E+00
87 13 4.01108806E-02 1.07559416E-01-2.39120180E-01-4.85650297E-02-0.00000000E+00
87 14-1.38823452E+00-7.71215666E-01 3.04179081E-01-0.00000000E+00-3.81661064E-01
87 15 4.28134504E-02 3.31443607E-01 1.89298035E-01-0.00000000E+00-0.00000000E+00
87 16 4.42596757E-02 1.18671181E-01-8.55249095E-02 2.23908393E-01-0.00000000E+00
87 17-1.53175058E+00-7.16116523E-01 4.99152438E-01-0.00000000E+00-2.26525202E-01
87 18-1.47376342E-01 3.65733601E-01 2.96989747E-01-0.00000000E+00-0.00000000E+00
87 19 1.25579662E-01-1.87883094E-01 1.38568811E-01-2.07342091E-01-2.64153921E-01
87 20 3.95230718E-01 1.38571822E-01-2.07324572E-01 1.25573939E-01-1.87902637E-01
87 21-2.64152983E-01 3.95214941E-01
88  1 2.39634479E-03 6.42427582E-03-2.29957446E-01 1.27415601E-01-0.00000000E+00
88  2-8.29387762E-02-5.26881549E-01 2.59423347E-01-0.00000000E+00-2.70538832E-01
88  3 2.50295913E-01 1.97994482E-02-1.76468094E-01-0.00000000E+00-0.00000000E+00
88  4-7.42650484E-02-1.99119174E-01 3.64694265E-02 1.86764397E-01-0.00000000E+00
88  5 2.57026635E+00-3.59574942E-01 1.17993226E+00-0.00000000E+00 1.56182581E-01
88  6 4.71197041E-01-6.13672361E-01 1.64822153E-02-0.00000000E+00-0.00000000E+00
88  7 7.18693636E-02 1.92694299E-01 1.38876527E-01 1.37895616E-01-0.00000000E+00
88  8-2.48733716E+00 1.16286737E+00 3.07404301E-01-0.00000000E+00-3.67811540E-01
88  9-2.39326585E-01 5.93873960E-01-1.82897585E-01-0.00000000E+00-0.00000000E+00
88 10 2.39579903E-03 6.42076650E-03 2.29960451E-01-1.27418944E-01-0.00000000E+00
88 11-8.29177736E-02 5.26873524E-01-2.59428553E-01-0.00000000E+00-2.70542859E-01
88 12 2.50301650E-01 1.97999267E-02-1.76477925E-01-0.00000000E+00-0.00000000E+00
88 13-7.42653792E-02-1.99116041E-01-3.64674195E-02-1.86770411E-01-0.00000000E+00
88 14 2.57026199E+00 3.59562030E-01-1.17992994E+00-0.00000000E+00 1.56183513E-01
88 15 4.71200329E-01-6.13674772E-01 1.64906143E-02-0.00000000E+00-0.00000000E+00
88 16 7.18688505E-02 1.92690452E-01-1.38879471E-01-1.37902140E-01-0.00000000E+00
88 17-2.48733575E+00-1.16285571E+00-3.07416548E-01-0.00000000E+00-3.67816431E-01
88 18-2.39323406E-01 5.93873288E-01-1.82910546E-01-0.00000000E+00-0.00000000E+00
88 19-2.32507986E-01 3.47885111E-01 2.25003766E-01-3.36661336E-01 7.50302960E-03
88 20-1.12205595E-02 2.25007600E-01-3.36658389E-01-2.32503040E-01 3.47880365E-01
88 21 7.50029231E-03-1.12227940E-02
89  1 0.00000000E+00 0.00000000E+00 0.00000000E+00 0.00000000E+00 1.68312098E-06
89  2 0.00000000E+00 0.00000000E+00 0.00000000E+00 1.34488722E-06 0.00000000E+00
89  3 0.00000000E+00 0.00000000E+00 0.00000000E+00-4.80585692E-01 2.77465795E-01
89  4 0.00000000E+00 0.00000000E+00 0.00000000E+00 0.00000000E+00-1.87206231E-08
89  5 0.00000000E+00 0.00000000E+00 0.00000000E+00-8.20826534E-07 0.00000000E+00
89  6 0.00000000E+00 0.00000000E+00 0.00000000E+00-4.80580346E-01-2.77465122E-01
89  7 0.00000000E+00 0.00000000E+00 0.00000000E+00 0.00000000E+00 3.59275566E-06
89  8 0.00000000E+00 0.00000000E+00 0.00000000E+00 2.23050299E-06 0.00000000E+00
89  9 0.00000000E+00 0.00000000E+00 0.00000000E+00 7.48440250E-08-5.54919177E-01
89 10 0.00000000E+00 0.00000000E+00 0.00000000E+00 0.00000000E+00-2.33672163E-06
89 11 0.00000000E+00 0.00000000E+00 0.00000000E+00-1.66223863E-06 0.00000000E+00
89 12 0.00000000E+00 0.00000000E+00 0.00000000E+00 4.80575458E-01-2.77453016E-01
89 13 0.00000000E+00 0.00000000E+00 0.00000000E+00 0.00000000E+00-2.46846645E-06
89 14 0.00000000E+00 0.00000000E+00 0.00000000E+00-3.07103519E-07 0.00000000E+00
89 15 0.00000000E+00 0.00000000E+00 0.00000000E+00 4.80578559E-01 2.77468258E-01
89 16 0.00000000E+00 0.00000000E+00 0.00000000E+00 0.00000000E+00-4.27497916E-07
89 17 0.00000000E+00 0.00000000E+00 0.00000000E+00-7.78113882E-07 0.00000000E+00
89 18 0.00000000E+00 0.00000000E+00 0.00000000E+00-6.02796042E-06 5.54934377E-01
89 19 0.00000000E+00 0.00000000E+00 0.00000000E+00 0.00000000E+00 0.00000000E+00
89 20 0.00000000E+00 0.00000000E+00 0.00000000E+00 0.00000000E+00 0.00000000E+00
89 21 0.00000000E+00 0.00000000E+00
90  1 2.51974801E-02-4.87945060E-02-2.99601493E-01 9.80635640E-02 0.00000000E+00
90  2-5.29886581E-01-1.93157935E-01-2.91661567E-01 0.00000000E+00-2.26283795E-01
90  3 1.30824126E-01 1.55917904E-01 4.33180281E-01 0.00000000E+00 0.00000000E+00
90  4-3.98460282E-02 7.73176360E-02-1.03180761E-01 5.91104648E-02 0.00000000E+00
90  5 8.38394344E-01-2.79431148E-01 4.75923158E-01 0.00000000E+00 3.97323106E-01
90  6-2.46179131E-01-2.46568240E-01 6.58444094E-01 0.00000000E+00 0.00000000E+00
90  7 1.46304050E-02-2.83163240E-02 3.76553340E-02 3.68319944E-01 0.00000000E+00
90  8-3.07754936E-01 2.02812094E-01 2.55620964E-02 0.00000000E+00 2.12784882E-01
90  9-2.68212056E-01 9.05325687E-02 4.54601896E-02 0.00000000E+00 0.00000000E+00
90 10 2.51993812E-02-4.89451744E-02 2.99375298E-01-9.77820375E-02 0.00000000E+00
90 11-5.29837641E-01 1.92168930E-01 2.91862333E-01 0.00000000E+00-2.25848274E-01
90 12 1.30282219E-01 1.55938928E-01 4.33555491E-01 0.00000000E+00 0.00000000E+00
90 13-3.98156281E-02 7.71953680E-02 1.03067486E-01-5.88637525E-02 0.00000000E+00
90 14 8.36662896E-01 2.79287705E-01-4.75492730E-01 0.00000000E+00 3.97173766E-01
90 15-2.46370340E-01-2.46379499E-01 6.58389466E-01 0.00000000E+00 0.00000000E+00
90 16 1.46322424E-02-2.84459272E-02-3.77533569E-02-3.67962417E-01 0.00000000E+00
90 17-3.07573322E-01-2.02489468E-01-2.45115622E-02 0.00000000E+00 2.12786592E-01
90 18-2.68282646E-01 9.05497468E-02 4.62013508E-02 0.00000000E+00 0.00000000E+00
90 19 3.25321540E-01 2.23698541E-03-1.19542077E-01-8.26843188E-04-2.05822733E-01
90 20-1.34864059E-03-1.19521372E-01-7.63345833E-04 3.25409536E-01 2.10673229E-03
90 21-2.05855517E-01-1.40712513E-03
91  1 3.14399250E-02-6.09061111E-02 1.73644089E-01-1.93722976E-01 0.00000000E+00
91  2-6.61014403E-01-2.02846792E-01-3.85880094E-01 0.00000000E+00-3.40796911E-01
91  3 2.21693366E-01 1.94548681E-01 5.01607701E-01 0.00000000E+00 0.00000000E+00
91  4 6.09944258E-03-1.18725964E-02-3.30178867E-01-2.08819011E-01 0.00000000E+00
91  5-1.28217295E-01 1.97117152E-02-8.60544724E-02 0.00000000E+00-9.84917020E-02
91  6 7.53465851E-02 3.77468133E-02-7.57659739E-02 0.00000000E+00 0.00000000E+00
91  7-3.75305857E-02 7.27415891E-02-9.66187432E-02 1.43524514E-01 0.00000000E+00
91  8 7.88695714E-01-5.19846684E-01 9.91434067E-03 0.00000000E+00-5.46026717E-01
91  9 6.88165418E-01-2.32234534E-01 1.77411572E-02 0.00000000E+00 0.00000000E+00
91 10 3.14500955E-02-6.10631312E-02-1.73274897E-01 1.93714041E-01 0.00000000E+00
91 11-6.61400177E-01 2.03544565E-01 3.85291288E-01 0.00000000E+00-3.41381612E-01
91 12 2.22108665E-01 1.94613535E-01 5.01331602E-01 0.00000000E+00 0.00000000E+00
91 13 6.09863223E-03-1.17889833E-02 3.30569421E-01 2.08967921E-01 0.00000000E+00
91 14-1.28294790E-01-1.87735616E-02 8.68124373E-02 0.00000000E+00-9.78195055E-02
91 15 7.47232743E-02 3.77392172E-02-7.61530775E-02 0.00000000E+00 0.00000000E+00
91 16-3.75593386E-02 7.28983301E-02 9.68947732E-02-1.43435385E-01 0.00000000E+00
91 17 7.90235184E-01 5.20150964E-01-9.62196442E-03 0.00000000E+00-5.45892409E-01
91 18 6.88370296E-01-2.32420994E-01 1.79419359E-02 0.00000000E+00 0.00000000E+00
91 19-4.98266904E-02-3.11362506E-04 3.06738786E-01 2.00135811E-03-2.56843192E-01
91 20-1.71290556E-03 3.06642479E-01 2.09913009E-03-4.98319603E-02-3.47183240E-04
91 21-2.56888984E-01-1.73074661E-03
92  1 1.80054113E-03-1.44469591E-02 3.59846524E-01-2.31520993E-01 0.00000000E+00
92  2-8.78034625E-02 1.05421423E+00-6.16216540E-01 0.00000000E+00 6.37305945E-01
92  3-6.60337573E-01 1.15713094E-02 4.37484682E-01 0.00000000E+00 0.00000000E+00
92  4 2.11844265E-02-1.70011321E-01 2.81740814E-01-1.17074828E-01 0.00000000E+00
92  5-1.03354734E+00 4.96938089E-01 1.97888911E-01 0.00000000E+00-4.39197417E-01
92  6 1.68120942E-01 1.36123159E-01 1.44751469E-01 0.00000000E+00 0.00000000E+00
92  7 1.94197646E-02-1.55640316E-01 2.21767139E-01-2.42141552E-01 0.00000000E+00
92  8-9.46419708E-01 7.10015817E-02-6.91786270E-01 0.00000000E+00-8.39109028E-02
92  9-1.64260657E-01 1.24770752E-01 4.91500673E-01 0.00000000E+00 0.00000000E+00
92 10-1.80041015E-03 1.44402700E-02 3.60210095E-01-2.31720742E-01 0.00000000E+00
92 11 8.77725853E-02 1.05424608E+00-6.16224717E-01 0.00000000E+00-6.37269054E-01
92 12 6.60289289E-01-1.15653089E-02-4.37472657E-01 0.00000000E+00 0.00000000E+00
92 13-2.12209795E-02 1.70085077E-01 2.81610892E-01-1.17256348E-01 0.00000000E+00
92 14 1.03430211E+00 4.97202528E-01 1.97465239E-01 0.00000000E+00 4.39606540E-01
92 15-1.68392775E-01-1.36348368E-01-1.44159787E-01 0.00000000E+00 0.00000000E+00
92 16-1.93824717E-02 1.55571843E-01 2.21683136E-01-2.42349248E-01 0.00000000E+00
92 17 9.45692842E-01 7.05078895E-02-6.91785784E-01 0.00000000E+00 8.44709307E-02
92 18 1.63576101E-01-1.24547514E-01-4.91471758E-01 0.00000000E+00 0.00000000E+00
92 19 7.57638569E-02-4.23896825E-02 6.90331035E-02-3.87814701E-02-6.41834059E-03
92 20 3.59543322E-03-6.93439111E-02 3.87870917E-02-7.54610494E-02 4.23907981E-02
92 21 6.42739717E-03-3.60089083E-03
93  1-2.34845173E-02 1.87909361E-01 1.62420015E-01 2.15670255E-01-0.00000000E+00
93  2 1.14528406E+00 1.24600336E-01 2.82085031E-02-0.00000000E+00 2.24204801E-01
93  3 7.58024250E-02-1.50872718E-01-1.51116455E-02-0.00000000E+00-0.00000000E+00
93  4-1.01308116E-02 8.16342742E-02 2.77030050E-01 2.93985646E-01-0.00000000E+00
93  5 4.93611599E-01 9.38454039E-01 5.83381711E-01-0.00000000E+00-5.13173314E-01
93  6 6.42957839E-01-6.51201162E-02 4.13110229E-01-0.00000000E+00-0.00000000E+00
93  7 1.32674676E-02-1.06689807E-01 1.51772178E-01 3.53763201E-01-0.00000000E+00
93  8-6.46064744E-01 4.75963789E-02 1.01059848E+00-0.00000000E+00-5.73536404E-02
93  9-1.12383686E-01 8.52697928E-02-7.18012919E-01-0.00000000E+00-0.00000000E+00
93 10 2.34514137E-02-1.87832963E-01 1.62412650E-01 2.15568279E-01-0.00000000E+00
93 11-1.14458361E+00 1.24367372E-01 2.78071098E-02-0.00000000E+00-2.23842015E-01
93 12-7.60331565E-02 1.50666119E-01 1.45283244E-02-0.00000000E+00-0.00000000E+00
93 13 1.01433831E-02-8.16658082E-02 2.76733129E-01 2.93855425E-01-0.00000000E+00
93 14-4.93853985E-01 9.38344767E-01 5.83513963E-01-0.00000000E+00 5.13061808E-01
93 15-6.42889301E-01 6.51955482E-02-4.13354435E-01-0.00000000E+00-0.00000000E+00
93 16-1.32451624E-02 1.06643192E-01 1.51713647E-01 3.54038021E-01-0.00000000E+00
93 17 6.45600152E-01 4.72942206E-02 1.01060043E+00-0.00000000E+00 5.76609361E-02
93 18 1.11990550E-01-8.51306791E-02 7.17972593E-01-0.00000000E+00-0.00000000E+00
93 19-3.62655202E-02 2.00932183E-02 4.72436415E-02-2.63271877E-02 8.37784224E-02
93 20-4.70973832E-02-4.74149802E-02 2.63235885E-02 3.61454802E-02-2.00846380E-02
93 21-8.34861033E-02 4.70952644E-02
94  1 9.65060264E-02 5.51875289E-01-7.04111678E-02-1.21989414E-01 0.00000000E+00
94  2-6.94097783E+00-1.91033312E+00-3.30890412E+00 0.00000000E+00-2.25132874E-01
94  3-3.58478487E-01 5.41601370E-01-1.33302510E-01 0.00000000E+00 0.00000000E+00
94  4-9.65165437E-02-5.51818531E-01-7.03721986E-02 1.22125107E-01 0.00000000E+00
94  5 6.94140693E+00-1.91017898E+00 3.30909661E+00 0.00000000E+00 2.25068815E-01
94  6 3.58659563E-01-5.41668231E-01-1.33192617E-01 0.00000000E+00 0.00000000E+00
94  7 9.65187044E-02 5.51799798E-01 1.40967280E-01 7.38474160E-05 0.00000000E+00
94  8-6.94147761E+00 3.82084339E+00 2.95586395E-04 0.00000000E+00-4.25116850E-01
94  9-1.58624843E-01 5.41679060E-01-1.88070702E-04 0.00000000E+00 0.00000000E+00
94 10-9.65116428E-02-5.51876446E-01-7.04261754E-02-1.21986728E-01 0.00000000E+00
94 11 6.94099753E+00-1.91037241E+00-3.30896484E+00 0.00000000E+00 2.25175148E-01
94 12 3.58450869E-01-5.41631772E-01 1.33227012E-01 0.00000000E+00 0.00000000E+00
94 13 9.65182878E-02 5.51804931E-01-7.04053303E-02 1.22119735E-01 0.00000000E+00
94 14-6.94147824E+00-1.91020226E+00 3.30909495E+00 0.00000000E+00-2.25097874E-01
94 15-3.58636048E-01 5.41677882E-01 1.33130110E-01 0.00000000E+00 0.00000000E+00
94 16-9.65181336E-02-5.51806052E-01 1.40964193E-01 1.14515122E-04 0.00000000E+00
94 17 6.94149341E+00 3.82086579E+00 2.89846109E-04 0.00000000E+00 4.25145093E-01
94 18 1.58599109E-01-5.41679235E-01 1.81418269E-04 0.00000000E+00 0.00000000E+00
94 19-1.27021619E-01 8.75021094E-01 1.27003952E-01-8.75003267E-01-1.26959125E-01
94 20 8.74997524E-01-1.27017051E-01 8.75018969E-01 1.26989688E-01-8.74997119E-01
94 21 1.27001032E-01-8.74984875E-01
95  1 9.80363623E-08 3.51262715E-06-3.68278125E-01 2.12626943E-01-0.00000000E+00
95  2 1.37460637E-05-1.46739996E+00 8.47194066E-01-0.00000000E+00-5.36678696E-01
95  3 5.36682192E-01-1.15583194E-06-3.57794190E-01-0.00000000E+00-0.00000000E+00
95  4-1.34460549E-07-4.77946850E-06-3.68277145E-01-2.12629215E-01-0.00000000E+00
95  5 9.32006975E-06-1.46737725E+00-8.47193291E-01-0.00000000E+00 5.36681318E-01
95  6-5.36684485E-01 1.82195365E-06-3.57790698E-01-0.00000000E+00-0.00000000E+00
95  7 4.30592372E-07 1.14272739E-05-7.10834359E-06-4.25244852E-01-0.00000000E+00
95  8 2.08589082E-05 1.26269460E-05-1.69437128E+00-0.00000000E+00-9.66319226E-06
95  9 2.01887199E-05-2.89337508E-06 7.15567329E-01-0.00000000E+00-0.00000000E+00
95 10-2.79472788E-07-5.89319067E-06 3.68270307E-01-2.12610949E-01-0.00000000E+00
95 11-1.57899800E-05 1.46737044E+00-8.47174954E-01-0.00000000E+00-5.36674019E-01
95 12 5.36667984E-01 1.32277684E-06-3.57787423E-01-0.00000000E+00-0.00000000E+00
95 13-2.97195326E-07-4.90480893E-06 3.68276041E-01 2.12634652E-01-0.00000000E+00
95 14-2.11022713E-05 1.46737604E+00 8.47204127E-01-0.00000000E+00 5.36681612E-01
95 15-5.36688386E-01 6.87060864E-07-3.57783101E-01-0.00000000E+00-0.00000000E+00
95 16 3.97438073E-08 2.25026991E-06-2.56812748E-06 4.25256591E-01-0.00000000E+00
95 17-7.82003442E-06-1.43577680E-05 1.69439943E+00-0.00000000E+00-1.39390390E-05
95 18 1.51847212E-05-4.92203431E-07 7.15585147E-01-0.00000000E+00-0.00000000E+00
95 19-1.43652785E-06 6.65876699E-07 4.60790559E-07-2.97889040E-07-4.95112206E-07
95 20 7.31510566E-07 2.08685295E-06-3.26212442E-07-5.41300346E-07 1.01381554E-07
95 21-2.19962122E-06 8.25194967E-07
96  1 7.09910821E-02 4.88954477E-02-5.41871095E-02-9.38621782E-02-0.00000000E+00
96  2-3.88761455E+00-1.08968487E+00-1.88742639E+00-0.00000000E+00-4.00624221E-01
96  3 1.87228770E-01 2.99591423E-01 5.87838549E-01-0.00000000E+00-0.00000000E+00
96  4-7.09895863E-02-4.89071058E-02-5.41932335E-02 9.38594266E-02-0.00000000E+00
96  5 3.88760429E+00-1.08970807E+00 1.88743639E+00-0.00000000E+00 4.00620357E-01
96  6-1.87215498E-01-2.99584379E-01 5.87832370E-01-0.00000000E+00-0.00000000E+00
96  7 7.09901146E-02 4.89070749E-02 1.08377351E-01 6.94666767E-06-0.00000000E+00
96  8-3.88760110E+00 2.17939876E+00 2.35923417E-05-0.00000000E+00 4.81131725E-01
96  9-6.94528473E-01 2.99585201E-01 1.47453425E-05-0.00000000E+00-0.00000000E+00
96 10-7.09904775E-02-4.89111648E-02-5.41932705E-02-9.38576378E-02-0.00000000E+00
96 11 3.88757160E+00-1.08969199E+00-1.88742570E+00-0.00000000E+00 4.00619018E-01
96 12-1.87220332E-01-2.99585456E-01-5.87825301E-01-0.00000000E+00-0.00000000E+00
96 13 7.09902325E-02 4.89003966E-02-5.41845274E-02 9.38606681E-02-0.00000000E+00
96 14-3.88762022E+00-1.08971186E+00 1.88741019E+00-0.00000000E+00-4.00610281E-01
96 15 1.87211791E-01 2.99587993E-01-5.87836561E-01-0.00000000E+00-0.00000000E+00
96 16-7.09901559E-02-4.89013677E-02 1.08382109E-01-2.12209486E-06-0.00000000E+00
96 17 3.88762502E+00 2.17942147E+00 1.89554737E-05-0.00000000E+00-4.81135424E-01
96 18 6.94539929E-01-2.99588359E-01-1.43278613E-05-0.00000000E+00-0.00000000E+00
96 19 2.65524987E-01 3.65107029E-01-2.65521454E-01-3.65096370E-01 2.65524744E-01
96 20 3.65105735E-01 2.65524820E-01 3.65103616E-01-2.65519770E-01-3.65092452E-01
96 21-2.65526685E-01-3.65096277E-01
97  1-1.88588506E-01 1.31468939E+00 2.74703921E-02 4.75735181E-02-0.00000000E+00
97  2 3.56373497E-01-3.00481575E-02-5.20413815E-02-0.00000000E+00-6.88030936E-01
97  3-7.25681124E-01-7.32467320E-01-3.76418560E-02-0.00000000E+00-0.00000000E+00
97  4-1.88601206E-01 1.31476304E+00-2.74574472E-02 4.75803504E-02-0.00000000E+00
97  5 3.56445920E-01 3.00257188E-02-5.20226660E-02-0.00000000E+00-6.88085281E-01
97  6-7.25717040E-01-7.32516336E-01 3.76468153E-02-0.00000000E+00-0.00000000E+00
97  7-1.88614804E-01 1.31485107E+00-5.49313207E-02 5.02476332E-06-0.00000000E+00
97  8 3.56453022E-01 6.00797536E-02-2.36992821E-06-0.00000000E+00-7.44596877E-01
97  9-6.69311713E-01-7.32569925E-01-8.03688353E-06-0.00000000E+00-0.00000000E+00
97 10-1.88617642E-01 1.31486424E+00-2.74627191E-02-4.75736073E-02-0.00000000E+00
97 11 3.56486697E-01 3.00308547E-02 5.20174515E-02-0.00000000E+00-6.88142641E-01
97 12-7.25784255E-01-7.32580465E-01-3.76483070E-02-0.00000000E+00-0.00000000E+00
97 13-1.88605506E-01 1.31479467E+00 2.74751925E-02-4.75679216E-02-0.00000000E+00
97 14 3.56427748E-01-3.00458025E-02 5.20304108E-02-0.00000000E+00-6.88092093E-01
97 15-7.25746490E-01-7.32533817E-01 3.76366514E-02-0.00000000E+00-0.00000000E+00
97 16-1.88591653E-01 1.31470495E+00 5.49358933E-02 7.58385544E-06-0.00000000E+00
97 17 3.56417923E-01-6.00700506E-02-6.07248931E-06-0.00000000E+00-7.44508423E-01
97 18-6.69222338E-01-7.32479148E-01 3.56952771E-06-0.00000000E+00-0.00000000E+00
97 19 8.70372651E-02-1.68559914E-01 8.70421756E-02-1.68572742E-01 8.70465718E-02
97 20-1.68573044E-01 8.70331229E-02-1.68554391E-01 8.70365133E-02-1.68565539E-01
97 21 8.70328885E-02-1.68559799E-01
98  1-2.77660916E-01 1.73724072E+00-3.14642159E-02-2.09515213E-02-0.00000000E+00
98  2 7.96394820E-01 5.57872285E-02 7.35023637E-02-0.00000000E+00-1.06005447E+00
98  3-1.04485798E+00-1.08211617E+00-9.41970166E-03-0.00000000E+00-0.00000000E+00
98  4-1.17662486E-01 7.36177269E-01-1.42938398E-01-9.91027462E-02-0.00000000E+00
98  5 3.37506609E-01 8.40831621E-02 9.33522008E-02-0.00000000E+00-3.49889852E-01
98  6-5.42093950E-01-4.58560352E-01-6.22187258E-02-0.00000000E+00-0.00000000E+00
98  7 1.59993112E-01-1.00100971E+00-1.95287172E-02-1.56564813E-01-0.00000000E+00
98  8-4.58942588E-01 5.27762805E-02 1.07932810E-01-0.00000000E+00 6.08321612E-01
98  9 6.04565553E-01 6.23533688E-01 1.14902410E-01-0.00000000E+00-0.00000000E+00
98 10 2.77642063E-01-1.73710928E+00-3.14679484E-02-2.09563893E-02-0.00000000E+00
98 11-7.96362126E-01 5.57909040E-02 7.35060975E-02-0.00000000E+00 1.05998676E+00
98 12 1.04478451E+00 1.08204365E+00 9.42075646E-03-0.00000000E+00-0.00000000E+00
98 13 1.17640058E-01-7.36023635E-01-1.42935640E-01-9.91064965E-02-0.00000000E+00
98 14-3.37453437E-01 8.40817213E-02 9.33578562E-02-0.00000000E+00 3.49807418E-01
98 15 5.42004685E-01 4.58473257E-01 6.22229025E-02-0.00000000E+00-0.00000000E+00
98 16-1.60011419E-01 1.00114295E+00-1.95202091E-02-1.56566571E-01-0.00000000E+00
98 17 4.58969647E-01 5.27663359E-02 1.07932405E-01-0.00000000E+00-6.08393992E-01
98 18-6.04629714E-01-6.23605337E-01-1.14899738E-01-0.00000000E+00-0.00000000E+00
98 19 4.77330318E-02-7.24722626E-02-6.49041901E-02 9.85381457E-02-1.12632811E-01
98 20 1.71006532E-01 6.49123268E-02-9.85553126E-02-4.77217037E-02 7.24511363E-02
98 21 1.12640139E-01-1.71021836E-01
99  1 2.44493590E-02-1.52968069E-01-1.63459218E-01 9.78196881E-02 0.00000000E+00
99  2-7.01312635E-02 1.09686531E-01-7.26369599E-02 0.00000000E+00-1.23029915E-02
99  3 1.97651740E-01 9.52851882E-02-6.96043778E-02 0.00000000E+00 0.00000000E+00
99  4 2.52675750E-01-1.58090913E+00-8.53115884E-02-1.36523747E-02 0.00000000E+00
99  5-7.24763395E-01 8.98480826E-02-4.43416171E-02 0.00000000E+00 1.00068744E+00
99  6 9.14815678E-01 9.84742991E-01-3.25861452E-02 0.00000000E+00 0.00000000E+00
99  7 2.28224792E-01-1.42793070E+00-2.78494466E-02 1.09759392E-01 0.00000000E+00
99  8-6.54616675E-01 7.52565825E-02-7.56666797E-02 0.00000000E+00 8.67756572E-01
99  9 8.62389088E-01 8.89452004E-01-8.05492246E-02 0.00000000E+00 0.00000000E+00
99 10-2.44528510E-02 1.53000241E-01-1.63459925E-01 9.78141314E-02 0.00000000E+00
99 11 7.01237836E-02 1.09687238E-01-7.26294475E-02 0.00000000E+00 1.22929032E-02
99 12-1.97666980E-01-9.52998072E-02 6.96040185E-02 0.00000000E+00 0.00000000E+00
99 13-2.52683180E-01 1.58095860E+00-8.53126373E-02-1.36526147E-02 0.00000000E+00
99 14 7.24783644E-01 8.98490652E-02-4.43422371E-02 0.00000000E+00-1.00071833E+00
99 15-9.14842646E-01-9.84771898E-01 3.25847215E-02 0.00000000E+00 0.00000000E+00
99 16-2.28230607E-01 1.42796793E+00-2.78494151E-02 1.09762666E-01 0.00000000E+00
99 17 6.54634336E-01 7.52566140E-02-7.56694776E-02 0.00000000E+00-8.67780187E-01
99 18-8.62408518E-01-8.89473704E-01 8.05515877E-02 0.00000000E+00 0.00000000E+00
99 19-1.02503099E-01 1.55628102E-01-9.25833249E-02 1.40569228E-01 9.92006241E-03
99 20-1.50631467E-02 9.25861459E-02-1.40574139E-01 1.02504027E-01-1.55632368E-01
99 21-9.91826222E-03 1.50587413E-02
 0  1 2.69177788E-02-1.60074478E-01 1.76527341E-01-8.40328742E-02-0.00000000E+00
 0  2-1.68847047E-01-1.82424895E-01 6.48750375E-02-0.00000000E+00 2.32690368E-01
 0  3 4.90448312E-03 1.00655133E-01 6.09571986E-02-0.00000000E+00-0.00000000E+00
 0  4-2.54807441E-01 1.51526294E+00 3.04069962E-03-1.67559550E-01-0.00000000E+00
 0  5 1.59837111E+00-9.71391118E-02 3.26812878E-01-0.00000000E+00-1.13263225E+00
 0  6-1.11648968E+00-9.52810237E-01-1.36366270E-01-0.00000000E+00-0.00000000E+00
 0  7 2.27889560E-01-1.35519128E+00-1.31139769E-01-1.13752002E-01-0.00000000E+00
 0  8-1.42952009E+00 2.96567289E-01 1.11142313E-01-0.00000000E+00 9.10680933E-01
 0  9 1.10084545E+00 8.52155491E-01 8.42619414E-02-0.00000000E+00-0.00000000E+00
 0 10 2.69154955E-02-1.60056157E-01-1.76525021E-01 8.40287744E-02-0.00000000E+00
 0 11-1.68840877E-01 1.82418748E-01-6.48731252E-02-0.00000000E+00 2.32683590E-01
 0 12 4.89503475E-03 1.00645460E-01 6.09574413E-02-0.00000000E+00-0.00000000E+00
 0 13-2.54807044E-01 1.51526094E+00-3.04056341E-03 1.67560118E-01-0.00000000E+00
 0 14 1.59836394E+00 9.71355845E-02-3.26812187E-01-0.00000000E+00-1.13263232E+00
 0 15-1.11648720E+00-9.52808847E-01-1.36369253E-01-0.00000000E+00-0.00000000E+00
 0 16 2.27891898E-01-1.35520434E+00 1.31140974E-01 1.13751705E-01-0.00000000E+00
 0 17-1.42952949E+00-2.96566553E-01-1.11141260E-01-0.00000000E+00 9.10689057E-01
 0 18 1.10085584E+00 8.52163786E-01 8.42602521E-02-0.00000000E+00-0.00000000E+00
 0 19 8.33562783E-02-1.47457299E-01-7.45503816E-02 1.31879697E-01-8.80500314E-03
 0 20 1.55768043E-02-7.45506705E-02 1.31881637E-01 8.33537414E-02-1.47455838E-01
 0 21-8.80589831E-03 1.55777467E-02
 1  1-2.78685570E-01 1.65726198E+00-6.38804808E-02-1.48295551E-01 0.00000000E+00
 1  2 1.74814394E+00 1.65403721E-01 3.23276460E-01 0.00000000E+00-1.27762681E+00
 1  3-1.18226367E+00-1.04209823E+00 1.23249354E-01 0.00000000E+00 0.00000000E+00
 1  4 1.16032291E-01-6.90011865E-01-1.87706165E-01-3.12727329E-02 0.00000000E+00
 1  5-7.27843924E-01 2.26275472E-01-4.37170797E-02 0.00000000E+00 6.35301871E-01
 1  6 3.88887004E-01 4.33883988E-01-1.75877783E-02 0.00000000E+00 0.00000000E+00
 1  7 1.62654495E-01-9.67263335E-01-9.35978478E-02 1.59365273E-01 0.00000000E+00
 1  8-1.02029739E+00 2.11674573E-01-1.55709408E-01 0.00000000E+00 6.49992262E-01
 1  9 7.85716879E-01 6.08221014E-01-1.18057689E-01 0.00000000E+00 0.00000000E+00
 1 10-2.78685542E-01 1.65726761E+00 6.38831113E-02 1.48292202E-01 0.00000000E+00
 1 11 1.74814814E+00-1.65407691E-01-3.23277842E-01 0.00000000E+00-1.27762563E+00
 1 12-1.18226458E+00-1.04209998E+00 1.23244661E-01 0.00000000E+00 0.00000000E+00
 1 13 1.16032330E-01-6.90009876E-01 1.87705060E-01 3.12727430E-02 0.00000000E+00
 1 14-7.27855588E-01-2.26281093E-01 4.37204160E-02 0.00000000E+00 6.35300923E-01
 1 15 3.88886510E-01 4.33883941E-01-1.75858297E-02 0.00000000E+00 0.00000000E+00
 1 16 1.62651853E-01-9.67240775E-01 9.36011458E-02-1.59371698E-01 0.00000000E+00
 1 17-1.02028953E+00-2.11670812E-01 1.55710093E-01 0.00000000E+00 6.49982130E-01
 1 18 7.85707396E-01 6.08209141E-01-1.18058667E-01 0.00000000E+00 0.00000000E+00
 1 19-3.79578692E-02 6.71479943E-02-5.32094439E-02 9.41266164E-02 9.11692892E-02
 1 20-1.61276773E-01-5.32084053E-02 9.41260450E-02-3.79571227E-02 6.71452629E-02
 1 21 9.11685617E-02-1.61276292E-01
 2  1 2.15297465E-01-1.02185260E+00 8.27958040E-02 1.43413766E-01 0.00000000E+00
 2  2-3.55850074E+00-7.52212247E-01-1.30289522E+00 0.00000000E+00 1.04812388E+00
 2  3 8.85583895E-01 7.37025238E-01-1.62537771E-01 0.00000000E+00 0.00000000E+00
 2  4-2.15296420E-01 1.02183759E+00 8.27996750E-02-1.43414606E-01 0.00000000E+00
 2  5 3.55849933E+00-7.52227082E-01 1.30290648E+00 0.00000000E+00-1.04811373E+00
 2  6-8.85578143E-01-7.37021016E-01-1.62537304E-01 0.00000000E+00 0.00000000E+00
 2  7 2.15295452E-01-1.02184132E+00-1.65596394E-01-7.56652520E-06 0.00000000E+00
 2  8-3.55848435E+00 1.50444499E+00 2.30395262E-05 0.00000000E+00 8.04307659E-01
 2  9 1.12937778E+00 7.37018933E-01-5.98034313E-07 0.00000000E+00 0.00000000E+00
 2 10-2.15296034E-01 1.02184498E+00 8.28002124E-02 1.43408661E-01 0.00000000E+00
 2 11 3.55846121E+00-7.52220132E-01-1.30289147E+00 0.00000000E+00-1.04811334E+00
 2 12-8.85574326E-01-7.37022179E-01 1.62532322E-01 0.00000000E+00 0.00000000E+00
 2 13 2.15295727E-01-1.02183865E+00 8.27974649E-02-1.43414086E-01 0.00000000E+00
 2 14-3.55850249E+00-7.52230653E-01 1.30288839E+00 0.00000000E+00 1.04811032E+00
 2 15 8.85578748E-01 7.37018692E-01 1.62539723E-01 0.00000000E+00 0.00000000E+00
 2 16-2.15297062E-01 1.02183936E+00-1.65601840E-01-1.01460261E-06 0.00000000E+00
 2 17 3.55851281E+00 1.50446453E+00 1.44270005E-05 0.00000000E+00-8.04310581E-01
 2 18-1.12938830E+00-7.37022636E-01 3.28574175E-06 0.00000000E+00 0.00000000E+00
 2 19 8.80304561E-02 1.37249606E-01-8.80293833E-02-1.37242732E-01 8.80314404E-02
 2 20 1.37246512E-01 8.80301153E-02 1.37248260E-01-8.80281240E-02-1.37242373E-01
 2 21-8.80312379E-02-1.37240911E-01
 $END   
 POPULATION ANALYSIS
C            6.19999  -0.19999   6.16417  -0.16417
C            6.19999  -0.19999   6.16417  -0.16417
C            6.19999  -0.19999   6.16067  -0.16067
C            6.19999  -0.19999   6.16417  -0.16417
C            6.19999  -0.19999   6.16417  -0.16417
C            6.19999  -0.19999   6.16068  -0.16068
H            0.80001   0.19999   0.83616   0.16384
H            0.80001   0.19999   0.83867   0.16133
H            0.80001   0.19999   0.83616   0.16384
H            0.80001   0.19999   0.83867   0.16133
H            0.80001   0.19999   0.83616   0.16384
H            0.80002   0.19998   0.83616   0.16384
 MOMENTS AT POINT    1 X,Y,Z=  1.317120  2.281347  0.000000
 DIPOLE       0.000001 -0.000003  0.000000
